/share/home/mitan/.conda/envs/data-proc/lib/python3.10/site-packages/spikeinterface/postprocessing/template_similarity.py:345: NumbaTypeSafetyWarning: [1m[1m[1munsafe cast from uint64 to int64. Precision may be lost.[0m[0m[0m
  overlapping_ids = overlapping_j_list[i]
/share/home/mitan/.conda/envs/data-proc/lib/python3.10/site-packages/spikeinterface/core/sortinganalyzer.py:494: UserWarning: Recording not provided, instantiating SortingAnalyzer in recordingless mode.
  warnings.warn("Recording not provided, instantiating SortingAnalyzer in recordingless mode.")
/share/home/mitan/.conda/envs/data-proc/lib/python3.10/site-packages/spikeinterface/core/sortinganalyzer.py:494: UserWarning: Recording not provided, instantiating SortingAnalyzer in recordingless mode.
  warnings.warn("Recording not provided, instantiating SortingAnalyzer in recordingless mode.")
/share/home/mitan/.conda/envs/data-proc/lib/python3.10/site-packages/spikeinterface/core/sortinganalyzer.py:494: UserWarning: Recording not provided, instantiating SortingAnalyzer in recordingless mode.
  warnings.warn("Recording not provided, instantiating SortingAnalyzer in recordingless mode.")
/share/home/mitan/.conda/envs/data-proc/lib/python3.10/site-packages/spikeinterface/core/sortinganalyzer.py:494: UserWarning: Recording not provided, instantiating SortingAnalyzer in recordingless mode.
  warnings.warn("Recording not provided, instantiating SortingAnalyzer in recordingless mode.")
/share/home/mitan/.conda/envs/data-proc/lib/python3.10/site-packages/spikeinterface/core/sortinganalyzer.py:494: UserWarning: Recording not provided, instantiating SortingAnalyzer in recordingless mode.
  warnings.warn("Recording not provided, instantiating SortingAnalyzer in recordingless mode.")
/share/home/mitan/.conda/envs/data-proc/lib/python3.10/site-packages/spikeinterface/core/sortinganalyzer.py:494: UserWarning: Recording not provided, instantiating SortingAnalyzer in recordingless mode.
  warnings.warn("Recording not provided, instantiating SortingAnalyzer in recordingless mode.")
/share/home/mitan/.conda/envs/data-proc/lib/python3.10/site-packages/spikeinterface/core/sortinganalyzer.py:494: UserWarning: Recording not provided, instantiating SortingAnalyzer in recordingless mode.
  warnings.warn("Recording not provided, instantiating SortingAnalyzer in recordingless mode.")
/share/home/mitan/.conda/envs/data-proc/lib/python3.10/site-packages/spikeinterface/core/sortinganalyzer.py:494: UserWarning: Recording not provided, instantiating SortingAnalyzer in recordingless mode.
  warnings.warn("Recording not provided, instantiating SortingAnalyzer in recordingless mode.")
/share/home/mitan/.conda/envs/data-proc/lib/python3.10/site-packages/spikeinterface/core/sortinganalyzer.py:494: UserWarning: Recording not provided, instantiating SortingAnalyzer in recordingless mode.
  warnings.warn("Recording not provided, instantiating SortingAnalyzer in recordingless mode.")
/share/home/mitan/.conda/envs/data-proc/lib/python3.10/site-packages/spikeinterface/core/sortinganalyzer.py:494: UserWarning: Recording not provided, instantiating SortingAnalyzer in recordingless mode.
  warnings.warn("Recording not provided, instantiating SortingAnalyzer in recordingless mode.")
/share/home/mitan/.conda/envs/data-proc/lib/python3.10/site-packages/spikeinterface/core/sortinganalyzer.py:494: UserWarning: Recording not provided, instantiating SortingAnalyzer in recordingless mode.
  warnings.warn("Recording not provided, instantiating SortingAnalyzer in recordingless mode.")
/share/home/mitan/.conda/envs/data-proc/lib/python3.10/site-packages/spikeinterface/core/sortinganalyzer.py:494: UserWarning: Recording not provided, instantiating SortingAnalyzer in recordingless mode.
  warnings.warn("Recording not provided, instantiating SortingAnalyzer in recordingless mode.")
/share/home/mitan/.conda/envs/data-proc/lib/python3.10/site-packages/spikeinterface/core/sortinganalyzer.py:494: UserWarning: Recording not provided, instantiating SortingAnalyzer in recordingless mode.
  warnings.warn("Recording not provided, instantiating SortingAnalyzer in recordingless mode.")
/share/home/mitan/.conda/envs/data-proc/lib/python3.10/site-packages/spikeinterface/core/sortinganalyzer.py:494: UserWarning: Recording not provided, instantiating SortingAnalyzer in recordingless mode.
  warnings.warn("Recording not provided, instantiating SortingAnalyzer in recordingless mode.")
/share/home/mitan/.conda/envs/data-proc/lib/python3.10/site-packages/spikeinterface/core/sortinganalyzer.py:494: UserWarning: Recording not provided, instantiating SortingAnalyzer in recordingless mode.
  warnings.warn("Recording not provided, instantiating SortingAnalyzer in recordingless mode.")
/share/home/mitan/.conda/envs/data-proc/lib/python3.10/site-packages/spikeinterface/core/sortinganalyzer.py:494: UserWarning: Recording not provided, instantiating SortingAnalyzer in recordingless mode.
  warnings.warn("Recording not provided, instantiating SortingAnalyzer in recordingless mode.")
/share/home/mitan/.conda/envs/data-proc/lib/python3.10/site-packages/spikeinterface/core/sortinganalyzer.py:494: UserWarning: Recording not provided, instantiating SortingAnalyzer in recordingless mode.
  warnings.warn("Recording not provided, instantiating SortingAnalyzer in recordingless mode.")
/share/home/mitan/.conda/envs/data-proc/lib/python3.10/site-packages/spikeinterface/core/sortinganalyzer.py:494: UserWarning: Recording not provided, instantiating SortingAnalyzer in recordingless mode.
  warnings.warn("Recording not provided, instantiating SortingAnalyzer in recordingless mode.")
/share/home/mitan/.conda/envs/data-proc/lib/python3.10/site-packages/spikeinterface/core/sortinganalyzer.py:494: UserWarning: Recording not provided, instantiating SortingAnalyzer in recordingless mode.
  warnings.warn("Recording not provided, instantiating SortingAnalyzer in recordingless mode.")
/share/home/mitan/.conda/envs/data-proc/lib/python3.10/site-packages/spikeinterface/core/sortinganalyzer.py:494: UserWarning: Recording not provided, instantiating SortingAnalyzer in recordingless mode.
  warnings.warn("Recording not provided, instantiating SortingAnalyzer in recordingless mode.")
/share/home/mitan/.conda/envs/data-proc/lib/python3.10/site-packages/spikeinterface/core/sortinganalyzer.py:494: UserWarning: Recording not provided, instantiating SortingAnalyzer in recordingless mode.
  warnings.warn("Recording not provided, instantiating SortingAnalyzer in recordingless mode.")
/share/home/mitan/.conda/envs/data-proc/lib/python3.10/site-packages/spikeinterface/core/sortinganalyzer.py:494: UserWarning: Recording not provided, instantiating SortingAnalyzer in recordingless mode.
  warnings.warn("Recording not provided, instantiating SortingAnalyzer in recordingless mode.")
/share/home/mitan/.conda/envs/data-proc/lib/python3.10/site-packages/spikeinterface/core/sortinganalyzer.py:494: UserWarning: Recording not provided, instantiating SortingAnalyzer in recordingless mode.
  warnings.warn("Recording not provided, instantiating SortingAnalyzer in recordingless mode.")
/share/home/mitan/.conda/envs/data-proc/lib/python3.10/site-packages/spikeinterface/core/sortinganalyzer.py:494: UserWarning: Recording not provided, instantiating SortingAnalyzer in recordingless mode.
  warnings.warn("Recording not provided, instantiating SortingAnalyzer in recordingless mode.")
/share/home/mitan/.conda/envs/data-proc/lib/python3.10/site-packages/spikeinterface/core/sortinganalyzer.py:494: UserWarning: Recording not provided, instantiating SortingAnalyzer in recordingless mode.
  warnings.warn("Recording not provided, instantiating SortingAnalyzer in recordingless mode.")
/share/home/mitan/.conda/envs/data-proc/lib/python3.10/site-packages/spikeinterface/core/sortinganalyzer.py:494: UserWarning: Recording not provided, instantiating SortingAnalyzer in recordingless mode.
  warnings.warn("Recording not provided, instantiating SortingAnalyzer in recordingless mode.")
/share/home/mitan/.conda/envs/data-proc/lib/python3.10/site-packages/spikeinterface/core/sortinganalyzer.py:494: UserWarning: Recording not provided, instantiating SortingAnalyzer in recordingless mode.
  warnings.warn("Recording not provided, instantiating SortingAnalyzer in recordingless mode.")
/share/home/mitan/.conda/envs/data-proc/lib/python3.10/site-packages/spikeinterface/core/sortinganalyzer.py:494: UserWarning: Recording not provided, instantiating SortingAnalyzer in recordingless mode.
  warnings.warn("Recording not provided, instantiating SortingAnalyzer in recordingless mode.")
/share/home/mitan/.conda/envs/data-proc/lib/python3.10/site-packages/spikeinterface/core/sortinganalyzer.py:494: UserWarning: Recording not provided, instantiating SortingAnalyzer in recordingless mode.
  warnings.warn("Recording not provided, instantiating SortingAnalyzer in recordingless mode.")
/share/home/mitan/.conda/envs/data-proc/lib/python3.10/site-packages/spikeinterface/core/sortinganalyzer.py:494: UserWarning: Recording not provided, instantiating SortingAnalyzer in recordingless mode.
  warnings.warn("Recording not provided, instantiating SortingAnalyzer in recordingless mode.")
/share/home/mitan/.conda/envs/data-proc/lib/python3.10/site-packages/spikeinterface/core/sortinganalyzer.py:494: UserWarning: Recording not provided, instantiating SortingAnalyzer in recordingless mode.
  warnings.warn("Recording not provided, instantiating SortingAnalyzer in recordingless mode.")
/share/home/mitan/.conda/envs/data-proc/lib/python3.10/site-packages/spikeinterface/core/sortinganalyzer.py:494: UserWarning: Recording not provided, instantiating SortingAnalyzer in recordingless mode.
  warnings.warn("Recording not provided, instantiating SortingAnalyzer in recordingless mode.")
/share/home/mitan/.conda/envs/data-proc/lib/python3.10/site-packages/spikeinterface/core/sortinganalyzer.py:494: UserWarning: Recording not provided, instantiating SortingAnalyzer in recordingless mode.
  warnings.warn("Recording not provided, instantiating SortingAnalyzer in recordingless mode.")
/share/home/mitan/.conda/envs/data-proc/lib/python3.10/site-packages/spikeinterface/core/sortinganalyzer.py:494: UserWarning: Recording not provided, instantiating SortingAnalyzer in recordingless mode.
  warnings.warn("Recording not provided, instantiating SortingAnalyzer in recordingless mode.")
/share/home/mitan/.conda/envs/data-proc/lib/python3.10/site-packages/spikeinterface/core/sortinganalyzer.py:494: UserWarning: Recording not provided, instantiating SortingAnalyzer in recordingless mode.
  warnings.warn("Recording not provided, instantiating SortingAnalyzer in recordingless mode.")
/share/home/mitan/.conda/envs/data-proc/lib/python3.10/site-packages/spikeinterface/core/sortinganalyzer.py:494: UserWarning: Recording not provided, instantiating SortingAnalyzer in recordingless mode.
  warnings.warn("Recording not provided, instantiating SortingAnalyzer in recordingless mode.")
/share/home/mitan/.conda/envs/data-proc/lib/python3.10/site-packages/spikeinterface/core/sortinganalyzer.py:494: UserWarning: Recording not provided, instantiating SortingAnalyzer in recordingless mode.
  warnings.warn("Recording not provided, instantiating SortingAnalyzer in recordingless mode.")
/share/home/mitan/.conda/envs/data-proc/lib/python3.10/site-packages/spikeinterface/core/sortinganalyzer.py:494: UserWarning: Recording not provided, instantiating SortingAnalyzer in recordingless mode.
  warnings.warn("Recording not provided, instantiating SortingAnalyzer in recordingless mode.")
/share/home/mitan/.conda/envs/data-proc/lib/python3.10/site-packages/spikeinterface/core/sortinganalyzer.py:494: UserWarning: Recording not provided, instantiating SortingAnalyzer in recordingless mode.
  warnings.warn("Recording not provided, instantiating SortingAnalyzer in recordingless mode.")
/share/home/mitan/.conda/envs/data-proc/lib/python3.10/site-packages/spikeinterface/core/sortinganalyzer.py:494: UserWarning: Recording not provided, instantiating SortingAnalyzer in recordingless mode.
  warnings.warn("Recording not provided, instantiating SortingAnalyzer in recordingless mode.")
/share/home/mitan/.conda/envs/data-proc/lib/python3.10/site-packages/spikeinterface/core/sortinganalyzer.py:494: UserWarning: Recording not provided, instantiating SortingAnalyzer in recordingless mode.
  warnings.warn("Recording not provided, instantiating SortingAnalyzer in recordingless mode.")
/share/home/mitan/.conda/envs/data-proc/lib/python3.10/site-packages/spikeinterface/core/sortinganalyzer.py:494: UserWarning: Recording not provided, instantiating SortingAnalyzer in recordingless mode.
  warnings.warn("Recording not provided, instantiating SortingAnalyzer in recordingless mode.")
/share/home/mitan/.conda/envs/data-proc/lib/python3.10/site-packages/spikeinterface/core/sortinganalyzer.py:494: UserWarning: Recording not provided, instantiating SortingAnalyzer in recordingless mode.
  warnings.warn("Recording not provided, instantiating SortingAnalyzer in recordingless mode.")
/share/home/mitan/.conda/envs/data-proc/lib/python3.10/site-packages/spikeinterface/core/sortinganalyzer.py:494: UserWarning: Recording not provided, instantiating SortingAnalyzer in recordingless mode.
  warnings.warn("Recording not provided, instantiating SortingAnalyzer in recordingless mode.")
/share/home/mitan/.conda/envs/data-proc/lib/python3.10/site-packages/spikeinterface/core/sortinganalyzer.py:494: UserWarning: Recording not provided, instantiating SortingAnalyzer in recordingless mode.
  warnings.warn("Recording not provided, instantiating SortingAnalyzer in recordingless mode.")
/share/home/mitan/.conda/envs/data-proc/lib/python3.10/site-packages/spikeinterface/core/sortinganalyzer.py:494: UserWarning: Recording not provided, instantiating SortingAnalyzer in recordingless mode.
  warnings.warn("Recording not provided, instantiating SortingAnalyzer in recordingless mode.")
/share/home/mitan/.conda/envs/data-proc/lib/python3.10/site-packages/spikeinterface/core/sortinganalyzer.py:494: UserWarning: Recording not provided, instantiating SortingAnalyzer in recordingless mode.
  warnings.warn("Recording not provided, instantiating SortingAnalyzer in recordingless mode.")
/share/home/mitan/.conda/envs/data-proc/lib/python3.10/site-packages/spikeinterface/core/sortinganalyzer.py:494: UserWarning: Recording not provided, instantiating SortingAnalyzer in recordingless mode.
  warnings.warn("Recording not provided, instantiating SortingAnalyzer in recordingless mode.")
/share/home/mitan/.conda/envs/data-proc/lib/python3.10/site-packages/spikeinterface/core/sortinganalyzer.py:494: UserWarning: Recording not provided, instantiating SortingAnalyzer in recordingless mode.
  warnings.warn("Recording not provided, instantiating SortingAnalyzer in recordingless mode.")
/share/home/mitan/.conda/envs/data-proc/lib/python3.10/site-packages/spikeinterface/core/sortinganalyzer.py:494: UserWarning: Recording not provided, instantiating SortingAnalyzer in recordingless mode.
  warnings.warn("Recording not provided, instantiating SortingAnalyzer in recordingless mode.")
/share/home/mitan/.conda/envs/data-proc/lib/python3.10/site-packages/spikeinterface/core/sortinganalyzer.py:494: UserWarning: Recording not provided, instantiating SortingAnalyzer in recordingless mode.
  warnings.warn("Recording not provided, instantiating SortingAnalyzer in recordingless mode.")
/share/home/mitan/.conda/envs/data-proc/lib/python3.10/site-packages/spikeinterface/core/sortinganalyzer.py:494: UserWarning: Recording not provided, instantiating SortingAnalyzer in recordingless mode.
  warnings.warn("Recording not provided, instantiating SortingAnalyzer in recordingless mode.")
/share/home/mitan/.conda/envs/data-proc/lib/python3.10/site-packages/spikeinterface/core/sortinganalyzer.py:494: UserWarning: Recording not provided, instantiating SortingAnalyzer in recordingless mode.
  warnings.warn("Recording not provided, instantiating SortingAnalyzer in recordingless mode.")
/share/home/mitan/.conda/envs/data-proc/lib/python3.10/site-packages/spikeinterface/core/sortinganalyzer.py:494: UserWarning: Recording not provided, instantiating SortingAnalyzer in recordingless mode.
  warnings.warn("Recording not provided, instantiating SortingAnalyzer in recordingless mode.")
/share/home/mitan/.conda/envs/data-proc/lib/python3.10/site-packages/spikeinterface/core/sortinganalyzer.py:494: UserWarning: Recording not provided, instantiating SortingAnalyzer in recordingless mode.
  warnings.warn("Recording not provided, instantiating SortingAnalyzer in recordingless mode.")
/share/home/mitan/.conda/envs/data-proc/lib/python3.10/site-packages/spikeinterface/core/sortinganalyzer.py:494: UserWarning: Recording not provided, instantiating SortingAnalyzer in recordingless mode.
  warnings.warn("Recording not provided, instantiating SortingAnalyzer in recordingless mode.")
/share/home/mitan/.conda/envs/data-proc/lib/python3.10/site-packages/spikeinterface/core/sortinganalyzer.py:494: UserWarning: Recording not provided, instantiating SortingAnalyzer in recordingless mode.
  warnings.warn("Recording not provided, instantiating SortingAnalyzer in recordingless mode.")
/share/home/mitan/.conda/envs/data-proc/lib/python3.10/site-packages/spikeinterface/core/sortinganalyzer.py:494: UserWarning: Recording not provided, instantiating SortingAnalyzer in recordingless mode.
  warnings.warn("Recording not provided, instantiating SortingAnalyzer in recordingless mode.")
/share/home/mitan/.conda/envs/data-proc/lib/python3.10/site-packages/spikeinterface/core/sortinganalyzer.py:494: UserWarning: Recording not provided, instantiating SortingAnalyzer in recordingless mode.
  warnings.warn("Recording not provided, instantiating SortingAnalyzer in recordingless mode.")
/share/home/mitan/.conda/envs/data-proc/lib/python3.10/site-packages/spikeinterface/core/sortinganalyzer.py:494: UserWarning: Recording not provided, instantiating SortingAnalyzer in recordingless mode.
  warnings.warn("Recording not provided, instantiating SortingAnalyzer in recordingless mode.")
/share/home/mitan/.conda/envs/data-proc/lib/python3.10/site-packages/spikeinterface/core/sortinganalyzer.py:494: UserWarning: Recording not provided, instantiating SortingAnalyzer in recordingless mode.
  warnings.warn("Recording not provided, instantiating SortingAnalyzer in recordingless mode.")
/share/home/mitan/.conda/envs/data-proc/lib/python3.10/site-packages/spikeinterface/core/sortinganalyzer.py:494: UserWarning: Recording not provided, instantiating SortingAnalyzer in recordingless mode.
  warnings.warn("Recording not provided, instantiating SortingAnalyzer in recordingless mode.")
/share/home/mitan/.conda/envs/data-proc/lib/python3.10/site-packages/spikeinterface/core/sortinganalyzer.py:494: UserWarning: Recording not provided, instantiating SortingAnalyzer in recordingless mode.
  warnings.warn("Recording not provided, instantiating SortingAnalyzer in recordingless mode.")
/share/home/mitan/.conda/envs/data-proc/lib/python3.10/site-packages/spikeinterface/core/sortinganalyzer.py:494: UserWarning: Recording not provided, instantiating SortingAnalyzer in recordingless mode.
  warnings.warn("Recording not provided, instantiating SortingAnalyzer in recordingless mode.")
/share/home/mitan/.conda/envs/data-proc/lib/python3.10/site-packages/spikeinterface/core/sortinganalyzer.py:494: UserWarning: Recording not provided, instantiating SortingAnalyzer in recordingless mode.
  warnings.warn("Recording not provided, instantiating SortingAnalyzer in recordingless mode.")
/share/home/mitan/.conda/envs/data-proc/lib/python3.10/site-packages/spikeinterface/core/sortinganalyzer.py:494: UserWarning: Recording not provided, instantiating SortingAnalyzer in recordingless mode.
  warnings.warn("Recording not provided, instantiating SortingAnalyzer in recordingless mode.")
/share/home/mitan/.conda/envs/data-proc/lib/python3.10/site-packages/spikeinterface/core/sortinganalyzer.py:494: UserWarning: Recording not provided, instantiating SortingAnalyzer in recordingless mode.
  warnings.warn("Recording not provided, instantiating SortingAnalyzer in recordingless mode.")
/share/home/mitan/.conda/envs/data-proc/lib/python3.10/site-packages/spikeinterface/core/sortinganalyzer.py:494: UserWarning: Recording not provided, instantiating SortingAnalyzer in recordingless mode.
  warnings.warn("Recording not provided, instantiating SortingAnalyzer in recordingless mode.")
/share/home/mitan/.conda/envs/data-proc/lib/python3.10/site-packages/spikeinterface/core/sortinganalyzer.py:494: UserWarning: Recording not provided, instantiating SortingAnalyzer in recordingless mode.
  warnings.warn("Recording not provided, instantiating SortingAnalyzer in recordingless mode.")
/share/home/mitan/.conda/envs/data-proc/lib/python3.10/site-packages/spikeinterface/core/sortinganalyzer.py:494: UserWarning: Recording not provided, instantiating SortingAnalyzer in recordingless mode.
  warnings.warn("Recording not provided, instantiating SortingAnalyzer in recordingless mode.")
/share/home/mitan/.conda/envs/data-proc/lib/python3.10/site-packages/spikeinterface/core/sortinganalyzer.py:494: UserWarning: Recording not provided, instantiating SortingAnalyzer in recordingless mode.
  warnings.warn("Recording not provided, instantiating SortingAnalyzer in recordingless mode.")
/share/home/mitan/.conda/envs/data-proc/lib/python3.10/site-packages/spikeinterface/core/sortinganalyzer.py:494: UserWarning: Recording not provided, instantiating SortingAnalyzer in recordingless mode.
  warnings.warn("Recording not provided, instantiating SortingAnalyzer in recordingless mode.")
/share/home/mitan/.conda/envs/data-proc/lib/python3.10/site-packages/spikeinterface/core/sortinganalyzer.py:494: UserWarning: Recording not provided, instantiating SortingAnalyzer in recordingless mode.
  warnings.warn("Recording not provided, instantiating SortingAnalyzer in recordingless mode.")
/share/home/mitan/.conda/envs/data-proc/lib/python3.10/site-packages/spikeinterface/core/sortinganalyzer.py:494: UserWarning: Recording not provided, instantiating SortingAnalyzer in recordingless mode.
  warnings.warn("Recording not provided, instantiating SortingAnalyzer in recordingless mode.")
/share/home/mitan/.conda/envs/data-proc/lib/python3.10/site-packages/spikeinterface/core/sortinganalyzer.py:494: UserWarning: Recording not provided, instantiating SortingAnalyzer in recordingless mode.
  warnings.warn("Recording not provided, instantiating SortingAnalyzer in recordingless mode.")
/share/home/mitan/.conda/envs/data-proc/lib/python3.10/site-packages/spikeinterface/core/sortinganalyzer.py:494: UserWarning: Recording not provided, instantiating SortingAnalyzer in recordingless mode.
  warnings.warn("Recording not provided, instantiating SortingAnalyzer in recordingless mode.")
/share/home/mitan/.conda/envs/data-proc/lib/python3.10/site-packages/spikeinterface/core/sortinganalyzer.py:494: UserWarning: Recording not provided, instantiating SortingAnalyzer in recordingless mode.
  warnings.warn("Recording not provided, instantiating SortingAnalyzer in recordingless mode.")
/share/home/mitan/.conda/envs/data-proc/lib/python3.10/site-packages/spikeinterface/core/sortinganalyzer.py:494: UserWarning: Recording not provided, instantiating SortingAnalyzer in recordingless mode.
  warnings.warn("Recording not provided, instantiating SortingAnalyzer in recordingless mode.")
/share/home/mitan/.conda/envs/data-proc/lib/python3.10/site-packages/spikeinterface/core/sortinganalyzer.py:494: UserWarning: Recording not provided, instantiating SortingAnalyzer in recordingless mode.
  warnings.warn("Recording not provided, instantiating SortingAnalyzer in recordingless mode.")
/share/home/mitan/.conda/envs/data-proc/lib/python3.10/site-packages/spikeinterface/core/sortinganalyzer.py:494: UserWarning: Recording not provided, instantiating SortingAnalyzer in recordingless mode.
  warnings.warn("Recording not provided, instantiating SortingAnalyzer in recordingless mode.")
/share/home/mitan/.conda/envs/data-proc/lib/python3.10/site-packages/spikeinterface/core/sortinganalyzer.py:494: UserWarning: Recording not provided, instantiating SortingAnalyzer in recordingless mode.
  warnings.warn("Recording not provided, instantiating SortingAnalyzer in recordingless mode.")
/share/home/mitan/.conda/envs/data-proc/lib/python3.10/site-packages/spikeinterface/core/sortinganalyzer.py:494: UserWarning: Recording not provided, instantiating SortingAnalyzer in recordingless mode.
  warnings.warn("Recording not provided, instantiating SortingAnalyzer in recordingless mode.")
/share/home/mitan/.conda/envs/data-proc/lib/python3.10/site-packages/spikeinterface/core/sortinganalyzer.py:494: UserWarning: Recording not provided, instantiating SortingAnalyzer in recordingless mode.
  warnings.warn("Recording not provided, instantiating SortingAnalyzer in recordingless mode.")
/share/home/mitan/.conda/envs/data-proc/lib/python3.10/site-packages/spikeinterface/core/sortinganalyzer.py:494: UserWarning: Recording not provided, instantiating SortingAnalyzer in recordingless mode.
  warnings.warn("Recording not provided, instantiating SortingAnalyzer in recordingless mode.")
/share/home/mitan/.conda/envs/data-proc/lib/python3.10/site-packages/spikeinterface/core/sortinganalyzer.py:494: UserWarning: Recording not provided, instantiating SortingAnalyzer in recordingless mode.
  warnings.warn("Recording not provided, instantiating SortingAnalyzer in recordingless mode.")
/share/home/mitan/.conda/envs/data-proc/lib/python3.10/site-packages/spikeinterface/core/sortinganalyzer.py:494: UserWarning: Recording not provided, instantiating SortingAnalyzer in recordingless mode.
  warnings.warn("Recording not provided, instantiating SortingAnalyzer in recordingless mode.")
/share/home/mitan/.conda/envs/data-proc/lib/python3.10/site-packages/spikeinterface/core/sortinganalyzer.py:494: UserWarning: Recording not provided, instantiating SortingAnalyzer in recordingless mode.
  warnings.warn("Recording not provided, instantiating SortingAnalyzer in recordingless mode.")
/share/home/mitan/.conda/envs/data-proc/lib/python3.10/site-packages/spikeinterface/core/sortinganalyzer.py:494: UserWarning: Recording not provided, instantiating SortingAnalyzer in recordingless mode.
  warnings.warn("Recording not provided, instantiating SortingAnalyzer in recordingless mode.")
/share/home/mitan/.conda/envs/data-proc/lib/python3.10/site-packages/spikeinterface/core/sortinganalyzer.py:494: UserWarning: Recording not provided, instantiating SortingAnalyzer in recordingless mode.
  warnings.warn("Recording not provided, instantiating SortingAnalyzer in recordingless mode.")
/share/home/mitan/.conda/envs/data-proc/lib/python3.10/site-packages/spikeinterface/core/sortinganalyzer.py:494: UserWarning: Recording not provided, instantiating SortingAnalyzer in recordingless mode.
  warnings.warn("Recording not provided, instantiating SortingAnalyzer in recordingless mode.")
/share/home/mitan/.conda/envs/data-proc/lib/python3.10/site-packages/spikeinterface/core/sortinganalyzer.py:494: UserWarning: Recording not provided, instantiating SortingAnalyzer in recordingless mode.
  warnings.warn("Recording not provided, instantiating SortingAnalyzer in recordingless mode.")
/share/home/mitan/.conda/envs/data-proc/lib/python3.10/site-packages/spikeinterface/core/sortinganalyzer.py:494: UserWarning: Recording not provided, instantiating SortingAnalyzer in recordingless mode.
  warnings.warn("Recording not provided, instantiating SortingAnalyzer in recordingless mode.")
/share/home/mitan/.conda/envs/data-proc/lib/python3.10/site-packages/spikeinterface/core/sortinganalyzer.py:494: UserWarning: Recording not provided, instantiating SortingAnalyzer in recordingless mode.
  warnings.warn("Recording not provided, instantiating SortingAnalyzer in recordingless mode.")
/share/home/mitan/.conda/envs/data-proc/lib/python3.10/site-packages/spikeinterface/core/sortinganalyzer.py:494: UserWarning: Recording not provided, instantiating SortingAnalyzer in recordingless mode.
  warnings.warn("Recording not provided, instantiating SortingAnalyzer in recordingless mode.")
/share/home/mitan/.conda/envs/data-proc/lib/python3.10/site-packages/spikeinterface/core/sortinganalyzer.py:494: UserWarning: Recording not provided, instantiating SortingAnalyzer in recordingless mode.
  warnings.warn("Recording not provided, instantiating SortingAnalyzer in recordingless mode.")
/share/home/mitan/.conda/envs/data-proc/lib/python3.10/site-packages/spikeinterface/core/sortinganalyzer.py:494: UserWarning: Recording not provided, instantiating SortingAnalyzer in recordingless mode.
  warnings.warn("Recording not provided, instantiating SortingAnalyzer in recordingless mode.")
/share/home/mitan/.conda/envs/data-proc/lib/python3.10/site-packages/spikeinterface/core/sortinganalyzer.py:494: UserWarning: Recording not provided, instantiating SortingAnalyzer in recordingless mode.
  warnings.warn("Recording not provided, instantiating SortingAnalyzer in recordingless mode.")
/share/home/mitan/.conda/envs/data-proc/lib/python3.10/site-packages/spikeinterface/core/sortinganalyzer.py:494: UserWarning: Recording not provided, instantiating SortingAnalyzer in recordingless mode.
  warnings.warn("Recording not provided, instantiating SortingAnalyzer in recordingless mode.")
/share/home/mitan/.conda/envs/data-proc/lib/python3.10/site-packages/spikeinterface/core/sortinganalyzer.py:494: UserWarning: Recording not provided, instantiating SortingAnalyzer in recordingless mode.
  warnings.warn("Recording not provided, instantiating SortingAnalyzer in recordingless mode.")
/share/home/mitan/.conda/envs/data-proc/lib/python3.10/site-packages/spikeinterface/core/sortinganalyzer.py:494: UserWarning: Recording not provided, instantiating SortingAnalyzer in recordingless mode.
  warnings.warn("Recording not provided, instantiating SortingAnalyzer in recordingless mode.")
/share/home/mitan/.conda/envs/data-proc/lib/python3.10/site-packages/spikeinterface/core/sortinganalyzer.py:494: UserWarning: Recording not provided, instantiating SortingAnalyzer in recordingless mode.
  warnings.warn("Recording not provided, instantiating SortingAnalyzer in recordingless mode.")
/share/home/mitan/.conda/envs/data-proc/lib/python3.10/site-packages/spikeinterface/core/sortinganalyzer.py:494: UserWarning: Recording not provided, instantiating SortingAnalyzer in recordingless mode.
  warnings.warn("Recording not provided, instantiating SortingAnalyzer in recordingless mode.")
/share/home/mitan/.conda/envs/data-proc/lib/python3.10/site-packages/spikeinterface/core/sortinganalyzer.py:494: UserWarning: Recording not provided, instantiating SortingAnalyzer in recordingless mode.
  warnings.warn("Recording not provided, instantiating SortingAnalyzer in recordingless mode.")
/share/home/mitan/.conda/envs/data-proc/lib/python3.10/site-packages/spikeinterface/core/sortinganalyzer.py:494: UserWarning: Recording not provided, instantiating SortingAnalyzer in recordingless mode.
  warnings.warn("Recording not provided, instantiating SortingAnalyzer in recordingless mode.")
/share/home/mitan/.conda/envs/data-proc/lib/python3.10/site-packages/spikeinterface/core/sortinganalyzer.py:494: UserWarning: Recording not provided, instantiating SortingAnalyzer in recordingless mode.
  warnings.warn("Recording not provided, instantiating SortingAnalyzer in recordingless mode.")
/share/home/mitan/.conda/envs/data-proc/lib/python3.10/site-packages/spikeinterface/core/sortinganalyzer.py:494: UserWarning: Recording not provided, instantiating SortingAnalyzer in recordingless mode.
  warnings.warn("Recording not provided, instantiating SortingAnalyzer in recordingless mode.")
/share/home/mitan/.conda/envs/data-proc/lib/python3.10/site-packages/spikeinterface/core/sortinganalyzer.py:494: UserWarning: Recording not provided, instantiating SortingAnalyzer in recordingless mode.
  warnings.warn("Recording not provided, instantiating SortingAnalyzer in recordingless mode.")
/share/home/mitan/.conda/envs/data-proc/lib/python3.10/site-packages/spikeinterface/core/sortinganalyzer.py:494: UserWarning: Recording not provided, instantiating SortingAnalyzer in recordingless mode.
  warnings.warn("Recording not provided, instantiating SortingAnalyzer in recordingless mode.")
/share/home/mitan/.conda/envs/data-proc/lib/python3.10/site-packages/spikeinterface/core/sortinganalyzer.py:494: UserWarning: Recording not provided, instantiating SortingAnalyzer in recordingless mode.
  warnings.warn("Recording not provided, instantiating SortingAnalyzer in recordingless mode.")
/share/home/mitan/.conda/envs/data-proc/lib/python3.10/site-packages/spikeinterface/core/sortinganalyzer.py:494: UserWarning: Recording not provided, instantiating SortingAnalyzer in recordingless mode.
  warnings.warn("Recording not provided, instantiating SortingAnalyzer in recordingless mode.")
/share/home/mitan/.conda/envs/data-proc/lib/python3.10/site-packages/spikeinterface/core/sortinganalyzer.py:494: UserWarning: Recording not provided, instantiating SortingAnalyzer in recordingless mode.
  warnings.warn("Recording not provided, instantiating SortingAnalyzer in recordingless mode.")
/share/home/mitan/.conda/envs/data-proc/lib/python3.10/site-packages/spikeinterface/core/sortinganalyzer.py:494: UserWarning: Recording not provided, instantiating SortingAnalyzer in recordingless mode.
  warnings.warn("Recording not provided, instantiating SortingAnalyzer in recordingless mode.")
/share/home/mitan/.conda/envs/data-proc/lib/python3.10/site-packages/spikeinterface/core/sortinganalyzer.py:494: UserWarning: Recording not provided, instantiating SortingAnalyzer in recordingless mode.
  warnings.warn("Recording not provided, instantiating SortingAnalyzer in recordingless mode.")
/share/home/mitan/.conda/envs/data-proc/lib/python3.10/site-packages/spikeinterface/core/sortinganalyzer.py:494: UserWarning: Recording not provided, instantiating SortingAnalyzer in recordingless mode.
  warnings.warn("Recording not provided, instantiating SortingAnalyzer in recordingless mode.")
/share/home/mitan/.conda/envs/data-proc/lib/python3.10/site-packages/spikeinterface/core/sortinganalyzer.py:494: UserWarning: Recording not provided, instantiating SortingAnalyzer in recordingless mode.
  warnings.warn("Recording not provided, instantiating SortingAnalyzer in recordingless mode.")
/share/home/mitan/.conda/envs/data-proc/lib/python3.10/site-packages/spikeinterface/core/sortinganalyzer.py:494: UserWarning: Recording not provided, instantiating SortingAnalyzer in recordingless mode.
  warnings.warn("Recording not provided, instantiating SortingAnalyzer in recordingless mode.")
/share/home/mitan/.conda/envs/data-proc/lib/python3.10/site-packages/spikeinterface/core/sortinganalyzer.py:494: UserWarning: Recording not provided, instantiating SortingAnalyzer in recordingless mode.
  warnings.warn("Recording not provided, instantiating SortingAnalyzer in recordingless mode.")
/share/home/mitan/.conda/envs/data-proc/lib/python3.10/site-packages/spikeinterface/core/sortinganalyzer.py:494: UserWarning: Recording not provided, instantiating SortingAnalyzer in recordingless mode.
  warnings.warn("Recording not provided, instantiating SortingAnalyzer in recordingless mode.")
/share/home/mitan/.conda/envs/data-proc/lib/python3.10/site-packages/spikeinterface/core/sortinganalyzer.py:494: UserWarning: Recording not provided, instantiating SortingAnalyzer in recordingless mode.
  warnings.warn("Recording not provided, instantiating SortingAnalyzer in recordingless mode.")
/share/home/mitan/.conda/envs/data-proc/lib/python3.10/site-packages/spikeinterface/core/sortinganalyzer.py:494: UserWarning: Recording not provided, instantiating SortingAnalyzer in recordingless mode.
  warnings.warn("Recording not provided, instantiating SortingAnalyzer in recordingless mode.")
/share/home/mitan/.conda/envs/data-proc/lib/python3.10/site-packages/spikeinterface/core/sortinganalyzer.py:494: UserWarning: Recording not provided, instantiating SortingAnalyzer in recordingless mode.
  warnings.warn("Recording not provided, instantiating SortingAnalyzer in recordingless mode.")
/share/home/mitan/.conda/envs/data-proc/lib/python3.10/site-packages/spikeinterface/core/sortinganalyzer.py:494: UserWarning: Recording not provided, instantiating SortingAnalyzer in recordingless mode.
  warnings.warn("Recording not provided, instantiating SortingAnalyzer in recordingless mode.")
/share/home/mitan/.conda/envs/data-proc/lib/python3.10/site-packages/spikeinterface/core/sortinganalyzer.py:494: UserWarning: Recording not provided, instantiating SortingAnalyzer in recordingless mode.
  warnings.warn("Recording not provided, instantiating SortingAnalyzer in recordingless mode.")
/share/home/mitan/.conda/envs/data-proc/lib/python3.10/site-packages/spikeinterface/core/sortinganalyzer.py:494: UserWarning: Recording not provided, instantiating SortingAnalyzer in recordingless mode.
  warnings.warn("Recording not provided, instantiating SortingAnalyzer in recordingless mode.")
/share/home/mitan/.conda/envs/data-proc/lib/python3.10/site-packages/spikeinterface/core/sortinganalyzer.py:494: UserWarning: Recording not provided, instantiating SortingAnalyzer in recordingless mode.
  warnings.warn("Recording not provided, instantiating SortingAnalyzer in recordingless mode.")
/share/home/mitan/.conda/envs/data-proc/lib/python3.10/site-packages/spikeinterface/core/sortinganalyzer.py:494: UserWarning: Recording not provided, instantiating SortingAnalyzer in recordingless mode.
  warnings.warn("Recording not provided, instantiating SortingAnalyzer in recordingless mode.")
/share/home/mitan/.conda/envs/data-proc/lib/python3.10/site-packages/spikeinterface/core/sortinganalyzer.py:494: UserWarning: Recording not provided, instantiating SortingAnalyzer in recordingless mode.
  warnings.warn("Recording not provided, instantiating SortingAnalyzer in recordingless mode.")
/share/home/mitan/.conda/envs/data-proc/lib/python3.10/site-packages/spikeinterface/core/sortinganalyzer.py:494: UserWarning: Recording not provided, instantiating SortingAnalyzer in recordingless mode.
  warnings.warn("Recording not provided, instantiating SortingAnalyzer in recordingless mode.")
/share/home/mitan/.conda/envs/data-proc/lib/python3.10/site-packages/spikeinterface/core/sortinganalyzer.py:494: UserWarning: Recording not provided, instantiating SortingAnalyzer in recordingless mode.
  warnings.warn("Recording not provided, instantiating SortingAnalyzer in recordingless mode.")
/share/home/mitan/.conda/envs/data-proc/lib/python3.10/site-packages/spikeinterface/core/sortinganalyzer.py:494: UserWarning: Recording not provided, instantiating SortingAnalyzer in recordingless mode.
  warnings.warn("Recording not provided, instantiating SortingAnalyzer in recordingless mode.")
/share/home/mitan/.conda/envs/data-proc/lib/python3.10/site-packages/spikeinterface/core/sortinganalyzer.py:494: UserWarning: Recording not provided, instantiating SortingAnalyzer in recordingless mode.
  warnings.warn("Recording not provided, instantiating SortingAnalyzer in recordingless mode.")
/share/home/mitan/.conda/envs/data-proc/lib/python3.10/site-packages/spikeinterface/core/sortinganalyzer.py:494: UserWarning: Recording not provided, instantiating SortingAnalyzer in recordingless mode.
  warnings.warn("Recording not provided, instantiating SortingAnalyzer in recordingless mode.")
/share/home/mitan/.conda/envs/data-proc/lib/python3.10/site-packages/spikeinterface/core/sortinganalyzer.py:494: UserWarning: Recording not provided, instantiating SortingAnalyzer in recordingless mode.
  warnings.warn("Recording not provided, instantiating SortingAnalyzer in recordingless mode.")
/share/home/mitan/.conda/envs/data-proc/lib/python3.10/site-packages/spikeinterface/core/sortinganalyzer.py:494: UserWarning: Recording not provided, instantiating SortingAnalyzer in recordingless mode.
  warnings.warn("Recording not provided, instantiating SortingAnalyzer in recordingless mode.")
/share/home/mitan/.conda/envs/data-proc/lib/python3.10/site-packages/spikeinterface/core/sortinganalyzer.py:494: UserWarning: Recording not provided, instantiating SortingAnalyzer in recordingless mode.
  warnings.warn("Recording not provided, instantiating SortingAnalyzer in recordingless mode.")
/share/home/mitan/.conda/envs/data-proc/lib/python3.10/site-packages/spikeinterface/core/sortinganalyzer.py:494: UserWarning: Recording not provided, instantiating SortingAnalyzer in recordingless mode.
  warnings.warn("Recording not provided, instantiating SortingAnalyzer in recordingless mode.")
/share/home/mitan/.conda/envs/data-proc/lib/python3.10/site-packages/spikeinterface/core/sortinganalyzer.py:494: UserWarning: Recording not provided, instantiating SortingAnalyzer in recordingless mode.
  warnings.warn("Recording not provided, instantiating SortingAnalyzer in recordingless mode.")
/share/home/mitan/.conda/envs/data-proc/lib/python3.10/site-packages/spikeinterface/core/sortinganalyzer.py:494: UserWarning: Recording not provided, instantiating SortingAnalyzer in recordingless mode.
  warnings.warn("Recording not provided, instantiating SortingAnalyzer in recordingless mode.")
/share/home/mitan/.conda/envs/data-proc/lib/python3.10/site-packages/spikeinterface/core/sortinganalyzer.py:494: UserWarning: Recording not provided, instantiating SortingAnalyzer in recordingless mode.
  warnings.warn("Recording not provided, instantiating SortingAnalyzer in recordingless mode.")
/share/home/mitan/.conda/envs/data-proc/lib/python3.10/site-packages/spikeinterface/core/sortinganalyzer.py:494: UserWarning: Recording not provided, instantiating SortingAnalyzer in recordingless mode.
  warnings.warn("Recording not provided, instantiating SortingAnalyzer in recordingless mode.")
/share/home/mitan/.conda/envs/data-proc/lib/python3.10/site-packages/spikeinterface/core/sortinganalyzer.py:494: UserWarning: Recording not provided, instantiating SortingAnalyzer in recordingless mode.
  warnings.warn("Recording not provided, instantiating SortingAnalyzer in recordingless mode.")
/share/home/mitan/.conda/envs/data-proc/lib/python3.10/site-packages/spikeinterface/core/sortinganalyzer.py:494: UserWarning: Recording not provided, instantiating SortingAnalyzer in recordingless mode.
  warnings.warn("Recording not provided, instantiating SortingAnalyzer in recordingless mode.")
/share/home/mitan/.conda/envs/data-proc/lib/python3.10/site-packages/spikeinterface/core/sortinganalyzer.py:494: UserWarning: Recording not provided, instantiating SortingAnalyzer in recordingless mode.
  warnings.warn("Recording not provided, instantiating SortingAnalyzer in recordingless mode.")
/share/home/mitan/.conda/envs/data-proc/lib/python3.10/site-packages/spikeinterface/core/sortinganalyzer.py:494: UserWarning: Recording not provided, instantiating SortingAnalyzer in recordingless mode.
  warnings.warn("Recording not provided, instantiating SortingAnalyzer in recordingless mode.")
/share/home/mitan/.conda/envs/data-proc/lib/python3.10/site-packages/spikeinterface/core/sortinganalyzer.py:494: UserWarning: Recording not provided, instantiating SortingAnalyzer in recordingless mode.
  warnings.warn("Recording not provided, instantiating SortingAnalyzer in recordingless mode.")
/share/home/mitan/.conda/envs/data-proc/lib/python3.10/site-packages/spikeinterface/core/sortinganalyzer.py:494: UserWarning: Recording not provided, instantiating SortingAnalyzer in recordingless mode.
  warnings.warn("Recording not provided, instantiating SortingAnalyzer in recordingless mode.")
/share/home/mitan/.conda/envs/data-proc/lib/python3.10/site-packages/spikeinterface/core/sortinganalyzer.py:494: UserWarning: Recording not provided, instantiating SortingAnalyzer in recordingless mode.
  warnings.warn("Recording not provided, instantiating SortingAnalyzer in recordingless mode.")
/share/home/mitan/.conda/envs/data-proc/lib/python3.10/site-packages/spikeinterface/core/sortinganalyzer.py:494: UserWarning: Recording not provided, instantiating SortingAnalyzer in recordingless mode.
  warnings.warn("Recording not provided, instantiating SortingAnalyzer in recordingless mode.")
/share/home/mitan/.conda/envs/data-proc/lib/python3.10/site-packages/spikeinterface/core/sortinganalyzer.py:494: UserWarning: Recording not provided, instantiating SortingAnalyzer in recordingless mode.
  warnings.warn("Recording not provided, instantiating SortingAnalyzer in recordingless mode.")
/share/home/mitan/.conda/envs/data-proc/lib/python3.10/site-packages/spikeinterface/core/sortinganalyzer.py:494: UserWarning: Recording not provided, instantiating SortingAnalyzer in recordingless mode.
  warnings.warn("Recording not provided, instantiating SortingAnalyzer in recordingless mode.")
/share/home/mitan/.conda/envs/data-proc/lib/python3.10/site-packages/spikeinterface/core/sortinganalyzer.py:494: UserWarning: Recording not provided, instantiating SortingAnalyzer in recordingless mode.
  warnings.warn("Recording not provided, instantiating SortingAnalyzer in recordingless mode.")
/share/home/mitan/.conda/envs/data-proc/lib/python3.10/site-packages/spikeinterface/core/sortinganalyzer.py:494: UserWarning: Recording not provided, instantiating SortingAnalyzer in recordingless mode.
  warnings.warn("Recording not provided, instantiating SortingAnalyzer in recordingless mode.")
/share/home/mitan/.conda/envs/data-proc/lib/python3.10/site-packages/spikeinterface/core/sortinganalyzer.py:494: UserWarning: Recording not provided, instantiating SortingAnalyzer in recordingless mode.
  warnings.warn("Recording not provided, instantiating SortingAnalyzer in recordingless mode.")
/share/home/mitan/.conda/envs/data-proc/lib/python3.10/site-packages/spikeinterface/core/sortinganalyzer.py:494: UserWarning: Recording not provided, instantiating SortingAnalyzer in recordingless mode.
  warnings.warn("Recording not provided, instantiating SortingAnalyzer in recordingless mode.")
/share/home/mitan/.conda/envs/data-proc/lib/python3.10/site-packages/spikeinterface/core/sortinganalyzer.py:494: UserWarning: Recording not provided, instantiating SortingAnalyzer in recordingless mode.
  warnings.warn("Recording not provided, instantiating SortingAnalyzer in recordingless mode.")
/share/home/mitan/.conda/envs/data-proc/lib/python3.10/site-packages/spikeinterface/core/sortinganalyzer.py:494: UserWarning: Recording not provided, instantiating SortingAnalyzer in recordingless mode.
  warnings.warn("Recording not provided, instantiating SortingAnalyzer in recordingless mode.")
/share/home/mitan/.conda/envs/data-proc/lib/python3.10/site-packages/spikeinterface/core/sortinganalyzer.py:494: UserWarning: Recording not provided, instantiating SortingAnalyzer in recordingless mode.
  warnings.warn("Recording not provided, instantiating SortingAnalyzer in recordingless mode.")
/share/home/mitan/.conda/envs/data-proc/lib/python3.10/site-packages/spikeinterface/core/sortinganalyzer.py:494: UserWarning: Recording not provided, instantiating SortingAnalyzer in recordingless mode.
  warnings.warn("Recording not provided, instantiating SortingAnalyzer in recordingless mode.")
/share/home/mitan/.conda/envs/data-proc/lib/python3.10/site-packages/spikeinterface/core/sortinganalyzer.py:494: UserWarning: Recording not provided, instantiating SortingAnalyzer in recordingless mode.
  warnings.warn("Recording not provided, instantiating SortingAnalyzer in recordingless mode.")
/share/home/mitan/.conda/envs/data-proc/lib/python3.10/site-packages/spikeinterface/core/sortinganalyzer.py:494: UserWarning: Recording not provided, instantiating SortingAnalyzer in recordingless mode.
  warnings.warn("Recording not provided, instantiating SortingAnalyzer in recordingless mode.")
/share/home/mitan/.conda/envs/data-proc/lib/python3.10/site-packages/spikeinterface/core/sortinganalyzer.py:494: UserWarning: Recording not provided, instantiating SortingAnalyzer in recordingless mode.
  warnings.warn("Recording not provided, instantiating SortingAnalyzer in recordingless mode.")
/share/home/mitan/.conda/envs/data-proc/lib/python3.10/site-packages/spikeinterface/core/sortinganalyzer.py:494: UserWarning: Recording not provided, instantiating SortingAnalyzer in recordingless mode.
  warnings.warn("Recording not provided, instantiating SortingAnalyzer in recordingless mode.")
/share/home/mitan/.conda/envs/data-proc/lib/python3.10/site-packages/spikeinterface/core/sortinganalyzer.py:494: UserWarning: Recording not provided, instantiating SortingAnalyzer in recordingless mode.
  warnings.warn("Recording not provided, instantiating SortingAnalyzer in recordingless mode.")
/share/home/mitan/.conda/envs/data-proc/lib/python3.10/site-packages/spikeinterface/core/sortinganalyzer.py:494: UserWarning: Recording not provided, instantiating SortingAnalyzer in recordingless mode.
  warnings.warn("Recording not provided, instantiating SortingAnalyzer in recordingless mode.")
/share/home/mitan/.conda/envs/data-proc/lib/python3.10/site-packages/spikeinterface/core/sortinganalyzer.py:494: UserWarning: Recording not provided, instantiating SortingAnalyzer in recordingless mode.
  warnings.warn("Recording not provided, instantiating SortingAnalyzer in recordingless mode.")
/share/home/mitan/.conda/envs/data-proc/lib/python3.10/site-packages/spikeinterface/core/sortinganalyzer.py:494: UserWarning: Recording not provided, instantiating SortingAnalyzer in recordingless mode.
  warnings.warn("Recording not provided, instantiating SortingAnalyzer in recordingless mode.")
/share/home/mitan/.conda/envs/data-proc/lib/python3.10/site-packages/spikeinterface/core/sortinganalyzer.py:494: UserWarning: Recording not provided, instantiating SortingAnalyzer in recordingless mode.
  warnings.warn("Recording not provided, instantiating SortingAnalyzer in recordingless mode.")
/share/home/mitan/.conda/envs/data-proc/lib/python3.10/site-packages/spikeinterface/core/sortinganalyzer.py:494: UserWarning: Recording not provided, instantiating SortingAnalyzer in recordingless mode.
  warnings.warn("Recording not provided, instantiating SortingAnalyzer in recordingless mode.")
/share/home/mitan/.conda/envs/data-proc/lib/python3.10/site-packages/spikeinterface/core/sortinganalyzer.py:494: UserWarning: Recording not provided, instantiating SortingAnalyzer in recordingless mode.
  warnings.warn("Recording not provided, instantiating SortingAnalyzer in recordingless mode.")
/share/home/mitan/.conda/envs/data-proc/lib/python3.10/site-packages/spikeinterface/core/sortinganalyzer.py:494: UserWarning: Recording not provided, instantiating SortingAnalyzer in recordingless mode.
  warnings.warn("Recording not provided, instantiating SortingAnalyzer in recordingless mode.")
/share/home/mitan/.conda/envs/data-proc/lib/python3.10/site-packages/spikeinterface/core/sortinganalyzer.py:494: UserWarning: Recording not provided, instantiating SortingAnalyzer in recordingless mode.
  warnings.warn("Recording not provided, instantiating SortingAnalyzer in recordingless mode.")
/share/home/mitan/.conda/envs/data-proc/lib/python3.10/site-packages/spikeinterface/core/sortinganalyzer.py:494: UserWarning: Recording not provided, instantiating SortingAnalyzer in recordingless mode.
  warnings.warn("Recording not provided, instantiating SortingAnalyzer in recordingless mode.")
/share/home/mitan/.conda/envs/data-proc/lib/python3.10/site-packages/spikeinterface/core/sortinganalyzer.py:494: UserWarning: Recording not provided, instantiating SortingAnalyzer in recordingless mode.
  warnings.warn("Recording not provided, instantiating SortingAnalyzer in recordingless mode.")
/share/home/mitan/.conda/envs/data-proc/lib/python3.10/site-packages/spikeinterface/core/sortinganalyzer.py:494: UserWarning: Recording not provided, instantiating SortingAnalyzer in recordingless mode.
  warnings.warn("Recording not provided, instantiating SortingAnalyzer in recordingless mode.")
/share/home/mitan/.conda/envs/data-proc/lib/python3.10/site-packages/spikeinterface/core/sortinganalyzer.py:494: UserWarning: Recording not provided, instantiating SortingAnalyzer in recordingless mode.
  warnings.warn("Recording not provided, instantiating SortingAnalyzer in recordingless mode.")
/share/home/mitan/.conda/envs/data-proc/lib/python3.10/site-packages/spikeinterface/core/sortinganalyzer.py:494: UserWarning: Recording not provided, instantiating SortingAnalyzer in recordingless mode.
  warnings.warn("Recording not provided, instantiating SortingAnalyzer in recordingless mode.")
/share/home/mitan/.conda/envs/data-proc/lib/python3.10/site-packages/spikeinterface/core/sortinganalyzer.py:494: UserWarning: Recording not provided, instantiating SortingAnalyzer in recordingless mode.
  warnings.warn("Recording not provided, instantiating SortingAnalyzer in recordingless mode.")
/share/home/mitan/.conda/envs/data-proc/lib/python3.10/site-packages/spikeinterface/core/sortinganalyzer.py:494: UserWarning: Recording not provided, instantiating SortingAnalyzer in recordingless mode.
  warnings.warn("Recording not provided, instantiating SortingAnalyzer in recordingless mode.")
/share/home/mitan/.conda/envs/data-proc/lib/python3.10/site-packages/spikeinterface/core/sortinganalyzer.py:494: UserWarning: Recording not provided, instantiating SortingAnalyzer in recordingless mode.
  warnings.warn("Recording not provided, instantiating SortingAnalyzer in recordingless mode.")
/share/home/mitan/.conda/envs/data-proc/lib/python3.10/site-packages/spikeinterface/core/sortinganalyzer.py:494: UserWarning: Recording not provided, instantiating SortingAnalyzer in recordingless mode.
  warnings.warn("Recording not provided, instantiating SortingAnalyzer in recordingless mode.")
/share/home/mitan/.conda/envs/data-proc/lib/python3.10/site-packages/spikeinterface/core/sortinganalyzer.py:494: UserWarning: Recording not provided, instantiating SortingAnalyzer in recordingless mode.
  warnings.warn("Recording not provided, instantiating SortingAnalyzer in recordingless mode.")
/share/home/mitan/.conda/envs/data-proc/lib/python3.10/site-packages/spikeinterface/core/sortinganalyzer.py:494: UserWarning: Recording not provided, instantiating SortingAnalyzer in recordingless mode.
  warnings.warn("Recording not provided, instantiating SortingAnalyzer in recordingless mode.")
/share/home/mitan/.conda/envs/data-proc/lib/python3.10/site-packages/spikeinterface/core/sortinganalyzer.py:494: UserWarning: Recording not provided, instantiating SortingAnalyzer in recordingless mode.
  warnings.warn("Recording not provided, instantiating SortingAnalyzer in recordingless mode.")
/share/home/mitan/.conda/envs/data-proc/lib/python3.10/site-packages/spikeinterface/core/sortinganalyzer.py:494: UserWarning: Recording not provided, instantiating SortingAnalyzer in recordingless mode.
  warnings.warn("Recording not provided, instantiating SortingAnalyzer in recordingless mode.")
/share/home/mitan/.conda/envs/data-proc/lib/python3.10/site-packages/spikeinterface/core/sortinganalyzer.py:494: UserWarning: Recording not provided, instantiating SortingAnalyzer in recordingless mode.
  warnings.warn("Recording not provided, instantiating SortingAnalyzer in recordingless mode.")
/share/home/mitan/.conda/envs/data-proc/lib/python3.10/site-packages/spikeinterface/core/sortinganalyzer.py:494: UserWarning: Recording not provided, instantiating SortingAnalyzer in recordingless mode.
  warnings.warn("Recording not provided, instantiating SortingAnalyzer in recordingless mode.")
/share/home/mitan/.conda/envs/data-proc/lib/python3.10/site-packages/spikeinterface/core/sortinganalyzer.py:494: UserWarning: Recording not provided, instantiating SortingAnalyzer in recordingless mode.
  warnings.warn("Recording not provided, instantiating SortingAnalyzer in recordingless mode.")
/share/home/mitan/.conda/envs/data-proc/lib/python3.10/site-packages/spikeinterface/core/sortinganalyzer.py:494: UserWarning: Recording not provided, instantiating SortingAnalyzer in recordingless mode.
  warnings.warn("Recording not provided, instantiating SortingAnalyzer in recordingless mode.")
/share/home/mitan/.conda/envs/data-proc/lib/python3.10/site-packages/spikeinterface/core/sortinganalyzer.py:494: UserWarning: Recording not provided, instantiating SortingAnalyzer in recordingless mode.
  warnings.warn("Recording not provided, instantiating SortingAnalyzer in recordingless mode.")
/share/home/mitan/.conda/envs/data-proc/lib/python3.10/site-packages/spikeinterface/core/sortinganalyzer.py:494: UserWarning: Recording not provided, instantiating SortingAnalyzer in recordingless mode.
  warnings.warn("Recording not provided, instantiating SortingAnalyzer in recordingless mode.")
/share/home/mitan/.conda/envs/data-proc/lib/python3.10/site-packages/spikeinterface/core/sortinganalyzer.py:494: UserWarning: Recording not provided, instantiating SortingAnalyzer in recordingless mode.
  warnings.warn("Recording not provided, instantiating SortingAnalyzer in recordingless mode.")
/share/home/mitan/.conda/envs/data-proc/lib/python3.10/site-packages/spikeinterface/core/sortinganalyzer.py:494: UserWarning: Recording not provided, instantiating SortingAnalyzer in recordingless mode.
  warnings.warn("Recording not provided, instantiating SortingAnalyzer in recordingless mode.")
/share/home/mitan/.conda/envs/data-proc/lib/python3.10/site-packages/spikeinterface/core/sortinganalyzer.py:494: UserWarning: Recording not provided, instantiating SortingAnalyzer in recordingless mode.
  warnings.warn("Recording not provided, instantiating SortingAnalyzer in recordingless mode.")
/share/home/mitan/.conda/envs/data-proc/lib/python3.10/site-packages/spikeinterface/core/sortinganalyzer.py:494: UserWarning: Recording not provided, instantiating SortingAnalyzer in recordingless mode.
  warnings.warn("Recording not provided, instantiating SortingAnalyzer in recordingless mode.")
/share/home/mitan/.conda/envs/data-proc/lib/python3.10/site-packages/spikeinterface/core/sortinganalyzer.py:494: UserWarning: Recording not provided, instantiating SortingAnalyzer in recordingless mode.
  warnings.warn("Recording not provided, instantiating SortingAnalyzer in recordingless mode.")
/share/home/mitan/.conda/envs/data-proc/lib/python3.10/site-packages/spikeinterface/core/sortinganalyzer.py:494: UserWarning: Recording not provided, instantiating SortingAnalyzer in recordingless mode.
  warnings.warn("Recording not provided, instantiating SortingAnalyzer in recordingless mode.")
/share/home/mitan/.conda/envs/data-proc/lib/python3.10/site-packages/spikeinterface/core/sortinganalyzer.py:494: UserWarning: Recording not provided, instantiating SortingAnalyzer in recordingless mode.
  warnings.warn("Recording not provided, instantiating SortingAnalyzer in recordingless mode.")
/share/home/mitan/.conda/envs/data-proc/lib/python3.10/site-packages/spikeinterface/core/sortinganalyzer.py:494: UserWarning: Recording not provided, instantiating SortingAnalyzer in recordingless mode.
  warnings.warn("Recording not provided, instantiating SortingAnalyzer in recordingless mode.")
/share/home/mitan/.conda/envs/data-proc/lib/python3.10/site-packages/spikeinterface/core/sortinganalyzer.py:494: UserWarning: Recording not provided, instantiating SortingAnalyzer in recordingless mode.
  warnings.warn("Recording not provided, instantiating SortingAnalyzer in recordingless mode.")
/share/home/mitan/.conda/envs/data-proc/lib/python3.10/site-packages/spikeinterface/core/sortinganalyzer.py:494: UserWarning: Recording not provided, instantiating SortingAnalyzer in recordingless mode.
  warnings.warn("Recording not provided, instantiating SortingAnalyzer in recordingless mode.")
/share/home/mitan/.conda/envs/data-proc/lib/python3.10/site-packages/spikeinterface/core/sortinganalyzer.py:494: UserWarning: Recording not provided, instantiating SortingAnalyzer in recordingless mode.
  warnings.warn("Recording not provided, instantiating SortingAnalyzer in recordingless mode.")
/share/home/mitan/.conda/envs/data-proc/lib/python3.10/site-packages/spikeinterface/core/sortinganalyzer.py:494: UserWarning: Recording not provided, instantiating SortingAnalyzer in recordingless mode.
  warnings.warn("Recording not provided, instantiating SortingAnalyzer in recordingless mode.")
/share/home/mitan/.conda/envs/data-proc/lib/python3.10/site-packages/spikeinterface/core/sortinganalyzer.py:494: UserWarning: Recording not provided, instantiating SortingAnalyzer in recordingless mode.
  warnings.warn("Recording not provided, instantiating SortingAnalyzer in recordingless mode.")
/share/home/mitan/.conda/envs/data-proc/lib/python3.10/site-packages/spikeinterface/core/sortinganalyzer.py:494: UserWarning: Recording not provided, instantiating SortingAnalyzer in recordingless mode.
  warnings.warn("Recording not provided, instantiating SortingAnalyzer in recordingless mode.")
/share/home/mitan/.conda/envs/data-proc/lib/python3.10/site-packages/spikeinterface/core/sortinganalyzer.py:494: UserWarning: Recording not provided, instantiating SortingAnalyzer in recordingless mode.
  warnings.warn("Recording not provided, instantiating SortingAnalyzer in recordingless mode.")
/share/home/mitan/.conda/envs/data-proc/lib/python3.10/site-packages/spikeinterface/core/sortinganalyzer.py:494: UserWarning: Recording not provided, instantiating SortingAnalyzer in recordingless mode.
  warnings.warn("Recording not provided, instantiating SortingAnalyzer in recordingless mode.")
/share/home/mitan/.conda/envs/data-proc/lib/python3.10/site-packages/spikeinterface/core/sortinganalyzer.py:494: UserWarning: Recording not provided, instantiating SortingAnalyzer in recordingless mode.
  warnings.warn("Recording not provided, instantiating SortingAnalyzer in recordingless mode.")
/share/home/mitan/.conda/envs/data-proc/lib/python3.10/site-packages/spikeinterface/core/sortinganalyzer.py:494: UserWarning: Recording not provided, instantiating SortingAnalyzer in recordingless mode.
  warnings.warn("Recording not provided, instantiating SortingAnalyzer in recordingless mode.")
/share/home/mitan/.conda/envs/data-proc/lib/python3.10/site-packages/spikeinterface/core/sortinganalyzer.py:494: UserWarning: Recording not provided, instantiating SortingAnalyzer in recordingless mode.
  warnings.warn("Recording not provided, instantiating SortingAnalyzer in recordingless mode.")
/share/home/mitan/.conda/envs/data-proc/lib/python3.10/site-packages/spikeinterface/core/sortinganalyzer.py:494: UserWarning: Recording not provided, instantiating SortingAnalyzer in recordingless mode.
  warnings.warn("Recording not provided, instantiating SortingAnalyzer in recordingless mode.")
/share/home/mitan/.conda/envs/data-proc/lib/python3.10/site-packages/spikeinterface/core/sortinganalyzer.py:494: UserWarning: Recording not provided, instantiating SortingAnalyzer in recordingless mode.
  warnings.warn("Recording not provided, instantiating SortingAnalyzer in recordingless mode.")
/share/home/mitan/.conda/envs/data-proc/lib/python3.10/site-packages/spikeinterface/core/sortinganalyzer.py:494: UserWarning: Recording not provided, instantiating SortingAnalyzer in recordingless mode.
  warnings.warn("Recording not provided, instantiating SortingAnalyzer in recordingless mode.")
/share/home/mitan/.conda/envs/data-proc/lib/python3.10/site-packages/spikeinterface/core/sortinganalyzer.py:494: UserWarning: Recording not provided, instantiating SortingAnalyzer in recordingless mode.
  warnings.warn("Recording not provided, instantiating SortingAnalyzer in recordingless mode.")
/share/home/mitan/.conda/envs/data-proc/lib/python3.10/site-packages/spikeinterface/core/sortinganalyzer.py:494: UserWarning: Recording not provided, instantiating SortingAnalyzer in recordingless mode.
  warnings.warn("Recording not provided, instantiating SortingAnalyzer in recordingless mode.")
[INFO] analyzer_root: /share/home/mitan/spike_sorting/mountainsort4
[INFO] sessions found: 27
[INFO] regions: ['ATL', 'HG', 'VMPFC', 'Amygdala']
[INFO] methods: ['bombcell', 'unitrefine']
[INFO] overwrite: True
========================================================================================
[SESSION] sorting_results_bistable_sub4_session3_v2
========================================================================================
  [START] sorting_results_bistable_sub4_session3_v2/ATL :: bombcell
    [WARN] remove_duplicated_spikes step skipped: SortingAnalyzer could not load the recording
    [WARN] remove_redundant_units step skipped: get_dense_templates_array: return_in_uV=True is not possible SortingAnalyzer has the reverse
  [ERROR] sorting_results_bistable_sub4_session3_v2/ATL :: bombcell: Metric(s) ['num_positive_peaks', 'num_negative_peaks', 'peak_to_trough_duration', 'waveform_baseline_flatness', 'peak_after_to_trough_ratio', 'exp_decay'] specified in thresholds are not present in the quality metrics DataFrame. Available metrics are: ['num_spikes', 'snr', 'isi_violations_ratio', 'isi_violations_count', 'firing_rate', 'presence_ratio']
  [START] sorting_results_bistable_sub4_session3_v2/ATL :: unitrefine
    [WARN] remove_duplicated_spikes step skipped: SortingAnalyzer could not load the recording
    [WARN] remove_redundant_units step skipped: get_dense_templates_array: return_in_uV=True is not possible SortingAnalyzer has the reverse
  [ERROR] sorting_results_bistable_sub4_session3_v2/ATL :: unitrefine: unitrefine_label_units() got an unexpected keyword argument 'noise_neural_model'
  [START] sorting_results_bistable_sub4_session3_v2/HG :: bombcell
    [WARN] remove_duplicated_spikes step skipped: SortingAnalyzer could not load the recording
    [WARN] remove_redundant_units step skipped: get_dense_templates_array: return_in_uV=True is not possible SortingAnalyzer has the reverse
  [ERROR] sorting_results_bistable_sub4_session3_v2/HG :: bombcell: Metric(s) ['num_positive_peaks', 'num_negative_peaks', 'peak_to_trough_duration', 'waveform_baseline_flatness', 'peak_after_to_trough_ratio', 'exp_decay'] specified in thresholds are not present in the quality metrics DataFrame. Available metrics are: ['num_spikes', 'snr', 'isi_violations_ratio', 'isi_violations_count', 'firing_rate', 'presence_ratio']
  [START] sorting_results_bistable_sub4_session3_v2/HG :: unitrefine
    [WARN] remove_duplicated_spikes step skipped: SortingAnalyzer could not load the recording
    [WARN] remove_redundant_units step skipped: get_dense_templates_array: return_in_uV=True is not possible SortingAnalyzer has the reverse
  [ERROR] sorting_results_bistable_sub4_session3_v2/HG :: unitrefine: unitrefine_label_units() got an unexpected keyword argument 'noise_neural_model'
  [START] sorting_results_bistable_sub4_session3_v2/VMPFC :: bombcell
    [WARN] remove_duplicated_spikes step skipped: SortingAnalyzer could not load the recording
    [WARN] remove_redundant_units step skipped: get_dense_templates_array: return_in_uV=True is not possible SortingAnalyzer has the reverse
  [ERROR] sorting_results_bistable_sub4_session3_v2/VMPFC :: bombcell: Metric(s) ['num_positive_peaks', 'num_negative_peaks', 'peak_to_trough_duration', 'waveform_baseline_flatness', 'peak_after_to_trough_ratio', 'exp_decay'] specified in thresholds are not present in the quality metrics DataFrame. Available metrics are: ['num_spikes', 'snr', 'isi_violations_ratio', 'isi_violations_count', 'firing_rate', 'presence_ratio']
  [START] sorting_results_bistable_sub4_session3_v2/VMPFC :: unitrefine
    [WARN] remove_duplicated_spikes step skipped: SortingAnalyzer could not load the recording
    [WARN] remove_redundant_units step skipped: get_dense_templates_array: return_in_uV=True is not possible SortingAnalyzer has the reverse
  [ERROR] sorting_results_bistable_sub4_session3_v2/VMPFC :: unitrefine: unitrefine_label_units() got an unexpected keyword argument 'noise_neural_model'
  [START] sorting_results_bistable_sub4_session3_v2/Amygdala :: bombcell
    [WARN] remove_duplicated_spikes step skipped: SortingAnalyzer could not load the recording
    [WARN] remove_redundant_units step skipped: get_dense_templates_array: return_in_uV=True is not possible SortingAnalyzer has the reverse
  [ERROR] sorting_results_bistable_sub4_session3_v2/Amygdala :: bombcell: Metric(s) ['num_positive_peaks', 'num_negative_peaks', 'peak_to_trough_duration', 'waveform_baseline_flatness', 'peak_after_to_trough_ratio', 'exp_decay'] specified in thresholds are not present in the quality metrics DataFrame. Available metrics are: ['num_spikes', 'snr', 'isi_violations_ratio', 'isi_violations_count', 'firing_rate', 'presence_ratio']
  [START] sorting_results_bistable_sub4_session3_v2/Amygdala :: unitrefine
    [WARN] remove_duplicated_spikes step skipped: SortingAnalyzer could not load the recording
    [WARN] remove_redundant_units step skipped: get_dense_templates_array: return_in_uV=True is not possible SortingAnalyzer has the reverse
  [ERROR] sorting_results_bistable_sub4_session3_v2/Amygdala :: unitrefine: unitrefine_label_units() got an unexpected keyword argument 'noise_neural_model'
========================================================================================
[SESSION] sorting_results_bistable_sub4_session5_v2
========================================================================================
  [START] sorting_results_bistable_sub4_session5_v2/ATL :: bombcell
    [WARN] remove_duplicated_spikes step skipped: SortingAnalyzer could not load the recording
    [WARN] remove_redundant_units step skipped: get_dense_templates_array: return_in_uV=True is not possible SortingAnalyzer has the reverse
  [ERROR] sorting_results_bistable_sub4_session5_v2/ATL :: bombcell: Metric(s) ['num_positive_peaks', 'num_negative_peaks', 'peak_to_trough_duration', 'waveform_baseline_flatness', 'peak_after_to_trough_ratio', 'exp_decay'] specified in thresholds are not present in the quality metrics DataFrame. Available metrics are: ['num_spikes', 'snr', 'isi_violations_ratio', 'isi_violations_count', 'firing_rate', 'presence_ratio']
  [START] sorting_results_bistable_sub4_session5_v2/ATL :: unitrefine
    [WARN] remove_duplicated_spikes step skipped: SortingAnalyzer could not load the recording
    [WARN] remove_redundant_units step skipped: get_dense_templates_array: return_in_uV=True is not possible SortingAnalyzer has the reverse
  [ERROR] sorting_results_bistable_sub4_session5_v2/ATL :: unitrefine: unitrefine_label_units() got an unexpected keyword argument 'noise_neural_model'
  [START] sorting_results_bistable_sub4_session5_v2/HG :: bombcell
    [WARN] remove_duplicated_spikes step skipped: SortingAnalyzer could not load the recording
    [WARN] remove_redundant_units step skipped: get_dense_templates_array: return_in_uV=True is not possible SortingAnalyzer has the reverse
  [ERROR] sorting_results_bistable_sub4_session5_v2/HG :: bombcell: Metric(s) ['num_positive_peaks', 'num_negative_peaks', 'peak_to_trough_duration', 'waveform_baseline_flatness', 'peak_after_to_trough_ratio', 'exp_decay'] specified in thresholds are not present in the quality metrics DataFrame. Available metrics are: ['num_spikes', 'snr', 'isi_violations_ratio', 'isi_violations_count', 'firing_rate', 'presence_ratio']
  [START] sorting_results_bistable_sub4_session5_v2/HG :: unitrefine
    [WARN] remove_duplicated_spikes step skipped: SortingAnalyzer could not load the recording
    [WARN] remove_redundant_units step skipped: get_dense_templates_array: return_in_uV=True is not possible SortingAnalyzer has the reverse
  [ERROR] sorting_results_bistable_sub4_session5_v2/HG :: unitrefine: unitrefine_label_units() got an unexpected keyword argument 'noise_neural_model'
  [START] sorting_results_bistable_sub4_session5_v2/VMPFC :: bombcell
    [WARN] remove_duplicated_spikes step skipped: SortingAnalyzer could not load the recording
    [WARN] remove_redundant_units step skipped: get_dense_templates_array: return_in_uV=True is not possible SortingAnalyzer has the reverse
  [ERROR] sorting_results_bistable_sub4_session5_v2/VMPFC :: bombcell: Metric(s) ['num_positive_peaks', 'num_negative_peaks', 'peak_to_trough_duration', 'waveform_baseline_flatness', 'peak_after_to_trough_ratio', 'exp_decay'] specified in thresholds are not present in the quality metrics DataFrame. Available metrics are: ['num_spikes', 'snr', 'isi_violations_ratio', 'isi_violations_count', 'firing_rate', 'presence_ratio']
  [START] sorting_results_bistable_sub4_session5_v2/VMPFC :: unitrefine
    [WARN] remove_duplicated_spikes step skipped: SortingAnalyzer could not load the recording
    [WARN] remove_redundant_units step skipped: get_dense_templates_array: return_in_uV=True is not possible SortingAnalyzer has the reverse
  [ERROR] sorting_results_bistable_sub4_session5_v2/VMPFC :: unitrefine: unitrefine_label_units() got an unexpected keyword argument 'noise_neural_model'
  [START] sorting_results_bistable_sub4_session5_v2/Amygdala :: bombcell
    [WARN] remove_duplicated_spikes step skipped: SortingAnalyzer could not load the recording
    [WARN] remove_redundant_units step skipped: get_dense_templates_array: return_in_uV=True is not possible SortingAnalyzer has the reverse
  [ERROR] sorting_results_bistable_sub4_session5_v2/Amygdala :: bombcell: Metric(s) ['num_positive_peaks', 'num_negative_peaks', 'peak_to_trough_duration', 'waveform_baseline_flatness', 'peak_after_to_trough_ratio', 'exp_decay'] specified in thresholds are not present in the quality metrics DataFrame. Available metrics are: ['num_spikes', 'snr', 'isi_violations_ratio', 'isi_violations_count', 'firing_rate', 'presence_ratio']
  [START] sorting_results_bistable_sub4_session5_v2/Amygdala :: unitrefine
    [WARN] remove_duplicated_spikes step skipped: SortingAnalyzer could not load the recording
    [WARN] remove_redundant_units step skipped: get_dense_templates_array: return_in_uV=True is not possible SortingAnalyzer has the reverse
  [ERROR] sorting_results_bistable_sub4_session5_v2/Amygdala :: unitrefine: unitrefine_label_units() got an unexpected keyword argument 'noise_neural_model'
========================================================================================
[SESSION] sorting_results_bistable_sub5_session1_v2
========================================================================================
  [START] sorting_results_bistable_sub5_session1_v2/ATL :: bombcell
    [WARN] remove_duplicated_spikes step skipped: SortingAnalyzer could not load the recording
    [WARN] remove_redundant_units step skipped: get_dense_templates_array: return_in_uV=True is not possible SortingAnalyzer has the reverse
  [ERROR] sorting_results_bistable_sub5_session1_v2/ATL :: bombcell: Metric(s) ['num_positive_peaks', 'num_negative_peaks', 'peak_to_trough_duration', 'waveform_baseline_flatness', 'peak_after_to_trough_ratio', 'exp_decay'] specified in thresholds are not present in the quality metrics DataFrame. Available metrics are: ['num_spikes', 'snr', 'isi_violations_ratio', 'isi_violations_count', 'firing_rate', 'presence_ratio']
  [START] sorting_results_bistable_sub5_session1_v2/ATL :: unitrefine
    [WARN] remove_duplicated_spikes step skipped: SortingAnalyzer could not load the recording
    [WARN] remove_redundant_units step skipped: get_dense_templates_array: return_in_uV=True is not possible SortingAnalyzer has the reverse
  [ERROR] sorting_results_bistable_sub5_session1_v2/ATL :: unitrefine: unitrefine_label_units() got an unexpected keyword argument 'noise_neural_model'
  [START] sorting_results_bistable_sub5_session1_v2/HG :: bombcell
    [WARN] remove_duplicated_spikes step skipped: SortingAnalyzer could not load the recording
    [WARN] remove_redundant_units step skipped: get_dense_templates_array: return_in_uV=True is not possible SortingAnalyzer has the reverse
  [ERROR] sorting_results_bistable_sub5_session1_v2/HG :: bombcell: Metric(s) ['num_positive_peaks', 'num_negative_peaks', 'peak_to_trough_duration', 'waveform_baseline_flatness', 'peak_after_to_trough_ratio', 'exp_decay'] specified in thresholds are not present in the quality metrics DataFrame. Available metrics are: ['num_spikes', 'snr', 'isi_violations_ratio', 'isi_violations_count', 'firing_rate', 'presence_ratio']
  [START] sorting_results_bistable_sub5_session1_v2/HG :: unitrefine
    [WARN] remove_duplicated_spikes step skipped: SortingAnalyzer could not load the recording
    [WARN] remove_redundant_units step skipped: get_dense_templates_array: return_in_uV=True is not possible SortingAnalyzer has the reverse
  [ERROR] sorting_results_bistable_sub5_session1_v2/HG :: unitrefine: unitrefine_label_units() got an unexpected keyword argument 'noise_neural_model'
  [START] sorting_results_bistable_sub5_session1_v2/VMPFC :: bombcell
    [WARN] remove_duplicated_spikes step skipped: SortingAnalyzer could not load the recording
    [WARN] remove_redundant_units step skipped: get_dense_templates_array: return_in_uV=True is not possible SortingAnalyzer has the reverse
  [ERROR] sorting_results_bistable_sub5_session1_v2/VMPFC :: bombcell: Metric(s) ['num_positive_peaks', 'num_negative_peaks', 'peak_to_trough_duration', 'waveform_baseline_flatness', 'peak_after_to_trough_ratio', 'exp_decay'] specified in thresholds are not present in the quality metrics DataFrame. Available metrics are: ['num_spikes', 'snr', 'isi_violations_ratio', 'isi_violations_count', 'firing_rate', 'presence_ratio']
  [START] sorting_results_bistable_sub5_session1_v2/VMPFC :: unitrefine
    [WARN] remove_duplicated_spikes step skipped: SortingAnalyzer could not load the recording
    [WARN] remove_redundant_units step skipped: get_dense_templates_array: return_in_uV=True is not possible SortingAnalyzer has the reverse
  [ERROR] sorting_results_bistable_sub5_session1_v2/VMPFC :: unitrefine: unitrefine_label_units() got an unexpected keyword argument 'noise_neural_model'
  [START] sorting_results_bistable_sub5_session1_v2/Amygdala :: bombcell
    [WARN] remove_duplicated_spikes step skipped: SortingAnalyzer could not load the recording
    [WARN] remove_redundant_units step skipped: get_dense_templates_array: return_in_uV=True is not possible SortingAnalyzer has the reverse
  [ERROR] sorting_results_bistable_sub5_session1_v2/Amygdala :: bombcell: Metric(s) ['num_positive_peaks', 'num_negative_peaks', 'peak_to_trough_duration', 'waveform_baseline_flatness', 'peak_after_to_trough_ratio', 'exp_decay'] specified in thresholds are not present in the quality metrics DataFrame. Available metrics are: ['num_spikes', 'snr', 'isi_violations_ratio', 'isi_violations_count', 'firing_rate', 'presence_ratio']
  [START] sorting_results_bistable_sub5_session1_v2/Amygdala :: unitrefine
    [WARN] remove_duplicated_spikes step skipped: SortingAnalyzer could not load the recording
    [WARN] remove_redundant_units step skipped: get_dense_templates_array: return_in_uV=True is not possible SortingAnalyzer has the reverse
  [ERROR] sorting_results_bistable_sub5_session1_v2/Amygdala :: unitrefine: unitrefine_label_units() got an unexpected keyword argument 'noise_neural_model'
========================================================================================
[SESSION] sorting_results_bistable_sub5_session2_v2
========================================================================================
  [START] sorting_results_bistable_sub5_session2_v2/ATL :: bombcell
    [WARN] remove_duplicated_spikes step skipped: SortingAnalyzer could not load the recording
    [WARN] remove_redundant_units step skipped: get_dense_templates_array: return_in_uV=True is not possible SortingAnalyzer has the reverse
  [ERROR] sorting_results_bistable_sub5_session2_v2/ATL :: bombcell: Metric(s) ['num_positive_peaks', 'num_negative_peaks', 'peak_to_trough_duration', 'waveform_baseline_flatness', 'peak_after_to_trough_ratio', 'exp_decay'] specified in thresholds are not present in the quality metrics DataFrame. Available metrics are: ['num_spikes', 'snr', 'isi_violations_ratio', 'isi_violations_count', 'firing_rate', 'presence_ratio']
  [START] sorting_results_bistable_sub5_session2_v2/ATL :: unitrefine
    [WARN] remove_duplicated_spikes step skipped: SortingAnalyzer could not load the recording
    [WARN] remove_redundant_units step skipped: get_dense_templates_array: return_in_uV=True is not possible SortingAnalyzer has the reverse
  [ERROR] sorting_results_bistable_sub5_session2_v2/ATL :: unitrefine: unitrefine_label_units() got an unexpected keyword argument 'noise_neural_model'
  [START] sorting_results_bistable_sub5_session2_v2/HG :: bombcell
    [WARN] remove_duplicated_spikes step skipped: SortingAnalyzer could not load the recording
    [WARN] remove_redundant_units step skipped: get_dense_templates_array: return_in_uV=True is not possible SortingAnalyzer has the reverse
  [ERROR] sorting_results_bistable_sub5_session2_v2/HG :: bombcell: Metric(s) ['num_positive_peaks', 'num_negative_peaks', 'peak_to_trough_duration', 'waveform_baseline_flatness', 'peak_after_to_trough_ratio', 'exp_decay'] specified in thresholds are not present in the quality metrics DataFrame. Available metrics are: ['num_spikes', 'snr', 'isi_violations_ratio', 'isi_violations_count', 'firing_rate', 'presence_ratio']
  [START] sorting_results_bistable_sub5_session2_v2/HG :: unitrefine
    [WARN] remove_duplicated_spikes step skipped: SortingAnalyzer could not load the recording
    [WARN] remove_redundant_units step skipped: get_dense_templates_array: return_in_uV=True is not possible SortingAnalyzer has the reverse
  [ERROR] sorting_results_bistable_sub5_session2_v2/HG :: unitrefine: unitrefine_label_units() got an unexpected keyword argument 'noise_neural_model'
  [START] sorting_results_bistable_sub5_session2_v2/VMPFC :: bombcell
    [WARN] remove_duplicated_spikes step skipped: SortingAnalyzer could not load the recording
    [WARN] remove_redundant_units step skipped: get_dense_templates_array: return_in_uV=True is not possible SortingAnalyzer has the reverse
  [ERROR] sorting_results_bistable_sub5_session2_v2/VMPFC :: bombcell: Metric(s) ['num_positive_peaks', 'num_negative_peaks', 'peak_to_trough_duration', 'waveform_baseline_flatness', 'peak_after_to_trough_ratio', 'exp_decay'] specified in thresholds are not present in the quality metrics DataFrame. Available metrics are: ['num_spikes', 'snr', 'isi_violations_ratio', 'isi_violations_count', 'firing_rate', 'presence_ratio']
  [START] sorting_results_bistable_sub5_session2_v2/VMPFC :: unitrefine
    [WARN] remove_duplicated_spikes step skipped: SortingAnalyzer could not load the recording
    [WARN] remove_redundant_units step skipped: get_dense_templates_array: return_in_uV=True is not possible SortingAnalyzer has the reverse
  [ERROR] sorting_results_bistable_sub5_session2_v2/VMPFC :: unitrefine: unitrefine_label_units() got an unexpected keyword argument 'noise_neural_model'
  [START] sorting_results_bistable_sub5_session2_v2/Amygdala :: bombcell
    [WARN] remove_duplicated_spikes step skipped: SortingAnalyzer could not load the recording
    [WARN] remove_redundant_units step skipped: get_dense_templates_array: return_in_uV=True is not possible SortingAnalyzer has the reverse
  [ERROR] sorting_results_bistable_sub5_session2_v2/Amygdala :: bombcell: Metric(s) ['num_positive_peaks', 'num_negative_peaks', 'peak_to_trough_duration', 'waveform_baseline_flatness', 'peak_after_to_trough_ratio', 'exp_decay'] specified in thresholds are not present in the quality metrics DataFrame. Available metrics are: ['num_spikes', 'snr', 'isi_violations_ratio', 'isi_violations_count', 'firing_rate', 'presence_ratio']
  [START] sorting_results_bistable_sub5_session2_v2/Amygdala :: unitrefine
    [WARN] remove_duplicated_spikes step skipped: SortingAnalyzer could not load the recording
    [WARN] remove_redundant_units step skipped: get_dense_templates_array: return_in_uV=True is not possible SortingAnalyzer has the reverse
  [ERROR] sorting_results_bistable_sub5_session2_v2/Amygdala :: unitrefine: unitrefine_label_units() got an unexpected keyword argument 'noise_neural_model'
========================================================================================
[SESSION] sorting_results_bistable_sub5_session3_v2
========================================================================================
  [START] sorting_results_bistable_sub5_session3_v2/ATL :: bombcell
    [WARN] remove_duplicated_spikes step skipped: SortingAnalyzer could not load the recording
    [WARN] remove_redundant_units step skipped: get_dense_templates_array: return_in_uV=True is not possible SortingAnalyzer has the reverse
  [ERROR] sorting_results_bistable_sub5_session3_v2/ATL :: bombcell: Metric(s) ['num_positive_peaks', 'num_negative_peaks', 'peak_to_trough_duration', 'waveform_baseline_flatness', 'peak_after_to_trough_ratio', 'exp_decay'] specified in thresholds are not present in the quality metrics DataFrame. Available metrics are: ['num_spikes', 'snr', 'isi_violations_ratio', 'isi_violations_count', 'firing_rate', 'presence_ratio']
  [START] sorting_results_bistable_sub5_session3_v2/ATL :: unitrefine
    [WARN] remove_duplicated_spikes step skipped: SortingAnalyzer could not load the recording
    [WARN] remove_redundant_units step skipped: get_dense_templates_array: return_in_uV=True is not possible SortingAnalyzer has the reverse
  [ERROR] sorting_results_bistable_sub5_session3_v2/ATL :: unitrefine: unitrefine_label_units() got an unexpected keyword argument 'noise_neural_model'
  [START] sorting_results_bistable_sub5_session3_v2/HG :: bombcell
    [WARN] remove_duplicated_spikes step skipped: SortingAnalyzer could not load the recording
    [WARN] remove_redundant_units step skipped: get_dense_templates_array: return_in_uV=True is not possible SortingAnalyzer has the reverse
  [ERROR] sorting_results_bistable_sub5_session3_v2/HG :: bombcell: Metric(s) ['num_positive_peaks', 'num_negative_peaks', 'peak_to_trough_duration', 'waveform_baseline_flatness', 'peak_after_to_trough_ratio', 'exp_decay'] specified in thresholds are not present in the quality metrics DataFrame. Available metrics are: ['num_spikes', 'snr', 'isi_violations_ratio', 'isi_violations_count', 'firing_rate', 'presence_ratio']
  [START] sorting_results_bistable_sub5_session3_v2/HG :: unitrefine
    [WARN] remove_duplicated_spikes step skipped: SortingAnalyzer could not load the recording
    [WARN] remove_redundant_units step skipped: get_dense_templates_array: return_in_uV=True is not possible SortingAnalyzer has the reverse
  [ERROR] sorting_results_bistable_sub5_session3_v2/HG :: unitrefine: unitrefine_label_units() got an unexpected keyword argument 'noise_neural_model'
  [START] sorting_results_bistable_sub5_session3_v2/VMPFC :: bombcell
    [WARN] remove_duplicated_spikes step skipped: SortingAnalyzer could not load the recording
    [WARN] remove_redundant_units step skipped: get_dense_templates_array: return_in_uV=True is not possible SortingAnalyzer has the reverse
  [ERROR] sorting_results_bistable_sub5_session3_v2/VMPFC :: bombcell: Metric(s) ['num_positive_peaks', 'num_negative_peaks', 'peak_to_trough_duration', 'waveform_baseline_flatness', 'peak_after_to_trough_ratio', 'exp_decay'] specified in thresholds are not present in the quality metrics DataFrame. Available metrics are: ['num_spikes', 'snr', 'isi_violations_ratio', 'isi_violations_count', 'firing_rate', 'presence_ratio']
  [START] sorting_results_bistable_sub5_session3_v2/VMPFC :: unitrefine
    [WARN] remove_duplicated_spikes step skipped: SortingAnalyzer could not load the recording
    [WARN] remove_redundant_units step skipped: get_dense_templates_array: return_in_uV=True is not possible SortingAnalyzer has the reverse
  [ERROR] sorting_results_bistable_sub5_session3_v2/VMPFC :: unitrefine: unitrefine_label_units() got an unexpected keyword argument 'noise_neural_model'
  [START] sorting_results_bistable_sub5_session3_v2/Amygdala :: bombcell
    [WARN] remove_duplicated_spikes step skipped: SortingAnalyzer could not load the recording
    [WARN] remove_redundant_units step skipped: get_dense_templates_array: return_in_uV=True is not possible SortingAnalyzer has the reverse
  [ERROR] sorting_results_bistable_sub5_session3_v2/Amygdala :: bombcell: Metric(s) ['num_positive_peaks', 'num_negative_peaks', 'peak_to_trough_duration', 'waveform_baseline_flatness', 'peak_after_to_trough_ratio', 'exp_decay'] specified in thresholds are not present in the quality metrics DataFrame. Available metrics are: ['num_spikes', 'snr', 'isi_violations_ratio', 'isi_violations_count', 'firing_rate', 'presence_ratio']
  [START] sorting_results_bistable_sub5_session3_v2/Amygdala :: unitrefine
    [WARN] remove_duplicated_spikes step skipped: SortingAnalyzer could not load the recording
    [WARN] remove_redundant_units step skipped: get_dense_templates_array: return_in_uV=True is not possible SortingAnalyzer has the reverse
  [ERROR] sorting_results_bistable_sub5_session3_v2/Amygdala :: unitrefine: unitrefine_label_units() got an unexpected keyword argument 'noise_neural_model'
========================================================================================
[SESSION] sorting_results_bistable_sub5_session4_v2
========================================================================================
  [START] sorting_results_bistable_sub5_session4_v2/ATL :: bombcell
    [WARN] remove_duplicated_spikes step skipped: SortingAnalyzer could not load the recording
    [WARN] remove_redundant_units step skipped: get_dense_templates_array: return_in_uV=True is not possible SortingAnalyzer has the reverse
  [ERROR] sorting_results_bistable_sub5_session4_v2/ATL :: bombcell: Metric(s) ['num_positive_peaks', 'num_negative_peaks', 'peak_to_trough_duration', 'waveform_baseline_flatness', 'peak_after_to_trough_ratio', 'exp_decay'] specified in thresholds are not present in the quality metrics DataFrame. Available metrics are: ['num_spikes', 'snr', 'isi_violations_ratio', 'isi_violations_count', 'firing_rate', 'presence_ratio']
  [START] sorting_results_bistable_sub5_session4_v2/ATL :: unitrefine
    [WARN] remove_duplicated_spikes step skipped: SortingAnalyzer could not load the recording
    [WARN] remove_redundant_units step skipped: get_dense_templates_array: return_in_uV=True is not possible SortingAnalyzer has the reverse
  [ERROR] sorting_results_bistable_sub5_session4_v2/ATL :: unitrefine: unitrefine_label_units() got an unexpected keyword argument 'noise_neural_model'
  [START] sorting_results_bistable_sub5_session4_v2/HG :: bombcell
    [WARN] remove_duplicated_spikes step skipped: SortingAnalyzer could not load the recording
    [WARN] remove_redundant_units step skipped: get_dense_templates_array: return_in_uV=True is not possible SortingAnalyzer has the reverse
  [ERROR] sorting_results_bistable_sub5_session4_v2/HG :: bombcell: Metric(s) ['num_positive_peaks', 'num_negative_peaks', 'peak_to_trough_duration', 'waveform_baseline_flatness', 'peak_after_to_trough_ratio', 'exp_decay'] specified in thresholds are not present in the quality metrics DataFrame. Available metrics are: ['num_spikes', 'snr', 'isi_violations_ratio', 'isi_violations_count', 'firing_rate', 'presence_ratio']
  [START] sorting_results_bistable_sub5_session4_v2/HG :: unitrefine
    [WARN] remove_duplicated_spikes step skipped: SortingAnalyzer could not load the recording
    [WARN] remove_redundant_units step skipped: get_dense_templates_array: return_in_uV=True is not possible SortingAnalyzer has the reverse
  [ERROR] sorting_results_bistable_sub5_session4_v2/HG :: unitrefine: unitrefine_label_units() got an unexpected keyword argument 'noise_neural_model'
  [START] sorting_results_bistable_sub5_session4_v2/VMPFC :: bombcell
    [WARN] remove_duplicated_spikes step skipped: SortingAnalyzer could not load the recording
    [WARN] remove_redundant_units step skipped: get_dense_templates_array: return_in_uV=True is not possible SortingAnalyzer has the reverse
  [ERROR] sorting_results_bistable_sub5_session4_v2/VMPFC :: bombcell: Metric(s) ['num_positive_peaks', 'num_negative_peaks', 'peak_to_trough_duration', 'waveform_baseline_flatness', 'peak_after_to_trough_ratio', 'exp_decay'] specified in thresholds are not present in the quality metrics DataFrame. Available metrics are: ['num_spikes', 'snr', 'isi_violations_ratio', 'isi_violations_count', 'firing_rate', 'presence_ratio']
  [START] sorting_results_bistable_sub5_session4_v2/VMPFC :: unitrefine
    [WARN] remove_duplicated_spikes step skipped: SortingAnalyzer could not load the recording
    [WARN] remove_redundant_units step skipped: get_dense_templates_array: return_in_uV=True is not possible SortingAnalyzer has the reverse
  [ERROR] sorting_results_bistable_sub5_session4_v2/VMPFC :: unitrefine: unitrefine_label_units() got an unexpected keyword argument 'noise_neural_model'
  [START] sorting_results_bistable_sub5_session4_v2/Amygdala :: bombcell
    [WARN] remove_duplicated_spikes step skipped: SortingAnalyzer could not load the recording
    [WARN] remove_redundant_units step skipped: get_dense_templates_array: return_in_uV=True is not possible SortingAnalyzer has the reverse
  [ERROR] sorting_results_bistable_sub5_session4_v2/Amygdala :: bombcell: Metric(s) ['num_positive_peaks', 'num_negative_peaks', 'peak_to_trough_duration', 'waveform_baseline_flatness', 'peak_after_to_trough_ratio', 'exp_decay'] specified in thresholds are not present in the quality metrics DataFrame. Available metrics are: ['num_spikes', 'snr', 'isi_violations_ratio', 'isi_violations_count', 'firing_rate', 'presence_ratio']
  [START] sorting_results_bistable_sub5_session4_v2/Amygdala :: unitrefine
    [WARN] remove_duplicated_spikes step skipped: SortingAnalyzer could not load the recording
    [WARN] remove_redundant_units step skipped: get_dense_templates_array: return_in_uV=True is not possible SortingAnalyzer has the reverse
  [ERROR] sorting_results_bistable_sub5_session4_v2/Amygdala :: unitrefine: unitrefine_label_units() got an unexpected keyword argument 'noise_neural_model'
========================================================================================
[SESSION] sorting_results_bistable_sub5_session5_v2
========================================================================================
  [START] sorting_results_bistable_sub5_session5_v2/ATL :: bombcell
    [WARN] remove_duplicated_spikes step skipped: SortingAnalyzer could not load the recording
    [WARN] remove_redundant_units step skipped: get_dense_templates_array: return_in_uV=True is not possible SortingAnalyzer has the reverse
  [ERROR] sorting_results_bistable_sub5_session5_v2/ATL :: bombcell: Metric(s) ['num_positive_peaks', 'num_negative_peaks', 'peak_to_trough_duration', 'waveform_baseline_flatness', 'peak_after_to_trough_ratio', 'exp_decay'] specified in thresholds are not present in the quality metrics DataFrame. Available metrics are: ['num_spikes', 'snr', 'isi_violations_ratio', 'isi_violations_count', 'firing_rate', 'presence_ratio']
  [START] sorting_results_bistable_sub5_session5_v2/ATL :: unitrefine
    [WARN] remove_duplicated_spikes step skipped: SortingAnalyzer could not load the recording
    [WARN] remove_redundant_units step skipped: get_dense_templates_array: return_in_uV=True is not possible SortingAnalyzer has the reverse
  [ERROR] sorting_results_bistable_sub5_session5_v2/ATL :: unitrefine: unitrefine_label_units() got an unexpected keyword argument 'noise_neural_model'
  [START] sorting_results_bistable_sub5_session5_v2/HG :: bombcell
    [WARN] remove_duplicated_spikes step skipped: SortingAnalyzer could not load the recording
    [WARN] remove_redundant_units step skipped: get_dense_templates_array: return_in_uV=True is not possible SortingAnalyzer has the reverse
  [ERROR] sorting_results_bistable_sub5_session5_v2/HG :: bombcell: Metric(s) ['num_positive_peaks', 'num_negative_peaks', 'peak_to_trough_duration', 'waveform_baseline_flatness', 'peak_after_to_trough_ratio', 'exp_decay'] specified in thresholds are not present in the quality metrics DataFrame. Available metrics are: ['num_spikes', 'snr', 'isi_violations_ratio', 'isi_violations_count', 'firing_rate', 'presence_ratio']
  [START] sorting_results_bistable_sub5_session5_v2/HG :: unitrefine
    [WARN] remove_duplicated_spikes step skipped: SortingAnalyzer could not load the recording
    [WARN] remove_redundant_units step skipped: get_dense_templates_array: return_in_uV=True is not possible SortingAnalyzer has the reverse
  [ERROR] sorting_results_bistable_sub5_session5_v2/HG :: unitrefine: unitrefine_label_units() got an unexpected keyword argument 'noise_neural_model'
  [START] sorting_results_bistable_sub5_session5_v2/VMPFC :: bombcell
    [WARN] remove_duplicated_spikes step skipped: SortingAnalyzer could not load the recording
    [WARN] remove_redundant_units step skipped: get_dense_templates_array: return_in_uV=True is not possible SortingAnalyzer has the reverse
  [ERROR] sorting_results_bistable_sub5_session5_v2/VMPFC :: bombcell: Metric(s) ['num_positive_peaks', 'num_negative_peaks', 'peak_to_trough_duration', 'waveform_baseline_flatness', 'peak_after_to_trough_ratio', 'exp_decay'] specified in thresholds are not present in the quality metrics DataFrame. Available metrics are: ['num_spikes', 'snr', 'isi_violations_ratio', 'isi_violations_count', 'firing_rate', 'presence_ratio']
  [START] sorting_results_bistable_sub5_session5_v2/VMPFC :: unitrefine
    [WARN] remove_duplicated_spikes step skipped: SortingAnalyzer could not load the recording
    [WARN] remove_redundant_units step skipped: get_dense_templates_array: return_in_uV=True is not possible SortingAnalyzer has the reverse
  [ERROR] sorting_results_bistable_sub5_session5_v2/VMPFC :: unitrefine: unitrefine_label_units() got an unexpected keyword argument 'noise_neural_model'
  [START] sorting_results_bistable_sub5_session5_v2/Amygdala :: bombcell
    [WARN] remove_duplicated_spikes step skipped: SortingAnalyzer could not load the recording
    [WARN] remove_redundant_units step skipped: get_dense_templates_array: return_in_uV=True is not possible SortingAnalyzer has the reverse
  [ERROR] sorting_results_bistable_sub5_session5_v2/Amygdala :: bombcell: Metric(s) ['num_positive_peaks', 'num_negative_peaks', 'peak_to_trough_duration', 'waveform_baseline_flatness', 'peak_after_to_trough_ratio', 'exp_decay'] specified in thresholds are not present in the quality metrics DataFrame. Available metrics are: ['num_spikes', 'snr', 'isi_violations_ratio', 'isi_violations_count', 'firing_rate', 'presence_ratio']
  [START] sorting_results_bistable_sub5_session5_v2/Amygdala :: unitrefine
    [WARN] remove_duplicated_spikes step skipped: SortingAnalyzer could not load the recording
    [WARN] remove_redundant_units step skipped: get_dense_templates_array: return_in_uV=True is not possible SortingAnalyzer has the reverse
  [ERROR] sorting_results_bistable_sub5_session5_v2/Amygdala :: unitrefine: unitrefine_label_units() got an unexpected keyword argument 'noise_neural_model'
========================================================================================
[SESSION] sorting_results_bistable_sub5_session6_v2
========================================================================================
  [START] sorting_results_bistable_sub5_session6_v2/ATL :: bombcell
    [WARN] remove_duplicated_spikes step skipped: SortingAnalyzer could not load the recording
    [WARN] remove_redundant_units step skipped: get_dense_templates_array: return_in_uV=True is not possible SortingAnalyzer has the reverse
  [ERROR] sorting_results_bistable_sub5_session6_v2/ATL :: bombcell: Metric(s) ['num_positive_peaks', 'num_negative_peaks', 'peak_to_trough_duration', 'waveform_baseline_flatness', 'peak_after_to_trough_ratio', 'exp_decay'] specified in thresholds are not present in the quality metrics DataFrame. Available metrics are: ['num_spikes', 'snr', 'isi_violations_ratio', 'isi_violations_count', 'firing_rate', 'presence_ratio']
  [START] sorting_results_bistable_sub5_session6_v2/ATL :: unitrefine
    [WARN] remove_duplicated_spikes step skipped: SortingAnalyzer could not load the recording
    [WARN] remove_redundant_units step skipped: get_dense_templates_array: return_in_uV=True is not possible SortingAnalyzer has the reverse
  [ERROR] sorting_results_bistable_sub5_session6_v2/ATL :: unitrefine: unitrefine_label_units() got an unexpected keyword argument 'noise_neural_model'
  [START] sorting_results_bistable_sub5_session6_v2/HG :: bombcell
    [WARN] remove_duplicated_spikes step skipped: SortingAnalyzer could not load the recording
    [WARN] remove_redundant_units step skipped: get_dense_templates_array: return_in_uV=True is not possible SortingAnalyzer has the reverse
  [ERROR] sorting_results_bistable_sub5_session6_v2/HG :: bombcell: Metric(s) ['num_positive_peaks', 'num_negative_peaks', 'peak_to_trough_duration', 'waveform_baseline_flatness', 'peak_after_to_trough_ratio', 'exp_decay'] specified in thresholds are not present in the quality metrics DataFrame. Available metrics are: ['num_spikes', 'snr', 'isi_violations_ratio', 'isi_violations_count', 'firing_rate', 'presence_ratio']
  [START] sorting_results_bistable_sub5_session6_v2/HG :: unitrefine
    [WARN] remove_duplicated_spikes step skipped: SortingAnalyzer could not load the recording
    [WARN] remove_redundant_units step skipped: get_dense_templates_array: return_in_uV=True is not possible SortingAnalyzer has the reverse
  [ERROR] sorting_results_bistable_sub5_session6_v2/HG :: unitrefine: unitrefine_label_units() got an unexpected keyword argument 'noise_neural_model'
  [START] sorting_results_bistable_sub5_session6_v2/VMPFC :: bombcell
    [WARN] remove_duplicated_spikes step skipped: SortingAnalyzer could not load the recording
    [WARN] remove_redundant_units step skipped: get_dense_templates_array: return_in_uV=True is not possible SortingAnalyzer has the reverse
  [ERROR] sorting_results_bistable_sub5_session6_v2/VMPFC :: bombcell: Metric(s) ['num_positive_peaks', 'num_negative_peaks', 'peak_to_trough_duration', 'waveform_baseline_flatness', 'peak_after_to_trough_ratio', 'exp_decay'] specified in thresholds are not present in the quality metrics DataFrame. Available metrics are: ['num_spikes', 'snr', 'isi_violations_ratio', 'isi_violations_count', 'firing_rate', 'presence_ratio']
  [START] sorting_results_bistable_sub5_session6_v2/VMPFC :: unitrefine
    [WARN] remove_duplicated_spikes step skipped: SortingAnalyzer could not load the recording
    [WARN] remove_redundant_units step skipped: get_dense_templates_array: return_in_uV=True is not possible SortingAnalyzer has the reverse
  [ERROR] sorting_results_bistable_sub5_session6_v2/VMPFC :: unitrefine: unitrefine_label_units() got an unexpected keyword argument 'noise_neural_model'
  [START] sorting_results_bistable_sub5_session6_v2/Amygdala :: bombcell
    [WARN] remove_duplicated_spikes step skipped: SortingAnalyzer could not load the recording
    [WARN] remove_redundant_units step skipped: get_dense_templates_array: return_in_uV=True is not possible SortingAnalyzer has the reverse
  [ERROR] sorting_results_bistable_sub5_session6_v2/Amygdala :: bombcell: Metric(s) ['num_positive_peaks', 'num_negative_peaks', 'peak_to_trough_duration', 'waveform_baseline_flatness', 'peak_after_to_trough_ratio', 'exp_decay'] specified in thresholds are not present in the quality metrics DataFrame. Available metrics are: ['num_spikes', 'snr', 'isi_violations_ratio', 'isi_violations_count', 'firing_rate', 'presence_ratio']
  [START] sorting_results_bistable_sub5_session6_v2/Amygdala :: unitrefine
    [WARN] remove_duplicated_spikes step skipped: SortingAnalyzer could not load the recording
    [WARN] remove_redundant_units step skipped: get_dense_templates_array: return_in_uV=True is not possible SortingAnalyzer has the reverse
  [ERROR] sorting_results_bistable_sub5_session6_v2/Amygdala :: unitrefine: unitrefine_label_units() got an unexpected keyword argument 'noise_neural_model'
========================================================================================
[SESSION] sorting_results_bistable_sub6_session1_v2
========================================================================================
  [START] sorting_results_bistable_sub6_session1_v2/ATL :: bombcell
    [WARN] remove_duplicated_spikes step skipped: SortingAnalyzer could not load the recording
    [WARN] remove_redundant_units step skipped: get_dense_templates_array: return_in_uV=True is not possible SortingAnalyzer has the reverse
  [ERROR] sorting_results_bistable_sub6_session1_v2/ATL :: bombcell: Metric(s) ['num_positive_peaks', 'num_negative_peaks', 'peak_to_trough_duration', 'waveform_baseline_flatness', 'peak_after_to_trough_ratio', 'exp_decay'] specified in thresholds are not present in the quality metrics DataFrame. Available metrics are: ['num_spikes', 'snr', 'isi_violations_ratio', 'isi_violations_count', 'firing_rate', 'presence_ratio']
  [START] sorting_results_bistable_sub6_session1_v2/ATL :: unitrefine
    [WARN] remove_duplicated_spikes step skipped: SortingAnalyzer could not load the recording
    [WARN] remove_redundant_units step skipped: get_dense_templates_array: return_in_uV=True is not possible SortingAnalyzer has the reverse
  [ERROR] sorting_results_bistable_sub6_session1_v2/ATL :: unitrefine: unitrefine_label_units() got an unexpected keyword argument 'noise_neural_model'
  [START] sorting_results_bistable_sub6_session1_v2/HG :: bombcell
    [WARN] remove_duplicated_spikes step skipped: SortingAnalyzer could not load the recording
    [WARN] remove_redundant_units step skipped: get_dense_templates_array: return_in_uV=True is not possible SortingAnalyzer has the reverse
  [ERROR] sorting_results_bistable_sub6_session1_v2/HG :: bombcell: Metric(s) ['num_positive_peaks', 'num_negative_peaks', 'peak_to_trough_duration', 'waveform_baseline_flatness', 'peak_after_to_trough_ratio', 'exp_decay'] specified in thresholds are not present in the quality metrics DataFrame. Available metrics are: ['num_spikes', 'snr', 'isi_violations_ratio', 'isi_violations_count', 'firing_rate', 'presence_ratio']
  [START] sorting_results_bistable_sub6_session1_v2/HG :: unitrefine
    [WARN] remove_duplicated_spikes step skipped: SortingAnalyzer could not load the recording
    [WARN] remove_redundant_units step skipped: get_dense_templates_array: return_in_uV=True is not possible SortingAnalyzer has the reverse
  [ERROR] sorting_results_bistable_sub6_session1_v2/HG :: unitrefine: unitrefine_label_units() got an unexpected keyword argument 'noise_neural_model'
  [START] sorting_results_bistable_sub6_session1_v2/VMPFC :: bombcell
    [WARN] remove_duplicated_spikes step skipped: SortingAnalyzer could not load the recording
    [WARN] remove_redundant_units step skipped: get_dense_templates_array: return_in_uV=True is not possible SortingAnalyzer has the reverse
  [ERROR] sorting_results_bistable_sub6_session1_v2/VMPFC :: bombcell: Metric(s) ['num_positive_peaks', 'num_negative_peaks', 'peak_to_trough_duration', 'waveform_baseline_flatness', 'peak_after_to_trough_ratio', 'exp_decay'] specified in thresholds are not present in the quality metrics DataFrame. Available metrics are: ['num_spikes', 'snr', 'isi_violations_ratio', 'isi_violations_count', 'firing_rate', 'presence_ratio']
  [START] sorting_results_bistable_sub6_session1_v2/VMPFC :: unitrefine
    [WARN] remove_duplicated_spikes step skipped: SortingAnalyzer could not load the recording
    [WARN] remove_redundant_units step skipped: get_dense_templates_array: return_in_uV=True is not possible SortingAnalyzer has the reverse
  [ERROR] sorting_results_bistable_sub6_session1_v2/VMPFC :: unitrefine: unitrefine_label_units() got an unexpected keyword argument 'noise_neural_model'
  [START] sorting_results_bistable_sub6_session1_v2/Amygdala :: bombcell
    [WARN] remove_duplicated_spikes step skipped: SortingAnalyzer could not load the recording
    [WARN] remove_redundant_units step skipped: get_dense_templates_array: return_in_uV=True is not possible SortingAnalyzer has the reverse
  [ERROR] sorting_results_bistable_sub6_session1_v2/Amygdala :: bombcell: Metric(s) ['num_positive_peaks', 'num_negative_peaks', 'peak_to_trough_duration', 'waveform_baseline_flatness', 'peak_after_to_trough_ratio', 'exp_decay'] specified in thresholds are not present in the quality metrics DataFrame. Available metrics are: ['num_spikes', 'snr', 'isi_violations_ratio', 'isi_violations_count', 'firing_rate', 'presence_ratio']
  [START] sorting_results_bistable_sub6_session1_v2/Amygdala :: unitrefine
    [WARN] remove_duplicated_spikes step skipped: SortingAnalyzer could not load the recording
    [WARN] remove_redundant_units step skipped: get_dense_templates_array: return_in_uV=True is not possible SortingAnalyzer has the reverse
  [ERROR] sorting_results_bistable_sub6_session1_v2/Amygdala :: unitrefine: unitrefine_label_units() got an unexpected keyword argument 'noise_neural_model'
========================================================================================
[SESSION] sorting_results_bistable_sub6_session3_v2
========================================================================================
  [START] sorting_results_bistable_sub6_session3_v2/ATL :: bombcell
    [WARN] remove_duplicated_spikes step skipped: SortingAnalyzer could not load the recording
    [WARN] remove_redundant_units step skipped: get_dense_templates_array: return_in_uV=True is not possible SortingAnalyzer has the reverse
  [ERROR] sorting_results_bistable_sub6_session3_v2/ATL :: bombcell: Metric(s) ['num_positive_peaks', 'num_negative_peaks', 'peak_to_trough_duration', 'waveform_baseline_flatness', 'peak_after_to_trough_ratio', 'exp_decay'] specified in thresholds are not present in the quality metrics DataFrame. Available metrics are: ['num_spikes', 'snr', 'isi_violations_ratio', 'isi_violations_count', 'firing_rate', 'presence_ratio']
  [START] sorting_results_bistable_sub6_session3_v2/ATL :: unitrefine
    [WARN] remove_duplicated_spikes step skipped: SortingAnalyzer could not load the recording
    [WARN] remove_redundant_units step skipped: get_dense_templates_array: return_in_uV=True is not possible SortingAnalyzer has the reverse
  [ERROR] sorting_results_bistable_sub6_session3_v2/ATL :: unitrefine: unitrefine_label_units() got an unexpected keyword argument 'noise_neural_model'
  [START] sorting_results_bistable_sub6_session3_v2/HG :: bombcell
    [WARN] remove_duplicated_spikes step skipped: SortingAnalyzer could not load the recording
    [WARN] remove_redundant_units step skipped: get_dense_templates_array: return_in_uV=True is not possible SortingAnalyzer has the reverse
  [ERROR] sorting_results_bistable_sub6_session3_v2/HG :: bombcell: Metric(s) ['num_positive_peaks', 'num_negative_peaks', 'peak_to_trough_duration', 'waveform_baseline_flatness', 'peak_after_to_trough_ratio', 'exp_decay'] specified in thresholds are not present in the quality metrics DataFrame. Available metrics are: ['num_spikes', 'snr', 'isi_violations_ratio', 'isi_violations_count', 'firing_rate', 'presence_ratio']
  [START] sorting_results_bistable_sub6_session3_v2/HG :: unitrefine
    [WARN] remove_duplicated_spikes step skipped: SortingAnalyzer could not load the recording
    [WARN] remove_redundant_units step skipped: get_dense_templates_array: return_in_uV=True is not possible SortingAnalyzer has the reverse
  [ERROR] sorting_results_bistable_sub6_session3_v2/HG :: unitrefine: unitrefine_label_units() got an unexpected keyword argument 'noise_neural_model'
  [START] sorting_results_bistable_sub6_session3_v2/VMPFC :: bombcell
    [WARN] remove_duplicated_spikes step skipped: SortingAnalyzer could not load the recording
    [WARN] remove_redundant_units step skipped: get_dense_templates_array: return_in_uV=True is not possible SortingAnalyzer has the reverse
  [ERROR] sorting_results_bistable_sub6_session3_v2/VMPFC :: bombcell: Metric(s) ['num_positive_peaks', 'num_negative_peaks', 'peak_to_trough_duration', 'waveform_baseline_flatness', 'peak_after_to_trough_ratio', 'exp_decay'] specified in thresholds are not present in the quality metrics DataFrame. Available metrics are: ['num_spikes', 'snr', 'isi_violations_ratio', 'isi_violations_count', 'firing_rate', 'presence_ratio']
  [START] sorting_results_bistable_sub6_session3_v2/VMPFC :: unitrefine
    [WARN] remove_duplicated_spikes step skipped: SortingAnalyzer could not load the recording
    [WARN] remove_redundant_units step skipped: get_dense_templates_array: return_in_uV=True is not possible SortingAnalyzer has the reverse
  [ERROR] sorting_results_bistable_sub6_session3_v2/VMPFC :: unitrefine: unitrefine_label_units() got an unexpected keyword argument 'noise_neural_model'
  [START] sorting_results_bistable_sub6_session3_v2/Amygdala :: bombcell
    [WARN] remove_duplicated_spikes step skipped: SortingAnalyzer could not load the recording
    [WARN] remove_redundant_units step skipped: get_dense_templates_array: return_in_uV=True is not possible SortingAnalyzer has the reverse
  [ERROR] sorting_results_bistable_sub6_session3_v2/Amygdala :: bombcell: Metric(s) ['num_positive_peaks', 'num_negative_peaks', 'peak_to_trough_duration', 'waveform_baseline_flatness', 'peak_after_to_trough_ratio', 'exp_decay'] specified in thresholds are not present in the quality metrics DataFrame. Available metrics are: ['num_spikes', 'snr', 'isi_violations_ratio', 'isi_violations_count', 'firing_rate', 'presence_ratio']
  [START] sorting_results_bistable_sub6_session3_v2/Amygdala :: unitrefine
    [WARN] remove_duplicated_spikes step skipped: SortingAnalyzer could not load the recording
    [WARN] remove_redundant_units step skipped: get_dense_templates_array: return_in_uV=True is not possible SortingAnalyzer has the reverse
  [ERROR] sorting_results_bistable_sub6_session3_v2/Amygdala :: unitrefine: unitrefine_label_units() got an unexpected keyword argument 'noise_neural_model'
========================================================================================
[SESSION] sorting_results_bistable_sub6_session6_v2
========================================================================================
  [START] sorting_results_bistable_sub6_session6_v2/ATL :: bombcell
    [WARN] remove_duplicated_spikes step skipped: SortingAnalyzer could not load the recording
    [WARN] remove_redundant_units step skipped: get_dense_templates_array: return_in_uV=True is not possible SortingAnalyzer has the reverse
  [ERROR] sorting_results_bistable_sub6_session6_v2/ATL :: bombcell: Metric(s) ['num_positive_peaks', 'num_negative_peaks', 'peak_to_trough_duration', 'waveform_baseline_flatness', 'peak_after_to_trough_ratio', 'exp_decay'] specified in thresholds are not present in the quality metrics DataFrame. Available metrics are: ['num_spikes', 'snr', 'isi_violations_ratio', 'isi_violations_count', 'firing_rate', 'presence_ratio']
  [START] sorting_results_bistable_sub6_session6_v2/ATL :: unitrefine
    [WARN] remove_duplicated_spikes step skipped: SortingAnalyzer could not load the recording
    [WARN] remove_redundant_units step skipped: get_dense_templates_array: return_in_uV=True is not possible SortingAnalyzer has the reverse
  [ERROR] sorting_results_bistable_sub6_session6_v2/ATL :: unitrefine: unitrefine_label_units() got an unexpected keyword argument 'noise_neural_model'
  [START] sorting_results_bistable_sub6_session6_v2/HG :: bombcell
    [WARN] remove_duplicated_spikes step skipped: SortingAnalyzer could not load the recording
    [WARN] remove_redundant_units step skipped: get_dense_templates_array: return_in_uV=True is not possible SortingAnalyzer has the reverse
  [ERROR] sorting_results_bistable_sub6_session6_v2/HG :: bombcell: Metric(s) ['num_positive_peaks', 'num_negative_peaks', 'peak_to_trough_duration', 'waveform_baseline_flatness', 'peak_after_to_trough_ratio', 'exp_decay'] specified in thresholds are not present in the quality metrics DataFrame. Available metrics are: ['num_spikes', 'snr', 'isi_violations_ratio', 'isi_violations_count', 'firing_rate', 'presence_ratio']
  [START] sorting_results_bistable_sub6_session6_v2/HG :: unitrefine
    [WARN] remove_duplicated_spikes step skipped: SortingAnalyzer could not load the recording
    [WARN] remove_redundant_units step skipped: get_dense_templates_array: return_in_uV=True is not possible SortingAnalyzer has the reverse
  [ERROR] sorting_results_bistable_sub6_session6_v2/HG :: unitrefine: unitrefine_label_units() got an unexpected keyword argument 'noise_neural_model'
  [START] sorting_results_bistable_sub6_session6_v2/VMPFC :: bombcell
    [WARN] remove_duplicated_spikes step skipped: SortingAnalyzer could not load the recording
    [WARN] remove_redundant_units step skipped: get_dense_templates_array: return_in_uV=True is not possible SortingAnalyzer has the reverse
  [ERROR] sorting_results_bistable_sub6_session6_v2/VMPFC :: bombcell: Metric(s) ['num_positive_peaks', 'num_negative_peaks', 'peak_to_trough_duration', 'waveform_baseline_flatness', 'peak_after_to_trough_ratio', 'exp_decay'] specified in thresholds are not present in the quality metrics DataFrame. Available metrics are: ['num_spikes', 'snr', 'isi_violations_ratio', 'isi_violations_count', 'firing_rate', 'presence_ratio']
  [START] sorting_results_bistable_sub6_session6_v2/VMPFC :: unitrefine
    [WARN] remove_duplicated_spikes step skipped: SortingAnalyzer could not load the recording
    [WARN] remove_redundant_units step skipped: get_dense_templates_array: return_in_uV=True is not possible SortingAnalyzer has the reverse
  [ERROR] sorting_results_bistable_sub6_session6_v2/VMPFC :: unitrefine: unitrefine_label_units() got an unexpected keyword argument 'noise_neural_model'
  [START] sorting_results_bistable_sub6_session6_v2/Amygdala :: bombcell
    [WARN] remove_duplicated_spikes step skipped: SortingAnalyzer could not load the recording
    [WARN] remove_redundant_units step skipped: get_dense_templates_array: return_in_uV=True is not possible SortingAnalyzer has the reverse
  [ERROR] sorting_results_bistable_sub6_session6_v2/Amygdala :: bombcell: Metric(s) ['num_positive_peaks', 'num_negative_peaks', 'peak_to_trough_duration', 'waveform_baseline_flatness', 'peak_after_to_trough_ratio', 'exp_decay'] specified in thresholds are not present in the quality metrics DataFrame. Available metrics are: ['num_spikes', 'snr', 'isi_violations_ratio', 'isi_violations_count', 'firing_rate', 'presence_ratio']
  [START] sorting_results_bistable_sub6_session6_v2/Amygdala :: unitrefine
    [WARN] remove_duplicated_spikes step skipped: SortingAnalyzer could not load the recording
    [WARN] remove_redundant_units step skipped: get_dense_templates_array: return_in_uV=True is not possible SortingAnalyzer has the reverse
  [ERROR] sorting_results_bistable_sub6_session6_v2/Amygdala :: unitrefine: unitrefine_label_units() got an unexpected keyword argument 'noise_neural_model'
========================================================================================
[SESSION] sorting_results_sub5_Temp_260121_095012_Temp_260121_095012_v2_rawmat
========================================================================================
  [START] sorting_results_sub5_Temp_260121_095012_Temp_260121_095012_v2_rawmat/ATL :: bombcell
    [WARN] remove_duplicated_spikes step skipped: SortingAnalyzer could not load the recording
    [WARN] remove_redundant_units step skipped: get_dense_templates_array: return_in_uV=True is not possible SortingAnalyzer has the reverse
  [ERROR] sorting_results_sub5_Temp_260121_095012_Temp_260121_095012_v2_rawmat/ATL :: bombcell: Metric(s) ['num_positive_peaks', 'num_negative_peaks', 'peak_to_trough_duration', 'waveform_baseline_flatness', 'peak_after_to_trough_ratio', 'exp_decay'] specified in thresholds are not present in the quality metrics DataFrame. Available metrics are: ['num_spikes', 'snr', 'isi_violations_ratio', 'isi_violations_count', 'firing_rate', 'presence_ratio']
  [START] sorting_results_sub5_Temp_260121_095012_Temp_260121_095012_v2_rawmat/ATL :: unitrefine
    [WARN] remove_duplicated_spikes step skipped: SortingAnalyzer could not load the recording
    [WARN] remove_redundant_units step skipped: get_dense_templates_array: return_in_uV=True is not possible SortingAnalyzer has the reverse
  [ERROR] sorting_results_sub5_Temp_260121_095012_Temp_260121_095012_v2_rawmat/ATL :: unitrefine: unitrefine_label_units() got an unexpected keyword argument 'noise_neural_model'
  [START] sorting_results_sub5_Temp_260121_095012_Temp_260121_095012_v2_rawmat/HG :: bombcell
    [WARN] remove_duplicated_spikes step skipped: SortingAnalyzer could not load the recording
    [WARN] remove_redundant_units step skipped: get_dense_templates_array: return_in_uV=True is not possible SortingAnalyzer has the reverse
  [ERROR] sorting_results_sub5_Temp_260121_095012_Temp_260121_095012_v2_rawmat/HG :: bombcell: Metric(s) ['num_positive_peaks', 'num_negative_peaks', 'peak_to_trough_duration', 'waveform_baseline_flatness', 'peak_after_to_trough_ratio', 'exp_decay'] specified in thresholds are not present in the quality metrics DataFrame. Available metrics are: ['num_spikes', 'snr', 'isi_violations_ratio', 'isi_violations_count', 'firing_rate', 'presence_ratio']
  [START] sorting_results_sub5_Temp_260121_095012_Temp_260121_095012_v2_rawmat/HG :: unitrefine
    [WARN] remove_duplicated_spikes step skipped: SortingAnalyzer could not load the recording
    [WARN] remove_redundant_units step skipped: get_dense_templates_array: return_in_uV=True is not possible SortingAnalyzer has the reverse
  [ERROR] sorting_results_sub5_Temp_260121_095012_Temp_260121_095012_v2_rawmat/HG :: unitrefine: unitrefine_label_units() got an unexpected keyword argument 'noise_neural_model'
  [START] sorting_results_sub5_Temp_260121_095012_Temp_260121_095012_v2_rawmat/VMPFC :: bombcell
    [WARN] remove_duplicated_spikes step skipped: SortingAnalyzer could not load the recording
    [WARN] remove_redundant_units step skipped: get_dense_templates_array: return_in_uV=True is not possible SortingAnalyzer has the reverse
  [ERROR] sorting_results_sub5_Temp_260121_095012_Temp_260121_095012_v2_rawmat/VMPFC :: bombcell: Metric(s) ['num_positive_peaks', 'num_negative_peaks', 'peak_to_trough_duration', 'waveform_baseline_flatness', 'peak_after_to_trough_ratio', 'exp_decay'] specified in thresholds are not present in the quality metrics DataFrame. Available metrics are: ['num_spikes', 'snr', 'isi_violations_ratio', 'isi_violations_count', 'firing_rate', 'presence_ratio']
  [START] sorting_results_sub5_Temp_260121_095012_Temp_260121_095012_v2_rawmat/VMPFC :: unitrefine
    [WARN] remove_duplicated_spikes step skipped: SortingAnalyzer could not load the recording
    [WARN] remove_redundant_units step skipped: get_dense_templates_array: return_in_uV=True is not possible SortingAnalyzer has the reverse
  [ERROR] sorting_results_sub5_Temp_260121_095012_Temp_260121_095012_v2_rawmat/VMPFC :: unitrefine: unitrefine_label_units() got an unexpected keyword argument 'noise_neural_model'
  [START] sorting_results_sub5_Temp_260121_095012_Temp_260121_095012_v2_rawmat/Amygdala :: bombcell
    [WARN] remove_duplicated_spikes step skipped: SortingAnalyzer could not load the recording
    [WARN] remove_redundant_units step skipped: get_dense_templates_array: return_in_uV=True is not possible SortingAnalyzer has the reverse
  [ERROR] sorting_results_sub5_Temp_260121_095012_Temp_260121_095012_v2_rawmat/Amygdala :: bombcell: Metric(s) ['num_positive_peaks', 'num_negative_peaks', 'peak_to_trough_duration', 'waveform_baseline_flatness', 'peak_after_to_trough_ratio', 'exp_decay'] specified in thresholds are not present in the quality metrics DataFrame. Available metrics are: ['num_spikes', 'snr', 'isi_violations_ratio', 'isi_violations_count', 'firing_rate', 'presence_ratio']
  [START] sorting_results_sub5_Temp_260121_095012_Temp_260121_095012_v2_rawmat/Amygdala :: unitrefine
    [WARN] remove_duplicated_spikes step skipped: SortingAnalyzer could not load the recording
    [WARN] remove_redundant_units step skipped: get_dense_templates_array: return_in_uV=True is not possible SortingAnalyzer has the reverse
  [ERROR] sorting_results_sub5_Temp_260121_095012_Temp_260121_095012_v2_rawmat/Amygdala :: unitrefine: unitrefine_label_units() got an unexpected keyword argument 'noise_neural_model'
========================================================================================
[SESSION] sorting_results_sub5_Temp_260121_095012_Temp_260121_100012_v2_rawmat
========================================================================================
  [START] sorting_results_sub5_Temp_260121_095012_Temp_260121_100012_v2_rawmat/ATL :: bombcell
    [WARN] remove_duplicated_spikes step skipped: SortingAnalyzer could not load the recording
    [WARN] remove_redundant_units step skipped: get_dense_templates_array: return_in_uV=True is not possible SortingAnalyzer has the reverse
  [ERROR] sorting_results_sub5_Temp_260121_095012_Temp_260121_100012_v2_rawmat/ATL :: bombcell: Metric(s) ['num_positive_peaks', 'num_negative_peaks', 'peak_to_trough_duration', 'waveform_baseline_flatness', 'peak_after_to_trough_ratio', 'exp_decay'] specified in thresholds are not present in the quality metrics DataFrame. Available metrics are: ['num_spikes', 'snr', 'isi_violations_ratio', 'isi_violations_count', 'firing_rate', 'presence_ratio']
  [START] sorting_results_sub5_Temp_260121_095012_Temp_260121_100012_v2_rawmat/ATL :: unitrefine
    [WARN] remove_duplicated_spikes step skipped: SortingAnalyzer could not load the recording
    [WARN] remove_redundant_units step skipped: get_dense_templates_array: return_in_uV=True is not possible SortingAnalyzer has the reverse
  [ERROR] sorting_results_sub5_Temp_260121_095012_Temp_260121_100012_v2_rawmat/ATL :: unitrefine: unitrefine_label_units() got an unexpected keyword argument 'noise_neural_model'
  [START] sorting_results_sub5_Temp_260121_095012_Temp_260121_100012_v2_rawmat/HG :: bombcell
    [WARN] remove_duplicated_spikes step skipped: SortingAnalyzer could not load the recording
    [WARN] remove_redundant_units step skipped: get_dense_templates_array: return_in_uV=True is not possible SortingAnalyzer has the reverse
  [ERROR] sorting_results_sub5_Temp_260121_095012_Temp_260121_100012_v2_rawmat/HG :: bombcell: Metric(s) ['num_positive_peaks', 'num_negative_peaks', 'peak_to_trough_duration', 'waveform_baseline_flatness', 'peak_after_to_trough_ratio', 'exp_decay'] specified in thresholds are not present in the quality metrics DataFrame. Available metrics are: ['num_spikes', 'snr', 'isi_violations_ratio', 'isi_violations_count', 'firing_rate', 'presence_ratio']
  [START] sorting_results_sub5_Temp_260121_095012_Temp_260121_100012_v2_rawmat/HG :: unitrefine
    [WARN] remove_duplicated_spikes step skipped: SortingAnalyzer could not load the recording
    [WARN] remove_redundant_units step skipped: get_dense_templates_array: return_in_uV=True is not possible SortingAnalyzer has the reverse
  [ERROR] sorting_results_sub5_Temp_260121_095012_Temp_260121_100012_v2_rawmat/HG :: unitrefine: unitrefine_label_units() got an unexpected keyword argument 'noise_neural_model'
  [START] sorting_results_sub5_Temp_260121_095012_Temp_260121_100012_v2_rawmat/VMPFC :: bombcell
    [WARN] remove_duplicated_spikes step skipped: SortingAnalyzer could not load the recording
    [WARN] remove_redundant_units step skipped: get_dense_templates_array: return_in_uV=True is not possible SortingAnalyzer has the reverse
  [ERROR] sorting_results_sub5_Temp_260121_095012_Temp_260121_100012_v2_rawmat/VMPFC :: bombcell: Metric(s) ['num_positive_peaks', 'num_negative_peaks', 'peak_to_trough_duration', 'waveform_baseline_flatness', 'peak_after_to_trough_ratio', 'exp_decay'] specified in thresholds are not present in the quality metrics DataFrame. Available metrics are: ['num_spikes', 'snr', 'isi_violations_ratio', 'isi_violations_count', 'firing_rate', 'presence_ratio']
  [START] sorting_results_sub5_Temp_260121_095012_Temp_260121_100012_v2_rawmat/VMPFC :: unitrefine
    [WARN] remove_duplicated_spikes step skipped: SortingAnalyzer could not load the recording
    [WARN] remove_redundant_units step skipped: get_dense_templates_array: return_in_uV=True is not possible SortingAnalyzer has the reverse
  [ERROR] sorting_results_sub5_Temp_260121_095012_Temp_260121_100012_v2_rawmat/VMPFC :: unitrefine: unitrefine_label_units() got an unexpected keyword argument 'noise_neural_model'
  [START] sorting_results_sub5_Temp_260121_095012_Temp_260121_100012_v2_rawmat/Amygdala :: bombcell
    [WARN] remove_duplicated_spikes step skipped: SortingAnalyzer could not load the recording
    [WARN] remove_redundant_units step skipped: get_dense_templates_array: return_in_uV=True is not possible SortingAnalyzer has the reverse
  [ERROR] sorting_results_sub5_Temp_260121_095012_Temp_260121_100012_v2_rawmat/Amygdala :: bombcell: Metric(s) ['num_positive_peaks', 'num_negative_peaks', 'peak_to_trough_duration', 'waveform_baseline_flatness', 'peak_after_to_trough_ratio', 'exp_decay'] specified in thresholds are not present in the quality metrics DataFrame. Available metrics are: ['num_spikes', 'snr', 'isi_violations_ratio', 'isi_violations_count', 'firing_rate', 'presence_ratio']
  [START] sorting_results_sub5_Temp_260121_095012_Temp_260121_100012_v2_rawmat/Amygdala :: unitrefine
    [WARN] remove_duplicated_spikes step skipped: SortingAnalyzer could not load the recording
    [WARN] remove_redundant_units step skipped: get_dense_templates_array: return_in_uV=True is not possible SortingAnalyzer has the reverse
  [ERROR] sorting_results_sub5_Temp_260121_095012_Temp_260121_100012_v2_rawmat/Amygdala :: unitrefine: unitrefine_label_units() got an unexpected keyword argument 'noise_neural_model'
========================================================================================
[SESSION] sorting_results_sub5_Temp_260121_103639_Temp_260121_103639_v2_rawmat
========================================================================================
  [START] sorting_results_sub5_Temp_260121_103639_Temp_260121_103639_v2_rawmat/ATL :: bombcell
    [WARN] remove_duplicated_spikes step skipped: SortingAnalyzer could not load the recording
    [WARN] remove_redundant_units step skipped: get_dense_templates_array: return_in_uV=True is not possible SortingAnalyzer has the reverse
  [ERROR] sorting_results_sub5_Temp_260121_103639_Temp_260121_103639_v2_rawmat/ATL :: bombcell: Metric(s) ['num_positive_peaks', 'num_negative_peaks', 'peak_to_trough_duration', 'waveform_baseline_flatness', 'peak_after_to_trough_ratio', 'exp_decay'] specified in thresholds are not present in the quality metrics DataFrame. Available metrics are: ['num_spikes', 'snr', 'isi_violations_ratio', 'isi_violations_count', 'firing_rate', 'presence_ratio']
  [START] sorting_results_sub5_Temp_260121_103639_Temp_260121_103639_v2_rawmat/ATL :: unitrefine
    [WARN] remove_duplicated_spikes step skipped: SortingAnalyzer could not load the recording
    [WARN] remove_redundant_units step skipped: get_dense_templates_array: return_in_uV=True is not possible SortingAnalyzer has the reverse
  [ERROR] sorting_results_sub5_Temp_260121_103639_Temp_260121_103639_v2_rawmat/ATL :: unitrefine: unitrefine_label_units() got an unexpected keyword argument 'noise_neural_model'
  [START] sorting_results_sub5_Temp_260121_103639_Temp_260121_103639_v2_rawmat/HG :: bombcell
    [WARN] remove_duplicated_spikes step skipped: SortingAnalyzer could not load the recording
    [WARN] remove_redundant_units step skipped: get_dense_templates_array: return_in_uV=True is not possible SortingAnalyzer has the reverse
  [ERROR] sorting_results_sub5_Temp_260121_103639_Temp_260121_103639_v2_rawmat/HG :: bombcell: Metric(s) ['num_positive_peaks', 'num_negative_peaks', 'peak_to_trough_duration', 'waveform_baseline_flatness', 'peak_after_to_trough_ratio', 'exp_decay'] specified in thresholds are not present in the quality metrics DataFrame. Available metrics are: ['num_spikes', 'snr', 'isi_violations_ratio', 'isi_violations_count', 'firing_rate', 'presence_ratio']
  [START] sorting_results_sub5_Temp_260121_103639_Temp_260121_103639_v2_rawmat/HG :: unitrefine
    [WARN] remove_duplicated_spikes step skipped: SortingAnalyzer could not load the recording
    [WARN] remove_redundant_units step skipped: get_dense_templates_array: return_in_uV=True is not possible SortingAnalyzer has the reverse
  [ERROR] sorting_results_sub5_Temp_260121_103639_Temp_260121_103639_v2_rawmat/HG :: unitrefine: unitrefine_label_units() got an unexpected keyword argument 'noise_neural_model'
  [START] sorting_results_sub5_Temp_260121_103639_Temp_260121_103639_v2_rawmat/VMPFC :: bombcell
    [WARN] remove_duplicated_spikes step skipped: SortingAnalyzer could not load the recording
    [WARN] remove_redundant_units step skipped: get_dense_templates_array: return_in_uV=True is not possible SortingAnalyzer has the reverse
  [ERROR] sorting_results_sub5_Temp_260121_103639_Temp_260121_103639_v2_rawmat/VMPFC :: bombcell: Metric(s) ['num_positive_peaks', 'num_negative_peaks', 'peak_to_trough_duration', 'waveform_baseline_flatness', 'peak_after_to_trough_ratio', 'exp_decay'] specified in thresholds are not present in the quality metrics DataFrame. Available metrics are: ['num_spikes', 'snr', 'isi_violations_ratio', 'isi_violations_count', 'firing_rate', 'presence_ratio']
  [START] sorting_results_sub5_Temp_260121_103639_Temp_260121_103639_v2_rawmat/VMPFC :: unitrefine
    [WARN] remove_duplicated_spikes step skipped: SortingAnalyzer could not load the recording
    [WARN] remove_redundant_units step skipped: get_dense_templates_array: return_in_uV=True is not possible SortingAnalyzer has the reverse
  [ERROR] sorting_results_sub5_Temp_260121_103639_Temp_260121_103639_v2_rawmat/VMPFC :: unitrefine: unitrefine_label_units() got an unexpected keyword argument 'noise_neural_model'
  [START] sorting_results_sub5_Temp_260121_103639_Temp_260121_103639_v2_rawmat/Amygdala :: bombcell
    [WARN] remove_duplicated_spikes step skipped: SortingAnalyzer could not load the recording
    [WARN] remove_redundant_units step skipped: get_dense_templates_array: return_in_uV=True is not possible SortingAnalyzer has the reverse
  [ERROR] sorting_results_sub5_Temp_260121_103639_Temp_260121_103639_v2_rawmat/Amygdala :: bombcell: Metric(s) ['num_positive_peaks', 'num_negative_peaks', 'peak_to_trough_duration', 'waveform_baseline_flatness', 'peak_after_to_trough_ratio', 'exp_decay'] specified in thresholds are not present in the quality metrics DataFrame. Available metrics are: ['num_spikes', 'snr', 'isi_violations_ratio', 'isi_violations_count', 'firing_rate', 'presence_ratio']
  [START] sorting_results_sub5_Temp_260121_103639_Temp_260121_103639_v2_rawmat/Amygdala :: unitrefine
    [WARN] remove_duplicated_spikes step skipped: SortingAnalyzer could not load the recording
    [WARN] remove_redundant_units step skipped: get_dense_templates_array: return_in_uV=True is not possible SortingAnalyzer has the reverse
  [ERROR] sorting_results_sub5_Temp_260121_103639_Temp_260121_103639_v2_rawmat/Amygdala :: unitrefine: unitrefine_label_units() got an unexpected keyword argument 'noise_neural_model'
========================================================================================
[SESSION] sorting_results_sub5_Temp_260121_103639_Temp_260121_104639_v2_rawmat
========================================================================================
  [START] sorting_results_sub5_Temp_260121_103639_Temp_260121_104639_v2_rawmat/ATL :: bombcell
    [WARN] remove_duplicated_spikes step skipped: SortingAnalyzer could not load the recording
    [WARN] remove_redundant_units step skipped: get_dense_templates_array: return_in_uV=True is not possible SortingAnalyzer has the reverse
  [ERROR] sorting_results_sub5_Temp_260121_103639_Temp_260121_104639_v2_rawmat/ATL :: bombcell: Metric(s) ['num_positive_peaks', 'num_negative_peaks', 'peak_to_trough_duration', 'waveform_baseline_flatness', 'peak_after_to_trough_ratio', 'exp_decay'] specified in thresholds are not present in the quality metrics DataFrame. Available metrics are: ['num_spikes', 'snr', 'isi_violations_ratio', 'isi_violations_count', 'firing_rate', 'presence_ratio']
  [START] sorting_results_sub5_Temp_260121_103639_Temp_260121_104639_v2_rawmat/ATL :: unitrefine
    [WARN] remove_duplicated_spikes step skipped: SortingAnalyzer could not load the recording
    [WARN] remove_redundant_units step skipped: get_dense_templates_array: return_in_uV=True is not possible SortingAnalyzer has the reverse
  [ERROR] sorting_results_sub5_Temp_260121_103639_Temp_260121_104639_v2_rawmat/ATL :: unitrefine: unitrefine_label_units() got an unexpected keyword argument 'noise_neural_model'
  [START] sorting_results_sub5_Temp_260121_103639_Temp_260121_104639_v2_rawmat/HG :: bombcell
    [WARN] remove_duplicated_spikes step skipped: SortingAnalyzer could not load the recording
    [WARN] remove_redundant_units step skipped: get_dense_templates_array: return_in_uV=True is not possible SortingAnalyzer has the reverse
  [ERROR] sorting_results_sub5_Temp_260121_103639_Temp_260121_104639_v2_rawmat/HG :: bombcell: Metric(s) ['num_positive_peaks', 'num_negative_peaks', 'peak_to_trough_duration', 'waveform_baseline_flatness', 'peak_after_to_trough_ratio', 'exp_decay'] specified in thresholds are not present in the quality metrics DataFrame. Available metrics are: ['num_spikes', 'snr', 'isi_violations_ratio', 'isi_violations_count', 'firing_rate', 'presence_ratio']
  [START] sorting_results_sub5_Temp_260121_103639_Temp_260121_104639_v2_rawmat/HG :: unitrefine
    [WARN] remove_duplicated_spikes step skipped: SortingAnalyzer could not load the recording
    [WARN] remove_redundant_units step skipped: get_dense_templates_array: return_in_uV=True is not possible SortingAnalyzer has the reverse
  [ERROR] sorting_results_sub5_Temp_260121_103639_Temp_260121_104639_v2_rawmat/HG :: unitrefine: unitrefine_label_units() got an unexpected keyword argument 'noise_neural_model'
  [START] sorting_results_sub5_Temp_260121_103639_Temp_260121_104639_v2_rawmat/VMPFC :: bombcell
    [WARN] remove_duplicated_spikes step skipped: SortingAnalyzer could not load the recording
    [WARN] remove_redundant_units step skipped: get_dense_templates_array: return_in_uV=True is not possible SortingAnalyzer has the reverse
  [ERROR] sorting_results_sub5_Temp_260121_103639_Temp_260121_104639_v2_rawmat/VMPFC :: bombcell: Metric(s) ['num_positive_peaks', 'num_negative_peaks', 'peak_to_trough_duration', 'waveform_baseline_flatness', 'peak_after_to_trough_ratio', 'exp_decay'] specified in thresholds are not present in the quality metrics DataFrame. Available metrics are: ['num_spikes', 'snr', 'isi_violations_ratio', 'isi_violations_count', 'firing_rate', 'presence_ratio']
  [START] sorting_results_sub5_Temp_260121_103639_Temp_260121_104639_v2_rawmat/VMPFC :: unitrefine
    [WARN] remove_duplicated_spikes step skipped: SortingAnalyzer could not load the recording
    [WARN] remove_redundant_units step skipped: get_dense_templates_array: return_in_uV=True is not possible SortingAnalyzer has the reverse
  [ERROR] sorting_results_sub5_Temp_260121_103639_Temp_260121_104639_v2_rawmat/VMPFC :: unitrefine: unitrefine_label_units() got an unexpected keyword argument 'noise_neural_model'
  [START] sorting_results_sub5_Temp_260121_103639_Temp_260121_104639_v2_rawmat/Amygdala :: bombcell
    [WARN] remove_duplicated_spikes step skipped: SortingAnalyzer could not load the recording
    [WARN] remove_redundant_units step skipped: get_dense_templates_array: return_in_uV=True is not possible SortingAnalyzer has the reverse
  [ERROR] sorting_results_sub5_Temp_260121_103639_Temp_260121_104639_v2_rawmat/Amygdala :: bombcell: Metric(s) ['num_positive_peaks', 'num_negative_peaks', 'peak_to_trough_duration', 'waveform_baseline_flatness', 'peak_after_to_trough_ratio', 'exp_decay'] specified in thresholds are not present in the quality metrics DataFrame. Available metrics are: ['num_spikes', 'snr', 'isi_violations_ratio', 'isi_violations_count', 'firing_rate', 'presence_ratio']
  [START] sorting_results_sub5_Temp_260121_103639_Temp_260121_104639_v2_rawmat/Amygdala :: unitrefine
    [WARN] remove_duplicated_spikes step skipped: SortingAnalyzer could not load the recording
    [WARN] remove_redundant_units step skipped: get_dense_templates_array: return_in_uV=True is not possible SortingAnalyzer has the reverse
  [ERROR] sorting_results_sub5_Temp_260121_103639_Temp_260121_104639_v2_rawmat/Amygdala :: unitrefine: unitrefine_label_units() got an unexpected keyword argument 'noise_neural_model'
========================================================================================
[SESSION] sorting_results_sub5_Temp_260121_104824_Temp_260121_104824_v2_rawmat
========================================================================================
  [START] sorting_results_sub5_Temp_260121_104824_Temp_260121_104824_v2_rawmat/ATL :: bombcell
    [WARN] remove_duplicated_spikes step skipped: SortingAnalyzer could not load the recording
    [WARN] remove_redundant_units step skipped: get_dense_templates_array: return_in_uV=True is not possible SortingAnalyzer has the reverse
  [ERROR] sorting_results_sub5_Temp_260121_104824_Temp_260121_104824_v2_rawmat/ATL :: bombcell: Metric(s) ['num_positive_peaks', 'num_negative_peaks', 'peak_to_trough_duration', 'waveform_baseline_flatness', 'peak_after_to_trough_ratio', 'exp_decay'] specified in thresholds are not present in the quality metrics DataFrame. Available metrics are: ['num_spikes', 'snr', 'isi_violations_ratio', 'isi_violations_count', 'firing_rate', 'presence_ratio']
  [START] sorting_results_sub5_Temp_260121_104824_Temp_260121_104824_v2_rawmat/ATL :: unitrefine
    [WARN] remove_duplicated_spikes step skipped: SortingAnalyzer could not load the recording
    [WARN] remove_redundant_units step skipped: get_dense_templates_array: return_in_uV=True is not possible SortingAnalyzer has the reverse
  [ERROR] sorting_results_sub5_Temp_260121_104824_Temp_260121_104824_v2_rawmat/ATL :: unitrefine: unitrefine_label_units() got an unexpected keyword argument 'noise_neural_model'
  [START] sorting_results_sub5_Temp_260121_104824_Temp_260121_104824_v2_rawmat/HG :: bombcell
    [WARN] remove_duplicated_spikes step skipped: SortingAnalyzer could not load the recording
    [WARN] remove_redundant_units step skipped: get_dense_templates_array: return_in_uV=True is not possible SortingAnalyzer has the reverse
  [ERROR] sorting_results_sub5_Temp_260121_104824_Temp_260121_104824_v2_rawmat/HG :: bombcell: Metric(s) ['num_positive_peaks', 'num_negative_peaks', 'peak_to_trough_duration', 'waveform_baseline_flatness', 'peak_after_to_trough_ratio', 'exp_decay'] specified in thresholds are not present in the quality metrics DataFrame. Available metrics are: ['num_spikes', 'snr', 'isi_violations_ratio', 'isi_violations_count', 'firing_rate', 'presence_ratio']
  [START] sorting_results_sub5_Temp_260121_104824_Temp_260121_104824_v2_rawmat/HG :: unitrefine
    [WARN] remove_duplicated_spikes step skipped: SortingAnalyzer could not load the recording
    [WARN] remove_redundant_units step skipped: get_dense_templates_array: return_in_uV=True is not possible SortingAnalyzer has the reverse
  [ERROR] sorting_results_sub5_Temp_260121_104824_Temp_260121_104824_v2_rawmat/HG :: unitrefine: unitrefine_label_units() got an unexpected keyword argument 'noise_neural_model'
  [START] sorting_results_sub5_Temp_260121_104824_Temp_260121_104824_v2_rawmat/VMPFC :: bombcell
    [WARN] remove_duplicated_spikes step skipped: SortingAnalyzer could not load the recording
    [WARN] remove_redundant_units step skipped: get_dense_templates_array: return_in_uV=True is not possible SortingAnalyzer has the reverse
  [ERROR] sorting_results_sub5_Temp_260121_104824_Temp_260121_104824_v2_rawmat/VMPFC :: bombcell: Metric(s) ['num_positive_peaks', 'num_negative_peaks', 'peak_to_trough_duration', 'waveform_baseline_flatness', 'peak_after_to_trough_ratio', 'exp_decay'] specified in thresholds are not present in the quality metrics DataFrame. Available metrics are: ['num_spikes', 'snr', 'isi_violations_ratio', 'isi_violations_count', 'firing_rate', 'presence_ratio']
  [START] sorting_results_sub5_Temp_260121_104824_Temp_260121_104824_v2_rawmat/VMPFC :: unitrefine
    [WARN] remove_duplicated_spikes step skipped: SortingAnalyzer could not load the recording
    [WARN] remove_redundant_units step skipped: get_dense_templates_array: return_in_uV=True is not possible SortingAnalyzer has the reverse
  [ERROR] sorting_results_sub5_Temp_260121_104824_Temp_260121_104824_v2_rawmat/VMPFC :: unitrefine: unitrefine_label_units() got an unexpected keyword argument 'noise_neural_model'
  [START] sorting_results_sub5_Temp_260121_104824_Temp_260121_104824_v2_rawmat/Amygdala :: bombcell
    [WARN] remove_duplicated_spikes step skipped: SortingAnalyzer could not load the recording
    [WARN] remove_redundant_units step skipped: get_dense_templates_array: return_in_uV=True is not possible SortingAnalyzer has the reverse
  [ERROR] sorting_results_sub5_Temp_260121_104824_Temp_260121_104824_v2_rawmat/Amygdala :: bombcell: Metric(s) ['num_positive_peaks', 'num_negative_peaks', 'peak_to_trough_duration', 'waveform_baseline_flatness', 'peak_after_to_trough_ratio', 'exp_decay'] specified in thresholds are not present in the quality metrics DataFrame. Available metrics are: ['num_spikes', 'snr', 'isi_violations_ratio', 'isi_violations_count', 'firing_rate', 'presence_ratio']
  [START] sorting_results_sub5_Temp_260121_104824_Temp_260121_104824_v2_rawmat/Amygdala :: unitrefine
    [WARN] remove_duplicated_spikes step skipped: SortingAnalyzer could not load the recording
    [WARN] remove_redundant_units step skipped: get_dense_templates_array: return_in_uV=True is not possible SortingAnalyzer has the reverse
  [ERROR] sorting_results_sub5_Temp_260121_104824_Temp_260121_104824_v2_rawmat/Amygdala :: unitrefine: unitrefine_label_units() got an unexpected keyword argument 'noise_neural_model'
========================================================================================
[SESSION] sorting_results_sub5_Temp_260121_104824_Temp_260121_105825_v2_rawmat
========================================================================================
  [START] sorting_results_sub5_Temp_260121_104824_Temp_260121_105825_v2_rawmat/ATL :: bombcell
    [WARN] remove_duplicated_spikes step skipped: SortingAnalyzer could not load the recording
    [WARN] remove_redundant_units step skipped: get_dense_templates_array: return_in_uV=True is not possible SortingAnalyzer has the reverse
  [ERROR] sorting_results_sub5_Temp_260121_104824_Temp_260121_105825_v2_rawmat/ATL :: bombcell: Metric(s) ['num_positive_peaks', 'num_negative_peaks', 'peak_to_trough_duration', 'waveform_baseline_flatness', 'peak_after_to_trough_ratio', 'exp_decay'] specified in thresholds are not present in the quality metrics DataFrame. Available metrics are: ['num_spikes', 'snr', 'isi_violations_ratio', 'isi_violations_count', 'firing_rate', 'presence_ratio']
  [START] sorting_results_sub5_Temp_260121_104824_Temp_260121_105825_v2_rawmat/ATL :: unitrefine
    [WARN] remove_duplicated_spikes step skipped: SortingAnalyzer could not load the recording
    [WARN] remove_redundant_units step skipped: get_dense_templates_array: return_in_uV=True is not possible SortingAnalyzer has the reverse
  [ERROR] sorting_results_sub5_Temp_260121_104824_Temp_260121_105825_v2_rawmat/ATL :: unitrefine: unitrefine_label_units() got an unexpected keyword argument 'noise_neural_model'
  [START] sorting_results_sub5_Temp_260121_104824_Temp_260121_105825_v2_rawmat/HG :: bombcell
    [WARN] remove_duplicated_spikes step skipped: SortingAnalyzer could not load the recording
    [WARN] remove_redundant_units step skipped: get_dense_templates_array: return_in_uV=True is not possible SortingAnalyzer has the reverse
  [ERROR] sorting_results_sub5_Temp_260121_104824_Temp_260121_105825_v2_rawmat/HG :: bombcell: Metric(s) ['num_positive_peaks', 'num_negative_peaks', 'peak_to_trough_duration', 'waveform_baseline_flatness', 'peak_after_to_trough_ratio', 'exp_decay'] specified in thresholds are not present in the quality metrics DataFrame. Available metrics are: ['num_spikes', 'snr', 'isi_violations_ratio', 'isi_violations_count', 'firing_rate', 'presence_ratio']
  [START] sorting_results_sub5_Temp_260121_104824_Temp_260121_105825_v2_rawmat/HG :: unitrefine
    [WARN] remove_duplicated_spikes step skipped: SortingAnalyzer could not load the recording
    [WARN] remove_redundant_units step skipped: get_dense_templates_array: return_in_uV=True is not possible SortingAnalyzer has the reverse
  [ERROR] sorting_results_sub5_Temp_260121_104824_Temp_260121_105825_v2_rawmat/HG :: unitrefine: unitrefine_label_units() got an unexpected keyword argument 'noise_neural_model'
  [START] sorting_results_sub5_Temp_260121_104824_Temp_260121_105825_v2_rawmat/VMPFC :: bombcell
    [WARN] remove_duplicated_spikes step skipped: SortingAnalyzer could not load the recording
    [WARN] remove_redundant_units step skipped: get_dense_templates_array: return_in_uV=True is not possible SortingAnalyzer has the reverse
  [ERROR] sorting_results_sub5_Temp_260121_104824_Temp_260121_105825_v2_rawmat/VMPFC :: bombcell: Metric(s) ['num_positive_peaks', 'num_negative_peaks', 'peak_to_trough_duration', 'waveform_baseline_flatness', 'peak_after_to_trough_ratio', 'exp_decay'] specified in thresholds are not present in the quality metrics DataFrame. Available metrics are: ['num_spikes', 'snr', 'isi_violations_ratio', 'isi_violations_count', 'firing_rate', 'presence_ratio']
  [START] sorting_results_sub5_Temp_260121_104824_Temp_260121_105825_v2_rawmat/VMPFC :: unitrefine
    [WARN] remove_duplicated_spikes step skipped: SortingAnalyzer could not load the recording
    [WARN] remove_redundant_units step skipped: get_dense_templates_array: return_in_uV=True is not possible SortingAnalyzer has the reverse
  [ERROR] sorting_results_sub5_Temp_260121_104824_Temp_260121_105825_v2_rawmat/VMPFC :: unitrefine: unitrefine_label_units() got an unexpected keyword argument 'noise_neural_model'
  [START] sorting_results_sub5_Temp_260121_104824_Temp_260121_105825_v2_rawmat/Amygdala :: bombcell
    [WARN] remove_duplicated_spikes step skipped: SortingAnalyzer could not load the recording
    [WARN] remove_redundant_units step skipped: get_dense_templates_array: return_in_uV=True is not possible SortingAnalyzer has the reverse
  [ERROR] sorting_results_sub5_Temp_260121_104824_Temp_260121_105825_v2_rawmat/Amygdala :: bombcell: Metric(s) ['num_positive_peaks', 'num_negative_peaks', 'peak_to_trough_duration', 'waveform_baseline_flatness', 'peak_after_to_trough_ratio', 'exp_decay'] specified in thresholds are not present in the quality metrics DataFrame. Available metrics are: ['num_spikes', 'snr', 'isi_violations_ratio', 'isi_violations_count', 'firing_rate', 'presence_ratio']
  [START] sorting_results_sub5_Temp_260121_104824_Temp_260121_105825_v2_rawmat/Amygdala :: unitrefine
    [WARN] remove_duplicated_spikes step skipped: SortingAnalyzer could not load the recording
    [WARN] remove_redundant_units step skipped: get_dense_templates_array: return_in_uV=True is not possible SortingAnalyzer has the reverse
  [ERROR] sorting_results_sub5_Temp_260121_104824_Temp_260121_105825_v2_rawmat/Amygdala :: unitrefine: unitrefine_label_units() got an unexpected keyword argument 'noise_neural_model'
========================================================================================
[SESSION] sorting_results_sub5_Temp_260121_105933_Temp_260121_105933_v2_rawmat
========================================================================================
  [START] sorting_results_sub5_Temp_260121_105933_Temp_260121_105933_v2_rawmat/ATL :: bombcell
    [WARN] remove_duplicated_spikes step skipped: SortingAnalyzer could not load the recording
    [WARN] remove_redundant_units step skipped: get_dense_templates_array: return_in_uV=True is not possible SortingAnalyzer has the reverse
  [ERROR] sorting_results_sub5_Temp_260121_105933_Temp_260121_105933_v2_rawmat/ATL :: bombcell: Metric(s) ['num_positive_peaks', 'num_negative_peaks', 'peak_to_trough_duration', 'waveform_baseline_flatness', 'peak_after_to_trough_ratio', 'exp_decay'] specified in thresholds are not present in the quality metrics DataFrame. Available metrics are: ['num_spikes', 'snr', 'isi_violations_ratio', 'isi_violations_count', 'firing_rate', 'presence_ratio']
  [START] sorting_results_sub5_Temp_260121_105933_Temp_260121_105933_v2_rawmat/ATL :: unitrefine
    [WARN] remove_duplicated_spikes step skipped: SortingAnalyzer could not load the recording
    [WARN] remove_redundant_units step skipped: get_dense_templates_array: return_in_uV=True is not possible SortingAnalyzer has the reverse
  [ERROR] sorting_results_sub5_Temp_260121_105933_Temp_260121_105933_v2_rawmat/ATL :: unitrefine: unitrefine_label_units() got an unexpected keyword argument 'noise_neural_model'
  [START] sorting_results_sub5_Temp_260121_105933_Temp_260121_105933_v2_rawmat/HG :: bombcell
    [WARN] remove_duplicated_spikes step skipped: SortingAnalyzer could not load the recording
    [WARN] remove_redundant_units step skipped: get_dense_templates_array: return_in_uV=True is not possible SortingAnalyzer has the reverse
  [ERROR] sorting_results_sub5_Temp_260121_105933_Temp_260121_105933_v2_rawmat/HG :: bombcell: Metric(s) ['num_positive_peaks', 'num_negative_peaks', 'peak_to_trough_duration', 'waveform_baseline_flatness', 'peak_after_to_trough_ratio', 'exp_decay'] specified in thresholds are not present in the quality metrics DataFrame. Available metrics are: ['num_spikes', 'snr', 'isi_violations_ratio', 'isi_violations_count', 'firing_rate', 'presence_ratio']
  [START] sorting_results_sub5_Temp_260121_105933_Temp_260121_105933_v2_rawmat/HG :: unitrefine
    [WARN] remove_duplicated_spikes step skipped: SortingAnalyzer could not load the recording
    [WARN] remove_redundant_units step skipped: get_dense_templates_array: return_in_uV=True is not possible SortingAnalyzer has the reverse
  [ERROR] sorting_results_sub5_Temp_260121_105933_Temp_260121_105933_v2_rawmat/HG :: unitrefine: unitrefine_label_units() got an unexpected keyword argument 'noise_neural_model'
  [START] sorting_results_sub5_Temp_260121_105933_Temp_260121_105933_v2_rawmat/VMPFC :: bombcell
    [WARN] remove_duplicated_spikes step skipped: SortingAnalyzer could not load the recording
    [WARN] remove_redundant_units step skipped: get_dense_templates_array: return_in_uV=True is not possible SortingAnalyzer has the reverse
  [ERROR] sorting_results_sub5_Temp_260121_105933_Temp_260121_105933_v2_rawmat/VMPFC :: bombcell: Metric(s) ['num_positive_peaks', 'num_negative_peaks', 'peak_to_trough_duration', 'waveform_baseline_flatness', 'peak_after_to_trough_ratio', 'exp_decay'] specified in thresholds are not present in the quality metrics DataFrame. Available metrics are: ['num_spikes', 'snr', 'isi_violations_ratio', 'isi_violations_count', 'firing_rate', 'presence_ratio']
  [START] sorting_results_sub5_Temp_260121_105933_Temp_260121_105933_v2_rawmat/VMPFC :: unitrefine
    [WARN] remove_duplicated_spikes step skipped: SortingAnalyzer could not load the recording
    [WARN] remove_redundant_units step skipped: get_dense_templates_array: return_in_uV=True is not possible SortingAnalyzer has the reverse
  [ERROR] sorting_results_sub5_Temp_260121_105933_Temp_260121_105933_v2_rawmat/VMPFC :: unitrefine: unitrefine_label_units() got an unexpected keyword argument 'noise_neural_model'
  [START] sorting_results_sub5_Temp_260121_105933_Temp_260121_105933_v2_rawmat/Amygdala :: bombcell
    [WARN] remove_duplicated_spikes step skipped: SortingAnalyzer could not load the recording
    [WARN] remove_redundant_units step skipped: get_dense_templates_array: return_in_uV=True is not possible SortingAnalyzer has the reverse
  [ERROR] sorting_results_sub5_Temp_260121_105933_Temp_260121_105933_v2_rawmat/Amygdala :: bombcell: Metric(s) ['num_positive_peaks', 'num_negative_peaks', 'peak_to_trough_duration', 'waveform_baseline_flatness', 'peak_after_to_trough_ratio', 'exp_decay'] specified in thresholds are not present in the quality metrics DataFrame. Available metrics are: ['num_spikes', 'snr', 'isi_violations_ratio', 'isi_violations_count', 'firing_rate', 'presence_ratio']
  [START] sorting_results_sub5_Temp_260121_105933_Temp_260121_105933_v2_rawmat/Amygdala :: unitrefine
    [WARN] remove_duplicated_spikes step skipped: SortingAnalyzer could not load the recording
    [WARN] remove_redundant_units step skipped: get_dense_templates_array: return_in_uV=True is not possible SortingAnalyzer has the reverse
  [ERROR] sorting_results_sub5_Temp_260121_105933_Temp_260121_105933_v2_rawmat/Amygdala :: unitrefine: unitrefine_label_units() got an unexpected keyword argument 'noise_neural_model'
========================================================================================
[SESSION] sorting_results_sub5_Temp_260121_105933_Temp_260121_110933_v2_rawmat
========================================================================================
  [START] sorting_results_sub5_Temp_260121_105933_Temp_260121_110933_v2_rawmat/ATL :: bombcell
    [WARN] remove_duplicated_spikes step skipped: SortingAnalyzer could not load the recording
    [WARN] remove_redundant_units step skipped: get_dense_templates_array: return_in_uV=True is not possible SortingAnalyzer has the reverse
  [ERROR] sorting_results_sub5_Temp_260121_105933_Temp_260121_110933_v2_rawmat/ATL :: bombcell: Metric(s) ['num_positive_peaks', 'num_negative_peaks', 'peak_to_trough_duration', 'waveform_baseline_flatness', 'peak_after_to_trough_ratio', 'exp_decay'] specified in thresholds are not present in the quality metrics DataFrame. Available metrics are: ['num_spikes', 'snr', 'isi_violations_ratio', 'isi_violations_count', 'firing_rate', 'presence_ratio']
  [START] sorting_results_sub5_Temp_260121_105933_Temp_260121_110933_v2_rawmat/ATL :: unitrefine
    [WARN] remove_duplicated_spikes step skipped: SortingAnalyzer could not load the recording
    [WARN] remove_redundant_units step skipped: get_dense_templates_array: return_in_uV=True is not possible SortingAnalyzer has the reverse
  [ERROR] sorting_results_sub5_Temp_260121_105933_Temp_260121_110933_v2_rawmat/ATL :: unitrefine: unitrefine_label_units() got an unexpected keyword argument 'noise_neural_model'
  [START] sorting_results_sub5_Temp_260121_105933_Temp_260121_110933_v2_rawmat/HG :: bombcell
    [WARN] remove_duplicated_spikes step skipped: SortingAnalyzer could not load the recording
    [WARN] remove_redundant_units step skipped: get_dense_templates_array: return_in_uV=True is not possible SortingAnalyzer has the reverse
  [ERROR] sorting_results_sub5_Temp_260121_105933_Temp_260121_110933_v2_rawmat/HG :: bombcell: Metric(s) ['num_positive_peaks', 'num_negative_peaks', 'peak_to_trough_duration', 'waveform_baseline_flatness', 'peak_after_to_trough_ratio', 'exp_decay'] specified in thresholds are not present in the quality metrics DataFrame. Available metrics are: ['num_spikes', 'snr', 'isi_violations_ratio', 'isi_violations_count', 'firing_rate', 'presence_ratio']
  [START] sorting_results_sub5_Temp_260121_105933_Temp_260121_110933_v2_rawmat/HG :: unitrefine
    [WARN] remove_duplicated_spikes step skipped: SortingAnalyzer could not load the recording
    [WARN] remove_redundant_units step skipped: get_dense_templates_array: return_in_uV=True is not possible SortingAnalyzer has the reverse
  [ERROR] sorting_results_sub5_Temp_260121_105933_Temp_260121_110933_v2_rawmat/HG :: unitrefine: unitrefine_label_units() got an unexpected keyword argument 'noise_neural_model'
  [START] sorting_results_sub5_Temp_260121_105933_Temp_260121_110933_v2_rawmat/VMPFC :: bombcell
    [WARN] remove_duplicated_spikes step skipped: SortingAnalyzer could not load the recording
    [WARN] remove_redundant_units step skipped: get_dense_templates_array: return_in_uV=True is not possible SortingAnalyzer has the reverse
  [ERROR] sorting_results_sub5_Temp_260121_105933_Temp_260121_110933_v2_rawmat/VMPFC :: bombcell: Metric(s) ['num_positive_peaks', 'num_negative_peaks', 'peak_to_trough_duration', 'waveform_baseline_flatness', 'peak_after_to_trough_ratio', 'exp_decay'] specified in thresholds are not present in the quality metrics DataFrame. Available metrics are: ['num_spikes', 'snr', 'isi_violations_ratio', 'isi_violations_count', 'firing_rate', 'presence_ratio']
  [START] sorting_results_sub5_Temp_260121_105933_Temp_260121_110933_v2_rawmat/VMPFC :: unitrefine
    [WARN] remove_duplicated_spikes step skipped: SortingAnalyzer could not load the recording
    [WARN] remove_redundant_units step skipped: get_dense_templates_array: return_in_uV=True is not possible SortingAnalyzer has the reverse
  [ERROR] sorting_results_sub5_Temp_260121_105933_Temp_260121_110933_v2_rawmat/VMPFC :: unitrefine: unitrefine_label_units() got an unexpected keyword argument 'noise_neural_model'
  [START] sorting_results_sub5_Temp_260121_105933_Temp_260121_110933_v2_rawmat/Amygdala :: bombcell
    [WARN] remove_duplicated_spikes step skipped: SortingAnalyzer could not load the recording
    [WARN] remove_redundant_units step skipped: get_dense_templates_array: return_in_uV=True is not possible SortingAnalyzer has the reverse
  [ERROR] sorting_results_sub5_Temp_260121_105933_Temp_260121_110933_v2_rawmat/Amygdala :: bombcell: Metric(s) ['num_positive_peaks', 'num_negative_peaks', 'peak_to_trough_duration', 'waveform_baseline_flatness', 'peak_after_to_trough_ratio', 'exp_decay'] specified in thresholds are not present in the quality metrics DataFrame. Available metrics are: ['num_spikes', 'snr', 'isi_violations_ratio', 'isi_violations_count', 'firing_rate', 'presence_ratio']
  [START] sorting_results_sub5_Temp_260121_105933_Temp_260121_110933_v2_rawmat/Amygdala :: unitrefine
    [WARN] remove_duplicated_spikes step skipped: SortingAnalyzer could not load the recording
    [WARN] remove_redundant_units step skipped: get_dense_templates_array: return_in_uV=True is not possible SortingAnalyzer has the reverse
  [ERROR] sorting_results_sub5_Temp_260121_105933_Temp_260121_110933_v2_rawmat/Amygdala :: unitrefine: unitrefine_label_units() got an unexpected keyword argument 'noise_neural_model'
========================================================================================
[SESSION] sorting_results_sub5_Temp_260121_125018_Temp_260121_125018_v2_rawmat
========================================================================================
  [START] sorting_results_sub5_Temp_260121_125018_Temp_260121_125018_v2_rawmat/ATL :: bombcell
    [WARN] remove_duplicated_spikes step skipped: SortingAnalyzer could not load the recording
    [WARN] remove_redundant_units step skipped: get_dense_templates_array: return_in_uV=True is not possible SortingAnalyzer has the reverse
  [ERROR] sorting_results_sub5_Temp_260121_125018_Temp_260121_125018_v2_rawmat/ATL :: bombcell: Metric(s) ['num_positive_peaks', 'num_negative_peaks', 'peak_to_trough_duration', 'waveform_baseline_flatness', 'peak_after_to_trough_ratio', 'exp_decay'] specified in thresholds are not present in the quality metrics DataFrame. Available metrics are: ['num_spikes', 'snr', 'isi_violations_ratio', 'isi_violations_count', 'firing_rate', 'presence_ratio']
  [START] sorting_results_sub5_Temp_260121_125018_Temp_260121_125018_v2_rawmat/ATL :: unitrefine
    [WARN] remove_duplicated_spikes step skipped: SortingAnalyzer could not load the recording
    [WARN] remove_redundant_units step skipped: get_dense_templates_array: return_in_uV=True is not possible SortingAnalyzer has the reverse
  [ERROR] sorting_results_sub5_Temp_260121_125018_Temp_260121_125018_v2_rawmat/ATL :: unitrefine: unitrefine_label_units() got an unexpected keyword argument 'noise_neural_model'
  [START] sorting_results_sub5_Temp_260121_125018_Temp_260121_125018_v2_rawmat/HG :: bombcell
    [WARN] remove_duplicated_spikes step skipped: SortingAnalyzer could not load the recording
    [WARN] remove_redundant_units step skipped: get_dense_templates_array: return_in_uV=True is not possible SortingAnalyzer has the reverse
  [ERROR] sorting_results_sub5_Temp_260121_125018_Temp_260121_125018_v2_rawmat/HG :: bombcell: Metric(s) ['num_positive_peaks', 'num_negative_peaks', 'peak_to_trough_duration', 'waveform_baseline_flatness', 'peak_after_to_trough_ratio', 'exp_decay'] specified in thresholds are not present in the quality metrics DataFrame. Available metrics are: ['num_spikes', 'snr', 'isi_violations_ratio', 'isi_violations_count', 'firing_rate', 'presence_ratio']
  [START] sorting_results_sub5_Temp_260121_125018_Temp_260121_125018_v2_rawmat/HG :: unitrefine
    [WARN] remove_duplicated_spikes step skipped: SortingAnalyzer could not load the recording
    [WARN] remove_redundant_units step skipped: get_dense_templates_array: return_in_uV=True is not possible SortingAnalyzer has the reverse
  [ERROR] sorting_results_sub5_Temp_260121_125018_Temp_260121_125018_v2_rawmat/HG :: unitrefine: unitrefine_label_units() got an unexpected keyword argument 'noise_neural_model'
  [START] sorting_results_sub5_Temp_260121_125018_Temp_260121_125018_v2_rawmat/VMPFC :: bombcell
    [WARN] remove_duplicated_spikes step skipped: SortingAnalyzer could not load the recording
    [WARN] remove_redundant_units step skipped: get_dense_templates_array: return_in_uV=True is not possible SortingAnalyzer has the reverse
  [ERROR] sorting_results_sub5_Temp_260121_125018_Temp_260121_125018_v2_rawmat/VMPFC :: bombcell: Metric(s) ['num_positive_peaks', 'num_negative_peaks', 'peak_to_trough_duration', 'waveform_baseline_flatness', 'peak_after_to_trough_ratio', 'exp_decay'] specified in thresholds are not present in the quality metrics DataFrame. Available metrics are: ['num_spikes', 'snr', 'isi_violations_ratio', 'isi_violations_count', 'firing_rate', 'presence_ratio']
  [START] sorting_results_sub5_Temp_260121_125018_Temp_260121_125018_v2_rawmat/VMPFC :: unitrefine
    [WARN] remove_duplicated_spikes step skipped: SortingAnalyzer could not load the recording
    [WARN] remove_redundant_units step skipped: get_dense_templates_array: return_in_uV=True is not possible SortingAnalyzer has the reverse
  [ERROR] sorting_results_sub5_Temp_260121_125018_Temp_260121_125018_v2_rawmat/VMPFC :: unitrefine: unitrefine_label_units() got an unexpected keyword argument 'noise_neural_model'
  [START] sorting_results_sub5_Temp_260121_125018_Temp_260121_125018_v2_rawmat/Amygdala :: bombcell
    [WARN] remove_duplicated_spikes step skipped: SortingAnalyzer could not load the recording
    [WARN] remove_redundant_units step skipped: get_dense_templates_array: return_in_uV=True is not possible SortingAnalyzer has the reverse
  [ERROR] sorting_results_sub5_Temp_260121_125018_Temp_260121_125018_v2_rawmat/Amygdala :: bombcell: Metric(s) ['num_positive_peaks', 'num_negative_peaks', 'peak_to_trough_duration', 'waveform_baseline_flatness', 'peak_after_to_trough_ratio', 'exp_decay'] specified in thresholds are not present in the quality metrics DataFrame. Available metrics are: ['num_spikes', 'snr', 'isi_violations_ratio', 'isi_violations_count', 'firing_rate', 'presence_ratio']
  [START] sorting_results_sub5_Temp_260121_125018_Temp_260121_125018_v2_rawmat/Amygdala :: unitrefine
    [WARN] remove_duplicated_spikes step skipped: SortingAnalyzer could not load the recording
    [WARN] remove_redundant_units step skipped: get_dense_templates_array: return_in_uV=True is not possible SortingAnalyzer has the reverse
  [ERROR] sorting_results_sub5_Temp_260121_125018_Temp_260121_125018_v2_rawmat/Amygdala :: unitrefine: unitrefine_label_units() got an unexpected keyword argument 'noise_neural_model'
========================================================================================
[SESSION] sorting_results_sub5_Temp_260121_125018_Temp_260121_130018_v2_rawmat
========================================================================================
  [START] sorting_results_sub5_Temp_260121_125018_Temp_260121_130018_v2_rawmat/HG :: bombcell
    [WARN] remove_duplicated_spikes step skipped: SortingAnalyzer could not load the recording
    [WARN] remove_redundant_units step skipped: get_dense_templates_array: return_in_uV=True is not possible SortingAnalyzer has the reverse
  [ERROR] sorting_results_sub5_Temp_260121_125018_Temp_260121_130018_v2_rawmat/HG :: bombcell: Metric(s) ['num_positive_peaks', 'num_negative_peaks', 'peak_to_trough_duration', 'waveform_baseline_flatness', 'peak_after_to_trough_ratio', 'exp_decay'] specified in thresholds are not present in the quality metrics DataFrame. Available metrics are: ['num_spikes', 'snr', 'isi_violations_ratio', 'isi_violations_count', 'firing_rate', 'presence_ratio']
  [START] sorting_results_sub5_Temp_260121_125018_Temp_260121_130018_v2_rawmat/HG :: unitrefine
    [WARN] remove_duplicated_spikes step skipped: SortingAnalyzer could not load the recording
    [WARN] remove_redundant_units step skipped: get_dense_templates_array: return_in_uV=True is not possible SortingAnalyzer has the reverse
  [ERROR] sorting_results_sub5_Temp_260121_125018_Temp_260121_130018_v2_rawmat/HG :: unitrefine: unitrefine_label_units() got an unexpected keyword argument 'noise_neural_model'
  [START] sorting_results_sub5_Temp_260121_125018_Temp_260121_130018_v2_rawmat/VMPFC :: bombcell
    [WARN] remove_duplicated_spikes step skipped: SortingAnalyzer could not load the recording
    [WARN] remove_redundant_units step skipped: get_dense_templates_array: return_in_uV=True is not possible SortingAnalyzer has the reverse
  [ERROR] sorting_results_sub5_Temp_260121_125018_Temp_260121_130018_v2_rawmat/VMPFC :: bombcell: Metric(s) ['num_positive_peaks', 'num_negative_peaks', 'peak_to_trough_duration', 'waveform_baseline_flatness', 'peak_after_to_trough_ratio', 'exp_decay'] specified in thresholds are not present in the quality metrics DataFrame. Available metrics are: ['num_spikes', 'snr', 'isi_violations_ratio', 'isi_violations_count', 'firing_rate', 'presence_ratio']
  [START] sorting_results_sub5_Temp_260121_125018_Temp_260121_130018_v2_rawmat/VMPFC :: unitrefine
    [WARN] remove_duplicated_spikes step skipped: SortingAnalyzer could not load the recording
    [WARN] remove_redundant_units step skipped: get_dense_templates_array: return_in_uV=True is not possible SortingAnalyzer has the reverse
  [ERROR] sorting_results_sub5_Temp_260121_125018_Temp_260121_130018_v2_rawmat/VMPFC :: unitrefine: unitrefine_label_units() got an unexpected keyword argument 'noise_neural_model'
  [START] sorting_results_sub5_Temp_260121_125018_Temp_260121_130018_v2_rawmat/Amygdala :: bombcell
    [WARN] remove_duplicated_spikes step skipped: SortingAnalyzer could not load the recording
    [WARN] remove_redundant_units step skipped: get_dense_templates_array: return_in_uV=True is not possible SortingAnalyzer has the reverse
  [ERROR] sorting_results_sub5_Temp_260121_125018_Temp_260121_130018_v2_rawmat/Amygdala :: bombcell: Metric(s) ['num_positive_peaks', 'num_negative_peaks', 'peak_to_trough_duration', 'waveform_baseline_flatness', 'peak_after_to_trough_ratio', 'exp_decay'] specified in thresholds are not present in the quality metrics DataFrame. Available metrics are: ['num_spikes', 'snr', 'isi_violations_ratio', 'isi_violations_count', 'firing_rate', 'presence_ratio']
  [START] sorting_results_sub5_Temp_260121_125018_Temp_260121_130018_v2_rawmat/Amygdala :: unitrefine
    [WARN] remove_duplicated_spikes step skipped: SortingAnalyzer could not load the recording
    [WARN] remove_redundant_units step skipped: get_dense_templates_array: return_in_uV=True is not possible SortingAnalyzer has the reverse
  [ERROR] sorting_results_sub5_Temp_260121_125018_Temp_260121_130018_v2_rawmat/Amygdala :: unitrefine: unitrefine_label_units() got an unexpected keyword argument 'noise_neural_model'
========================================================================================
[SESSION] sorting_results_sub5_Temp_260121_130023_Temp_260121_130023_v2_rawmat
========================================================================================
  [START] sorting_results_sub5_Temp_260121_130023_Temp_260121_130023_v2_rawmat/ATL :: bombcell
    [WARN] remove_duplicated_spikes step skipped: SortingAnalyzer could not load the recording
    [WARN] remove_redundant_units step skipped: get_dense_templates_array: return_in_uV=True is not possible SortingAnalyzer has the reverse
  [ERROR] sorting_results_sub5_Temp_260121_130023_Temp_260121_130023_v2_rawmat/ATL :: bombcell: Metric(s) ['num_positive_peaks', 'num_negative_peaks', 'peak_to_trough_duration', 'waveform_baseline_flatness', 'peak_after_to_trough_ratio', 'exp_decay'] specified in thresholds are not present in the quality metrics DataFrame. Available metrics are: ['num_spikes', 'snr', 'isi_violations_ratio', 'isi_violations_count', 'firing_rate', 'presence_ratio']
  [START] sorting_results_sub5_Temp_260121_130023_Temp_260121_130023_v2_rawmat/ATL :: unitrefine
    [WARN] remove_duplicated_spikes step skipped: SortingAnalyzer could not load the recording
    [WARN] remove_redundant_units step skipped: get_dense_templates_array: return_in_uV=True is not possible SortingAnalyzer has the reverse
  [ERROR] sorting_results_sub5_Temp_260121_130023_Temp_260121_130023_v2_rawmat/ATL :: unitrefine: unitrefine_label_units() got an unexpected keyword argument 'noise_neural_model'
  [START] sorting_results_sub5_Temp_260121_130023_Temp_260121_130023_v2_rawmat/HG :: bombcell
    [WARN] remove_duplicated_spikes step skipped: SortingAnalyzer could not load the recording
    [WARN] remove_redundant_units step skipped: get_dense_templates_array: return_in_uV=True is not possible SortingAnalyzer has the reverse
  [ERROR] sorting_results_sub5_Temp_260121_130023_Temp_260121_130023_v2_rawmat/HG :: bombcell: Metric(s) ['num_positive_peaks', 'num_negative_peaks', 'peak_to_trough_duration', 'waveform_baseline_flatness', 'peak_after_to_trough_ratio', 'exp_decay'] specified in thresholds are not present in the quality metrics DataFrame. Available metrics are: ['num_spikes', 'snr', 'isi_violations_ratio', 'isi_violations_count', 'firing_rate', 'presence_ratio']
  [START] sorting_results_sub5_Temp_260121_130023_Temp_260121_130023_v2_rawmat/HG :: unitrefine
    [WARN] remove_duplicated_spikes step skipped: SortingAnalyzer could not load the recording
    [WARN] remove_redundant_units step skipped: get_dense_templates_array: return_in_uV=True is not possible SortingAnalyzer has the reverse
  [ERROR] sorting_results_sub5_Temp_260121_130023_Temp_260121_130023_v2_rawmat/HG :: unitrefine: unitrefine_label_units() got an unexpected keyword argument 'noise_neural_model'
  [START] sorting_results_sub5_Temp_260121_130023_Temp_260121_130023_v2_rawmat/VMPFC :: bombcell
    [WARN] remove_duplicated_spikes step skipped: SortingAnalyzer could not load the recording
    [WARN] remove_redundant_units step skipped: get_dense_templates_array: return_in_uV=True is not possible SortingAnalyzer has the reverse
  [ERROR] sorting_results_sub5_Temp_260121_130023_Temp_260121_130023_v2_rawmat/VMPFC :: bombcell: Metric(s) ['num_positive_peaks', 'num_negative_peaks', 'peak_to_trough_duration', 'waveform_baseline_flatness', 'peak_after_to_trough_ratio', 'exp_decay'] specified in thresholds are not present in the quality metrics DataFrame. Available metrics are: ['num_spikes', 'snr', 'isi_violations_ratio', 'isi_violations_count', 'firing_rate', 'presence_ratio']
  [START] sorting_results_sub5_Temp_260121_130023_Temp_260121_130023_v2_rawmat/VMPFC :: unitrefine
    [WARN] remove_duplicated_spikes step skipped: SortingAnalyzer could not load the recording
    [WARN] remove_redundant_units step skipped: get_dense_templates_array: return_in_uV=True is not possible SortingAnalyzer has the reverse
  [ERROR] sorting_results_sub5_Temp_260121_130023_Temp_260121_130023_v2_rawmat/VMPFC :: unitrefine: unitrefine_label_units() got an unexpected keyword argument 'noise_neural_model'
  [START] sorting_results_sub5_Temp_260121_130023_Temp_260121_130023_v2_rawmat/Amygdala :: bombcell
    [WARN] remove_duplicated_spikes step skipped: SortingAnalyzer could not load the recording
    [WARN] remove_redundant_units step skipped: get_dense_templates_array: return_in_uV=True is not possible SortingAnalyzer has the reverse
  [ERROR] sorting_results_sub5_Temp_260121_130023_Temp_260121_130023_v2_rawmat/Amygdala :: bombcell: Metric(s) ['num_positive_peaks', 'num_negative_peaks', 'peak_to_trough_duration', 'waveform_baseline_flatness', 'peak_after_to_trough_ratio', 'exp_decay'] specified in thresholds are not present in the quality metrics DataFrame. Available metrics are: ['num_spikes', 'snr', 'isi_violations_ratio', 'isi_violations_count', 'firing_rate', 'presence_ratio']
  [START] sorting_results_sub5_Temp_260121_130023_Temp_260121_130023_v2_rawmat/Amygdala :: unitrefine
    [WARN] remove_duplicated_spikes step skipped: SortingAnalyzer could not load the recording
    [WARN] remove_redundant_units step skipped: get_dense_templates_array: return_in_uV=True is not possible SortingAnalyzer has the reverse
  [ERROR] sorting_results_sub5_Temp_260121_130023_Temp_260121_130023_v2_rawmat/Amygdala :: unitrefine: unitrefine_label_units() got an unexpected keyword argument 'noise_neural_model'
========================================================================================
[SESSION] sorting_results_sub6_Temp_260123_115236_Temp_260123_115236_v2_rawmat
========================================================================================
  [START] sorting_results_sub6_Temp_260123_115236_Temp_260123_115236_v2_rawmat/ATL :: bombcell
    [WARN] remove_duplicated_spikes step skipped: SortingAnalyzer could not load the recording
    [WARN] remove_redundant_units step skipped: get_dense_templates_array: return_in_uV=True is not possible SortingAnalyzer has the reverse
  [ERROR] sorting_results_sub6_Temp_260123_115236_Temp_260123_115236_v2_rawmat/ATL :: bombcell: Metric(s) ['num_positive_peaks', 'num_negative_peaks', 'peak_to_trough_duration', 'waveform_baseline_flatness', 'peak_after_to_trough_ratio', 'exp_decay'] specified in thresholds are not present in the quality metrics DataFrame. Available metrics are: ['num_spikes', 'snr', 'isi_violations_ratio', 'isi_violations_count', 'firing_rate', 'presence_ratio']
  [START] sorting_results_sub6_Temp_260123_115236_Temp_260123_115236_v2_rawmat/ATL :: unitrefine
    [WARN] remove_duplicated_spikes step skipped: SortingAnalyzer could not load the recording
    [WARN] remove_redundant_units step skipped: get_dense_templates_array: return_in_uV=True is not possible SortingAnalyzer has the reverse
  [ERROR] sorting_results_sub6_Temp_260123_115236_Temp_260123_115236_v2_rawmat/ATL :: unitrefine: unitrefine_label_units() got an unexpected keyword argument 'noise_neural_model'
  [START] sorting_results_sub6_Temp_260123_115236_Temp_260123_115236_v2_rawmat/HG :: bombcell
    [WARN] remove_duplicated_spikes step skipped: SortingAnalyzer could not load the recording
    [WARN] remove_redundant_units step skipped: get_dense_templates_array: return_in_uV=True is not possible SortingAnalyzer has the reverse
  [ERROR] sorting_results_sub6_Temp_260123_115236_Temp_260123_115236_v2_rawmat/HG :: bombcell: Metric(s) ['num_positive_peaks', 'num_negative_peaks', 'peak_to_trough_duration', 'waveform_baseline_flatness', 'peak_after_to_trough_ratio', 'exp_decay'] specified in thresholds are not present in the quality metrics DataFrame. Available metrics are: ['num_spikes', 'snr', 'isi_violations_ratio', 'isi_violations_count', 'firing_rate', 'presence_ratio']
  [START] sorting_results_sub6_Temp_260123_115236_Temp_260123_115236_v2_rawmat/HG :: unitrefine
    [WARN] remove_duplicated_spikes step skipped: SortingAnalyzer could not load the recording
    [WARN] remove_redundant_units step skipped: get_dense_templates_array: return_in_uV=True is not possible SortingAnalyzer has the reverse
  [ERROR] sorting_results_sub6_Temp_260123_115236_Temp_260123_115236_v2_rawmat/HG :: unitrefine: unitrefine_label_units() got an unexpected keyword argument 'noise_neural_model'
  [START] sorting_results_sub6_Temp_260123_115236_Temp_260123_115236_v2_rawmat/VMPFC :: bombcell
    [WARN] remove_duplicated_spikes step skipped: SortingAnalyzer could not load the recording
    [WARN] remove_redundant_units step skipped: get_dense_templates_array: return_in_uV=True is not possible SortingAnalyzer has the reverse
  [ERROR] sorting_results_sub6_Temp_260123_115236_Temp_260123_115236_v2_rawmat/VMPFC :: bombcell: Metric(s) ['num_positive_peaks', 'num_negative_peaks', 'peak_to_trough_duration', 'waveform_baseline_flatness', 'peak_after_to_trough_ratio', 'exp_decay'] specified in thresholds are not present in the quality metrics DataFrame. Available metrics are: ['num_spikes', 'snr', 'isi_violations_ratio', 'isi_violations_count', 'firing_rate', 'presence_ratio']
  [START] sorting_results_sub6_Temp_260123_115236_Temp_260123_115236_v2_rawmat/VMPFC :: unitrefine
    [WARN] remove_duplicated_spikes step skipped: SortingAnalyzer could not load the recording
    [WARN] remove_redundant_units step skipped: get_dense_templates_array: return_in_uV=True is not possible SortingAnalyzer has the reverse
  [ERROR] sorting_results_sub6_Temp_260123_115236_Temp_260123_115236_v2_rawmat/VMPFC :: unitrefine: unitrefine_label_units() got an unexpected keyword argument 'noise_neural_model'
  [START] sorting_results_sub6_Temp_260123_115236_Temp_260123_115236_v2_rawmat/Amygdala :: bombcell
    [WARN] remove_duplicated_spikes step skipped: SortingAnalyzer could not load the recording
    [WARN] remove_redundant_units step skipped: get_dense_templates_array: return_in_uV=True is not possible SortingAnalyzer has the reverse
  [ERROR] sorting_results_sub6_Temp_260123_115236_Temp_260123_115236_v2_rawmat/Amygdala :: bombcell: Metric(s) ['num_positive_peaks', 'num_negative_peaks', 'peak_to_trough_duration', 'waveform_baseline_flatness', 'peak_after_to_trough_ratio', 'exp_decay'] specified in thresholds are not present in the quality metrics DataFrame. Available metrics are: ['num_spikes', 'snr', 'isi_violations_ratio', 'isi_violations_count', 'firing_rate', 'presence_ratio']
  [START] sorting_results_sub6_Temp_260123_115236_Temp_260123_115236_v2_rawmat/Amygdala :: unitrefine
    [WARN] remove_duplicated_spikes step skipped: SortingAnalyzer could not load the recording
    [WARN] remove_redundant_units step skipped: get_dense_templates_array: return_in_uV=True is not possible SortingAnalyzer has the reverse
  [ERROR] sorting_results_sub6_Temp_260123_115236_Temp_260123_115236_v2_rawmat/Amygdala :: unitrefine: unitrefine_label_units() got an unexpected keyword argument 'noise_neural_model'
========================================================================================
[SESSION] sorting_results_sub6_Temp_260123_115236_Temp_260123_120236_v2_rawmat
========================================================================================
  [START] sorting_results_sub6_Temp_260123_115236_Temp_260123_120236_v2_rawmat/ATL :: bombcell
    [WARN] remove_duplicated_spikes step skipped: SortingAnalyzer could not load the recording
    [WARN] remove_redundant_units step skipped: get_dense_templates_array: return_in_uV=True is not possible SortingAnalyzer has the reverse
  [ERROR] sorting_results_sub6_Temp_260123_115236_Temp_260123_120236_v2_rawmat/ATL :: bombcell: Metric(s) ['num_positive_peaks', 'num_negative_peaks', 'peak_to_trough_duration', 'waveform_baseline_flatness', 'peak_after_to_trough_ratio', 'exp_decay'] specified in thresholds are not present in the quality metrics DataFrame. Available metrics are: ['num_spikes', 'snr', 'isi_violations_ratio', 'isi_violations_count', 'firing_rate', 'presence_ratio']
  [START] sorting_results_sub6_Temp_260123_115236_Temp_260123_120236_v2_rawmat/ATL :: unitrefine
    [WARN] remove_duplicated_spikes step skipped: SortingAnalyzer could not load the recording
    [WARN] remove_redundant_units step skipped: get_dense_templates_array: return_in_uV=True is not possible SortingAnalyzer has the reverse
  [ERROR] sorting_results_sub6_Temp_260123_115236_Temp_260123_120236_v2_rawmat/ATL :: unitrefine: unitrefine_label_units() got an unexpected keyword argument 'noise_neural_model'
  [START] sorting_results_sub6_Temp_260123_115236_Temp_260123_120236_v2_rawmat/HG :: bombcell
    [WARN] remove_duplicated_spikes step skipped: SortingAnalyzer could not load the recording
    [WARN] remove_redundant_units step skipped: get_dense_templates_array: return_in_uV=True is not possible SortingAnalyzer has the reverse
  [ERROR] sorting_results_sub6_Temp_260123_115236_Temp_260123_120236_v2_rawmat/HG :: bombcell: Metric(s) ['num_positive_peaks', 'num_negative_peaks', 'peak_to_trough_duration', 'waveform_baseline_flatness', 'peak_after_to_trough_ratio', 'exp_decay'] specified in thresholds are not present in the quality metrics DataFrame. Available metrics are: ['num_spikes', 'snr', 'isi_violations_ratio', 'isi_violations_count', 'firing_rate', 'presence_ratio']
  [START] sorting_results_sub6_Temp_260123_115236_Temp_260123_120236_v2_rawmat/HG :: unitrefine
    [WARN] remove_duplicated_spikes step skipped: SortingAnalyzer could not load the recording
    [WARN] remove_redundant_units step skipped: get_dense_templates_array: return_in_uV=True is not possible SortingAnalyzer has the reverse
  [ERROR] sorting_results_sub6_Temp_260123_115236_Temp_260123_120236_v2_rawmat/HG :: unitrefine: unitrefine_label_units() got an unexpected keyword argument 'noise_neural_model'
  [START] sorting_results_sub6_Temp_260123_115236_Temp_260123_120236_v2_rawmat/VMPFC :: bombcell
    [WARN] remove_duplicated_spikes step skipped: SortingAnalyzer could not load the recording
    [WARN] remove_redundant_units step skipped: get_dense_templates_array: return_in_uV=True is not possible SortingAnalyzer has the reverse
  [ERROR] sorting_results_sub6_Temp_260123_115236_Temp_260123_120236_v2_rawmat/VMPFC :: bombcell: Metric(s) ['num_positive_peaks', 'num_negative_peaks', 'peak_to_trough_duration', 'waveform_baseline_flatness', 'peak_after_to_trough_ratio', 'exp_decay'] specified in thresholds are not present in the quality metrics DataFrame. Available metrics are: ['num_spikes', 'snr', 'isi_violations_ratio', 'isi_violations_count', 'firing_rate', 'presence_ratio']
  [START] sorting_results_sub6_Temp_260123_115236_Temp_260123_120236_v2_rawmat/VMPFC :: unitrefine
    [WARN] remove_duplicated_spikes step skipped: SortingAnalyzer could not load the recording
    [WARN] remove_redundant_units step skipped: get_dense_templates_array: return_in_uV=True is not possible SortingAnalyzer has the reverse
  [ERROR] sorting_results_sub6_Temp_260123_115236_Temp_260123_120236_v2_rawmat/VMPFC :: unitrefine: unitrefine_label_units() got an unexpected keyword argument 'noise_neural_model'
  [START] sorting_results_sub6_Temp_260123_115236_Temp_260123_120236_v2_rawmat/Amygdala :: bombcell
    [WARN] remove_duplicated_spikes step skipped: SortingAnalyzer could not load the recording
    [WARN] remove_redundant_units step skipped: get_dense_templates_array: return_in_uV=True is not possible SortingAnalyzer has the reverse
  [ERROR] sorting_results_sub6_Temp_260123_115236_Temp_260123_120236_v2_rawmat/Amygdala :: bombcell: Metric(s) ['num_positive_peaks', 'num_negative_peaks', 'peak_to_trough_duration', 'waveform_baseline_flatness', 'peak_after_to_trough_ratio', 'exp_decay'] specified in thresholds are not present in the quality metrics DataFrame. Available metrics are: ['num_spikes', 'snr', 'isi_violations_ratio', 'isi_violations_count', 'firing_rate', 'presence_ratio']
  [START] sorting_results_sub6_Temp_260123_115236_Temp_260123_120236_v2_rawmat/Amygdala :: unitrefine
    [WARN] remove_duplicated_spikes step skipped: SortingAnalyzer could not load the recording
    [WARN] remove_redundant_units step skipped: get_dense_templates_array: return_in_uV=True is not possible SortingAnalyzer has the reverse
  [ERROR] sorting_results_sub6_Temp_260123_115236_Temp_260123_120236_v2_rawmat/Amygdala :: unitrefine: unitrefine_label_units() got an unexpected keyword argument 'noise_neural_model'
========================================================================================
[SESSION] sorting_results_sub6_Temp_260123_120327_Temp_260123_120327_v2_rawmat
========================================================================================
  [START] sorting_results_sub6_Temp_260123_120327_Temp_260123_120327_v2_rawmat/ATL :: bombcell
    [WARN] remove_duplicated_spikes step skipped: SortingAnalyzer could not load the recording
    [WARN] remove_redundant_units step skipped: get_dense_templates_array: return_in_uV=True is not possible SortingAnalyzer has the reverse
  [ERROR] sorting_results_sub6_Temp_260123_120327_Temp_260123_120327_v2_rawmat/ATL :: bombcell: Metric(s) ['num_positive_peaks', 'num_negative_peaks', 'peak_to_trough_duration', 'waveform_baseline_flatness', 'peak_after_to_trough_ratio', 'exp_decay'] specified in thresholds are not present in the quality metrics DataFrame. Available metrics are: ['num_spikes', 'snr', 'isi_violations_ratio', 'isi_violations_count', 'firing_rate', 'presence_ratio']
  [START] sorting_results_sub6_Temp_260123_120327_Temp_260123_120327_v2_rawmat/ATL :: unitrefine
    [WARN] remove_duplicated_spikes step skipped: SortingAnalyzer could not load the recording
    [WARN] remove_redundant_units step skipped: get_dense_templates_array: return_in_uV=True is not possible SortingAnalyzer has the reverse
  [ERROR] sorting_results_sub6_Temp_260123_120327_Temp_260123_120327_v2_rawmat/ATL :: unitrefine: unitrefine_label_units() got an unexpected keyword argument 'noise_neural_model'
  [START] sorting_results_sub6_Temp_260123_120327_Temp_260123_120327_v2_rawmat/HG :: bombcell
    [WARN] remove_duplicated_spikes step skipped: SortingAnalyzer could not load the recording
    [WARN] remove_redundant_units step skipped: get_dense_templates_array: return_in_uV=True is not possible SortingAnalyzer has the reverse
  [ERROR] sorting_results_sub6_Temp_260123_120327_Temp_260123_120327_v2_rawmat/HG :: bombcell: Metric(s) ['num_positive_peaks', 'num_negative_peaks', 'peak_to_trough_duration', 'waveform_baseline_flatness', 'peak_after_to_trough_ratio', 'exp_decay'] specified in thresholds are not present in the quality metrics DataFrame. Available metrics are: ['num_spikes', 'snr', 'isi_violations_ratio', 'isi_violations_count', 'firing_rate', 'presence_ratio']
  [START] sorting_results_sub6_Temp_260123_120327_Temp_260123_120327_v2_rawmat/HG :: unitrefine
    [WARN] remove_duplicated_spikes step skipped: SortingAnalyzer could not load the recording
    [WARN] remove_redundant_units step skipped: get_dense_templates_array: return_in_uV=True is not possible SortingAnalyzer has the reverse
  [ERROR] sorting_results_sub6_Temp_260123_120327_Temp_260123_120327_v2_rawmat/HG :: unitrefine: unitrefine_label_units() got an unexpected keyword argument 'noise_neural_model'
  [START] sorting_results_sub6_Temp_260123_120327_Temp_260123_120327_v2_rawmat/VMPFC :: bombcell
    [WARN] remove_duplicated_spikes step skipped: SortingAnalyzer could not load the recording
    [WARN] remove_redundant_units step skipped: get_dense_templates_array: return_in_uV=True is not possible SortingAnalyzer has the reverse
  [ERROR] sorting_results_sub6_Temp_260123_120327_Temp_260123_120327_v2_rawmat/VMPFC :: bombcell: Metric(s) ['num_positive_peaks', 'num_negative_peaks', 'peak_to_trough_duration', 'waveform_baseline_flatness', 'peak_after_to_trough_ratio', 'exp_decay'] specified in thresholds are not present in the quality metrics DataFrame. Available metrics are: ['num_spikes', 'snr', 'isi_violations_ratio', 'isi_violations_count', 'firing_rate', 'presence_ratio']
  [START] sorting_results_sub6_Temp_260123_120327_Temp_260123_120327_v2_rawmat/VMPFC :: unitrefine
    [WARN] remove_duplicated_spikes step skipped: SortingAnalyzer could not load the recording
    [WARN] remove_redundant_units step skipped: get_dense_templates_array: return_in_uV=True is not possible SortingAnalyzer has the reverse
  [ERROR] sorting_results_sub6_Temp_260123_120327_Temp_260123_120327_v2_rawmat/VMPFC :: unitrefine: unitrefine_label_units() got an unexpected keyword argument 'noise_neural_model'
  [START] sorting_results_sub6_Temp_260123_120327_Temp_260123_120327_v2_rawmat/Amygdala :: bombcell
    [WARN] remove_duplicated_spikes step skipped: SortingAnalyzer could not load the recording
    [WARN] remove_redundant_units step skipped: get_dense_templates_array: return_in_uV=True is not possible SortingAnalyzer has the reverse
  [ERROR] sorting_results_sub6_Temp_260123_120327_Temp_260123_120327_v2_rawmat/Amygdala :: bombcell: Metric(s) ['num_positive_peaks', 'num_negative_peaks', 'peak_to_trough_duration', 'waveform_baseline_flatness', 'peak_after_to_trough_ratio', 'exp_decay'] specified in thresholds are not present in the quality metrics DataFrame. Available metrics are: ['num_spikes', 'snr', 'isi_violations_ratio', 'isi_violations_count', 'firing_rate', 'presence_ratio']
  [START] sorting_results_sub6_Temp_260123_120327_Temp_260123_120327_v2_rawmat/Amygdala :: unitrefine
    [WARN] remove_duplicated_spikes step skipped: SortingAnalyzer could not load the recording
    [WARN] remove_redundant_units step skipped: get_dense_templates_array: return_in_uV=True is not possible SortingAnalyzer has the reverse
  [ERROR] sorting_results_sub6_Temp_260123_120327_Temp_260123_120327_v2_rawmat/Amygdala :: unitrefine: unitrefine_label_units() got an unexpected keyword argument 'noise_neural_model'
========================================================================================
[SESSION] sorting_results_sub6_Temp_260123_120327_Temp_260123_121328_v2_rawmat
========================================================================================
  [START] sorting_results_sub6_Temp_260123_120327_Temp_260123_121328_v2_rawmat/ATL :: bombcell
    [WARN] remove_duplicated_spikes step skipped: SortingAnalyzer could not load the recording
    [WARN] remove_redundant_units step skipped: get_dense_templates_array: return_in_uV=True is not possible SortingAnalyzer has the reverse
  [ERROR] sorting_results_sub6_Temp_260123_120327_Temp_260123_121328_v2_rawmat/ATL :: bombcell: Metric(s) ['num_positive_peaks', 'num_negative_peaks', 'peak_to_trough_duration', 'waveform_baseline_flatness', 'peak_after_to_trough_ratio', 'exp_decay'] specified in thresholds are not present in the quality metrics DataFrame. Available metrics are: ['num_spikes', 'snr', 'isi_violations_ratio', 'isi_violations_count', 'firing_rate', 'presence_ratio']
  [START] sorting_results_sub6_Temp_260123_120327_Temp_260123_121328_v2_rawmat/ATL :: unitrefine
    [WARN] remove_duplicated_spikes step skipped: SortingAnalyzer could not load the recording
    [WARN] remove_redundant_units step skipped: get_dense_templates_array: return_in_uV=True is not possible SortingAnalyzer has the reverse
  [ERROR] sorting_results_sub6_Temp_260123_120327_Temp_260123_121328_v2_rawmat/ATL :: unitrefine: unitrefine_label_units() got an unexpected keyword argument 'noise_neural_model'
  [START] sorting_results_sub6_Temp_260123_120327_Temp_260123_121328_v2_rawmat/HG :: bombcell
    [WARN] remove_duplicated_spikes step skipped: SortingAnalyzer could not load the recording
    [WARN] remove_redundant_units step skipped: get_dense_templates_array: return_in_uV=True is not possible SortingAnalyzer has the reverse
  [ERROR] sorting_results_sub6_Temp_260123_120327_Temp_260123_121328_v2_rawmat/HG :: bombcell: Metric(s) ['num_positive_peaks', 'num_negative_peaks', 'peak_to_trough_duration', 'waveform_baseline_flatness', 'peak_after_to_trough_ratio', 'exp_decay'] specified in thresholds are not present in the quality metrics DataFrame. Available metrics are: ['num_spikes', 'snr', 'isi_violations_ratio', 'isi_violations_count', 'firing_rate', 'presence_ratio']
  [START] sorting_results_sub6_Temp_260123_120327_Temp_260123_121328_v2_rawmat/HG :: unitrefine
    [WARN] remove_duplicated_spikes step skipped: SortingAnalyzer could not load the recording
    [WARN] remove_redundant_units step skipped: get_dense_templates_array: return_in_uV=True is not possible SortingAnalyzer has the reverse
  [ERROR] sorting_results_sub6_Temp_260123_120327_Temp_260123_121328_v2_rawmat/HG :: unitrefine: unitrefine_label_units() got an unexpected keyword argument 'noise_neural_model'
  [START] sorting_results_sub6_Temp_260123_120327_Temp_260123_121328_v2_rawmat/VMPFC :: bombcell
    [WARN] remove_duplicated_spikes step skipped: SortingAnalyzer could not load the recording
    [WARN] remove_redundant_units step skipped: get_dense_templates_array: return_in_uV=True is not possible SortingAnalyzer has the reverse
  [ERROR] sorting_results_sub6_Temp_260123_120327_Temp_260123_121328_v2_rawmat/VMPFC :: bombcell: Metric(s) ['num_positive_peaks', 'num_negative_peaks', 'peak_to_trough_duration', 'waveform_baseline_flatness', 'peak_after_to_trough_ratio', 'exp_decay'] specified in thresholds are not present in the quality metrics DataFrame. Available metrics are: ['num_spikes', 'snr', 'isi_violations_ratio', 'isi_violations_count', 'firing_rate', 'presence_ratio']
  [START] sorting_results_sub6_Temp_260123_120327_Temp_260123_121328_v2_rawmat/VMPFC :: unitrefine
    [WARN] remove_duplicated_spikes step skipped: SortingAnalyzer could not load the recording
    [WARN] remove_redundant_units step skipped: get_dense_templates_array: return_in_uV=True is not possible SortingAnalyzer has the reverse
  [ERROR] sorting_results_sub6_Temp_260123_120327_Temp_260123_121328_v2_rawmat/VMPFC :: unitrefine: unitrefine_label_units() got an unexpected keyword argument 'noise_neural_model'
  [START] sorting_results_sub6_Temp_260123_120327_Temp_260123_121328_v2_rawmat/Amygdala :: bombcell
    [WARN] remove_duplicated_spikes step skipped: SortingAnalyzer could not load the recording
    [WARN] remove_redundant_units step skipped: get_dense_templates_array: return_in_uV=True is not possible SortingAnalyzer has the reverse
  [ERROR] sorting_results_sub6_Temp_260123_120327_Temp_260123_121328_v2_rawmat/Amygdala :: bombcell: Metric(s) ['num_positive_peaks', 'num_negative_peaks', 'peak_to_trough_duration', 'waveform_baseline_flatness', 'peak_after_to_trough_ratio', 'exp_decay'] specified in thresholds are not present in the quality metrics DataFrame. Available metrics are: ['num_spikes', 'snr', 'isi_violations_ratio', 'isi_violations_count', 'firing_rate', 'presence_ratio']
  [START] sorting_results_sub6_Temp_260123_120327_Temp_260123_121328_v2_rawmat/Amygdala :: unitrefine
    [WARN] remove_duplicated_spikes step skipped: SortingAnalyzer could not load the recording
    [WARN] remove_redundant_units step skipped: get_dense_templates_array: return_in_uV=True is not possible SortingAnalyzer has the reverse
  [ERROR] sorting_results_sub6_Temp_260123_120327_Temp_260123_121328_v2_rawmat/Amygdala :: unitrefine: unitrefine_label_units() got an unexpected keyword argument 'noise_neural_model'
========================================================================================
[SESSION] sorting_results_sub6_Temp_260123_121427_Temp_260123_121427_v2_rawmat
========================================================================================
  [START] sorting_results_sub6_Temp_260123_121427_Temp_260123_121427_v2_rawmat/ATL :: bombcell
    [WARN] remove_duplicated_spikes step skipped: SortingAnalyzer could not load the recording
    [WARN] remove_redundant_units step skipped: get_dense_templates_array: return_in_uV=True is not possible SortingAnalyzer has the reverse
  [ERROR] sorting_results_sub6_Temp_260123_121427_Temp_260123_121427_v2_rawmat/ATL :: bombcell: Metric(s) ['num_positive_peaks', 'num_negative_peaks', 'peak_to_trough_duration', 'waveform_baseline_flatness', 'peak_after_to_trough_ratio', 'exp_decay'] specified in thresholds are not present in the quality metrics DataFrame. Available metrics are: ['num_spikes', 'snr', 'isi_violations_ratio', 'isi_violations_count', 'firing_rate', 'presence_ratio']
  [START] sorting_results_sub6_Temp_260123_121427_Temp_260123_121427_v2_rawmat/ATL :: unitrefine
    [WARN] remove_duplicated_spikes step skipped: SortingAnalyzer could not load the recording
    [WARN] remove_redundant_units step skipped: get_dense_templates_array: return_in_uV=True is not possible SortingAnalyzer has the reverse
  [ERROR] sorting_results_sub6_Temp_260123_121427_Temp_260123_121427_v2_rawmat/ATL :: unitrefine: unitrefine_label_units() got an unexpected keyword argument 'noise_neural_model'
  [START] sorting_results_sub6_Temp_260123_121427_Temp_260123_121427_v2_rawmat/HG :: bombcell
    [WARN] remove_duplicated_spikes step skipped: SortingAnalyzer could not load the recording
    [WARN] remove_redundant_units step skipped: get_dense_templates_array: return_in_uV=True is not possible SortingAnalyzer has the reverse
  [ERROR] sorting_results_sub6_Temp_260123_121427_Temp_260123_121427_v2_rawmat/HG :: bombcell: Metric(s) ['num_positive_peaks', 'num_negative_peaks', 'peak_to_trough_duration', 'waveform_baseline_flatness', 'peak_after_to_trough_ratio', 'exp_decay'] specified in thresholds are not present in the quality metrics DataFrame. Available metrics are: ['num_spikes', 'snr', 'isi_violations_ratio', 'isi_violations_count', 'firing_rate', 'presence_ratio']
  [START] sorting_results_sub6_Temp_260123_121427_Temp_260123_121427_v2_rawmat/HG :: unitrefine
    [WARN] remove_duplicated_spikes step skipped: SortingAnalyzer could not load the recording
    [WARN] remove_redundant_units step skipped: get_dense_templates_array: return_in_uV=True is not possible SortingAnalyzer has the reverse
  [ERROR] sorting_results_sub6_Temp_260123_121427_Temp_260123_121427_v2_rawmat/HG :: unitrefine: unitrefine_label_units() got an unexpected keyword argument 'noise_neural_model'
  [START] sorting_results_sub6_Temp_260123_121427_Temp_260123_121427_v2_rawmat/VMPFC :: bombcell
    [WARN] remove_duplicated_spikes step skipped: SortingAnalyzer could not load the recording
    [WARN] remove_redundant_units step skipped: get_dense_templates_array: return_in_uV=True is not possible SortingAnalyzer has the reverse
  [ERROR] sorting_results_sub6_Temp_260123_121427_Temp_260123_121427_v2_rawmat/VMPFC :: bombcell: Metric(s) ['num_positive_peaks', 'num_negative_peaks', 'peak_to_trough_duration', 'waveform_baseline_flatness', 'peak_after_to_trough_ratio', 'exp_decay'] specified in thresholds are not present in the quality metrics DataFrame. Available metrics are: ['num_spikes', 'snr', 'isi_violations_ratio', 'isi_violations_count', 'firing_rate', 'presence_ratio']
  [START] sorting_results_sub6_Temp_260123_121427_Temp_260123_121427_v2_rawmat/VMPFC :: unitrefine
    [WARN] remove_duplicated_spikes step skipped: SortingAnalyzer could not load the recording
    [WARN] remove_redundant_units step skipped: get_dense_templates_array: return_in_uV=True is not possible SortingAnalyzer has the reverse
  [ERROR] sorting_results_sub6_Temp_260123_121427_Temp_260123_121427_v2_rawmat/VMPFC :: unitrefine: unitrefine_label_units() got an unexpected keyword argument 'noise_neural_model'
  [START] sorting_results_sub6_Temp_260123_121427_Temp_260123_121427_v2_rawmat/Amygdala :: bombcell
    [WARN] remove_duplicated_spikes step skipped: SortingAnalyzer could not load the recording
    [WARN] remove_redundant_units step skipped: get_dense_templates_array: return_in_uV=True is not possible SortingAnalyzer has the reverse
  [ERROR] sorting_results_sub6_Temp_260123_121427_Temp_260123_121427_v2_rawmat/Amygdala :: bombcell: Metric(s) ['num_positive_peaks', 'num_negative_peaks', 'peak_to_trough_duration', 'waveform_baseline_flatness', 'peak_after_to_trough_ratio', 'exp_decay'] specified in thresholds are not present in the quality metrics DataFrame. Available metrics are: ['num_spikes', 'snr', 'isi_violations_ratio', 'isi_violations_count', 'firing_rate', 'presence_ratio']
  [START] sorting_results_sub6_Temp_260123_121427_Temp_260123_121427_v2_rawmat/Amygdala :: unitrefine
    [WARN] remove_duplicated_spikes step skipped: SortingAnalyzer could not load the recording
    [WARN] remove_redundant_units step skipped: get_dense_templates_array: return_in_uV=True is not possible SortingAnalyzer has the reverse
  [ERROR] sorting_results_sub6_Temp_260123_121427_Temp_260123_121427_v2_rawmat/Amygdala :: unitrefine: unitrefine_label_units() got an unexpected keyword argument 'noise_neural_model'
[DONE] Run log: /share/home/mitan/spike_sorting/mountainsort4/auto_sorting_curation_log_20260706_212647.json
