region,unit_id,global_key,best_channel_1idx,n_spikes,mean_fr_hz,snr,isi_violation,firing_rate,presence_ratio,num_spikes_qm,auto_qc_pass,auto_qc_fail_reasons
ATL,1,ATL_unit1,33,86,0.1896,14.325,,0.1896,0.8571,86,False,isi>0.02;n_spikes<100;fr<0.2;firing_rate_qm_low;num_spikes_qm_low
ATL,2,ATL_unit2,34,43,0.0948,16.5817,,0.0948,0.4286,43,False,isi>0.02;n_spikes<100;fr<0.2;presence<0.8;firing_rate_qm_low;num_spikes_qm_low
ATL,3,ATL_unit3,34,36,0.0794,16.4196,,0.0794,0.7143,36,False,isi>0.02;n_spikes<100;fr<0.2;presence<0.8;firing_rate_qm_low;num_spikes_qm_low
ATL,4,ATL_unit4,34,73,0.1609,16.0581,,0.1609,0.7143,73,False,isi>0.02;n_spikes<100;fr<0.2;presence<0.8;firing_rate_qm_low;num_spikes_qm_low
ATL,5,ATL_unit5,35,86,0.1896,10.7057,,0.1896,0.1429,86,False,isi>0.02;n_spikes<100;fr<0.2;presence<0.8;firing_rate_qm_low;num_spikes_qm_low
ATL,6,ATL_unit6,35,35,0.0772,9.102,,0.0772,0.0,35,False,isi>0.02;n_spikes<100;fr<0.2;presence<0.8;firing_rate_qm_low;num_spikes_qm_low
ATL,7,ATL_unit7,35,48,0.1058,10.1371,,0.1058,0.2857,48,False,isi>0.02;n_spikes<100;fr<0.2;presence<0.8;firing_rate_qm_low;num_spikes_qm_low
ATL,8,ATL_unit8,35,25,0.0551,15.6187,,0.0551,0.1429,25,False,isi>0.02;n_spikes<100;fr<0.2;presence<0.8;firing_rate_qm_low;num_spikes_qm_low
ATL,9,ATL_unit9,35,20,0.0441,20.3583,,0.0441,0.0,20,False,isi>0.02;n_spikes<100;fr<0.2;presence<0.8;firing_rate_qm_low;num_spikes_qm_low
ATL,10,ATL_unit10,35,44,0.097,10.1702,,0.097,0.1429,44,False,isi>0.02;n_spikes<100;fr<0.2;presence<0.8;firing_rate_qm_low;num_spikes_qm_low
ATL,11,ATL_unit11,35,22,0.0485,7.9929,,0.0485,0.0,22,False,isi>0.02;n_spikes<100;fr<0.2;presence<0.8;firing_rate_qm_low;num_spikes_qm_low
ATL,12,ATL_unit12,35,72,0.1587,8.9057,,0.1587,0.1429,72,False,isi>0.02;n_spikes<100;fr<0.2;presence<0.8;firing_rate_qm_low;num_spikes_qm_low
ATL,13,ATL_unit13,35,42,0.0926,14.4357,,0.0926,0.2857,42,False,isi>0.02;n_spikes<100;fr<0.2;presence<0.8;firing_rate_qm_low;num_spikes_qm_low
ATL,14,ATL_unit14,43,26,0.0573,12.0948,,0.0573,0.0,26,False,isi>0.02;n_spikes<100;fr<0.2;presence<0.8;firing_rate_qm_low;num_spikes_qm_low
ATL,15,ATL_unit15,35,35,0.0772,15.8431,,0.0772,0.1429,35,False,isi>0.02;n_spikes<100;fr<0.2;presence<0.8;firing_rate_qm_low;num_spikes_qm_low
ATL,16,ATL_unit16,35,34,0.075,12.7861,,0.075,0.2857,34,False,isi>0.02;n_spikes<100;fr<0.2;presence<0.8;firing_rate_qm_low;num_spikes_qm_low
ATL,17,ATL_unit17,35,22,0.0485,9.8312,,0.0485,0.1429,22,False,isi>0.02;n_spikes<100;fr<0.2;presence<0.8;firing_rate_qm_low;num_spikes_qm_low
ATL,18,ATL_unit18,35,19,0.0419,11.1059,,0.0419,0.1429,19,False,isi>0.02;n_spikes<100;fr<0.2;presence<0.8;firing_rate_qm_low;num_spikes_qm_low
ATL,19,ATL_unit19,35,23,0.0507,9.153,,0.0507,0.1429,23,False,isi>0.02;n_spikes<100;fr<0.2;presence<0.8;firing_rate_qm_low;num_spikes_qm_low
ATL,20,ATL_unit20,35,45,0.0992,8.6482,,0.0992,0.1429,45,False,isi>0.02;n_spikes<100;fr<0.2;presence<0.8;firing_rate_qm_low;num_spikes_qm_low
ATL,21,ATL_unit21,35,31,0.0683,12.5847,,0.0683,0.1429,31,False,isi>0.02;n_spikes<100;fr<0.2;presence<0.8;firing_rate_qm_low;num_spikes_qm_low
ATL,22,ATL_unit22,35,33,0.0728,20.0295,,0.0728,0.0,33,False,isi>0.02;n_spikes<100;fr<0.2;presence<0.8;firing_rate_qm_low;num_spikes_qm_low
ATL,23,ATL_unit23,35,15,0.0331,12.2889,,0.0331,0.1429,15,False,isi>0.02;n_spikes<100;fr<0.2;presence<0.8;firing_rate_qm_low;num_spikes_qm_low
ATL,24,ATL_unit24,35,11,0.0243,10.8204,,0.0243,0.0,11,False,isi>0.02;n_spikes<100;fr<0.2;presence<0.8;firing_rate_qm_low;num_spikes_qm_low
ATL,25,ATL_unit25,35,29,0.0639,13.4057,,0.0639,0.0,29,False,isi>0.02;n_spikes<100;fr<0.2;presence<0.8;firing_rate_qm_low;num_spikes_qm_low
ATL,26,ATL_unit26,35,31,0.0683,6.7666,,0.0683,0.1429,31,False,isi>0.02;n_spikes<100;fr<0.2;presence<0.8;firing_rate_qm_low;num_spikes_qm_low
ATL,27,ATL_unit27,35,50,0.1102,6.2133,,0.1102,0.2857,50,False,isi>0.02;n_spikes<100;fr<0.2;presence<0.8;firing_rate_qm_low;num_spikes_qm_low
ATL,28,ATL_unit28,35,30,0.0661,6.5957,,0.0661,0.1429,30,False,isi>0.02;n_spikes<100;fr<0.2;presence<0.8;firing_rate_qm_low;num_spikes_qm_low
ATL,29,ATL_unit29,35,57,0.1257,12.9722,,0.1257,0.0,57,False,isi>0.02;n_spikes<100;fr<0.2;presence<0.8;firing_rate_qm_low;num_spikes_qm_low
ATL,30,ATL_unit30,35,26,0.0573,21.4929,,0.0573,0.1429,26,False,isi>0.02;n_spikes<100;fr<0.2;presence<0.8;firing_rate_qm_low;num_spikes_qm_low
ATL,31,ATL_unit31,35,17,0.0375,25.7915,,0.0375,0.1429,17,False,isi>0.02;n_spikes<100;fr<0.2;presence<0.8;firing_rate_qm_low;num_spikes_qm_low
ATL,32,ATL_unit32,35,36,0.0794,16.8068,,0.0794,0.1429,36,False,isi>0.02;n_spikes<100;fr<0.2;presence<0.8;firing_rate_qm_low;num_spikes_qm_low
ATL,33,ATL_unit33,35,69,0.1521,17.9694,,0.1521,0.1429,69,False,isi>0.02;n_spikes<100;fr<0.2;presence<0.8;firing_rate_qm_low;num_spikes_qm_low
ATL,34,ATL_unit34,35,44,0.097,14.0023,,0.097,0.1429,44,False,isi>0.02;n_spikes<100;fr<0.2;presence<0.8;firing_rate_qm_low;num_spikes_qm_low
ATL,35,ATL_unit35,35,20,0.0441,17.9668,,0.0441,0.2857,20,False,isi>0.02;n_spikes<100;fr<0.2;presence<0.8;firing_rate_qm_low;num_spikes_qm_low
ATL,36,ATL_unit36,35,24,0.0529,22.5612,,0.0529,0.0,24,False,isi>0.02;n_spikes<100;fr<0.2;presence<0.8;firing_rate_qm_low;num_spikes_qm_low
ATL,37,ATL_unit37,35,24,0.0529,12.8218,,0.0529,0.1429,24,False,isi>0.02;n_spikes<100;fr<0.2;presence<0.8;firing_rate_qm_low;num_spikes_qm_low
ATL,38,ATL_unit38,35,23,0.0507,20.8453,,0.0507,0.1429,23,False,isi>0.02;n_spikes<100;fr<0.2;presence<0.8;firing_rate_qm_low;num_spikes_qm_low
ATL,39,ATL_unit39,35,15,0.0331,16.0011,,0.0331,0.0,15,False,isi>0.02;n_spikes<100;fr<0.2;presence<0.8;firing_rate_qm_low;num_spikes_qm_low
ATL,40,ATL_unit40,35,69,0.1521,10.8816,,0.1521,0.2857,69,False,isi>0.02;n_spikes<100;fr<0.2;presence<0.8;firing_rate_qm_low;num_spikes_qm_low
ATL,41,ATL_unit41,35,26,0.0573,17.5768,,0.0573,0.0,26,False,isi>0.02;n_spikes<100;fr<0.2;presence<0.8;firing_rate_qm_low;num_spikes_qm_low
ATL,42,ATL_unit42,47,21,0.0463,11.3164,,0.0463,0.1429,21,False,isi>0.02;n_spikes<100;fr<0.2;presence<0.8;firing_rate_qm_low;num_spikes_qm_low
ATL,43,ATL_unit43,35,32,0.0705,19.3946,,0.0705,0.1429,32,False,isi>0.02;n_spikes<100;fr<0.2;presence<0.8;firing_rate_qm_low;num_spikes_qm_low
ATL,44,ATL_unit44,35,44,0.097,7.4983,,0.097,0.1429,44,False,isi>0.02;n_spikes<100;fr<0.2;presence<0.8;firing_rate_qm_low;num_spikes_qm_low
ATL,45,ATL_unit45,35,12,0.0265,9.3901,,0.0265,0.0,12,False,isi>0.02;n_spikes<100;fr<0.2;presence<0.8;firing_rate_qm_low;num_spikes_qm_low
ATL,46,ATL_unit46,35,18,0.0397,14.4433,,0.0397,0.1429,18,False,isi>0.02;n_spikes<100;fr<0.2;presence<0.8;firing_rate_qm_low;num_spikes_qm_low
ATL,47,ATL_unit47,35,54,0.119,11.5011,,0.119,0.0,54,False,isi>0.02;n_spikes<100;fr<0.2;presence<0.8;firing_rate_qm_low;num_spikes_qm_low
ATL,48,ATL_unit48,36,24,0.0529,6.5958,,0.0529,0.1429,24,False,isi>0.02;n_spikes<100;fr<0.2;presence<0.8;firing_rate_qm_low;num_spikes_qm_low
ATL,49,ATL_unit49,35,19,0.0419,20.7841,,0.0419,0.1429,19,False,isi>0.02;n_spikes<100;fr<0.2;presence<0.8;firing_rate_qm_low;num_spikes_qm_low
ATL,50,ATL_unit50,36,23,0.0507,7.1495,,0.0507,0.1429,23,False,isi>0.02;n_spikes<100;fr<0.2;presence<0.8;firing_rate_qm_low;num_spikes_qm_low
ATL,51,ATL_unit51,36,17,0.0375,20.2499,,0.0375,0.1429,17,False,isi>0.02;n_spikes<100;fr<0.2;presence<0.8;firing_rate_qm_low;num_spikes_qm_low
ATL,52,ATL_unit52,36,14,0.0309,17.2745,,0.0309,0.1429,14,False,isi>0.02;n_spikes<100;fr<0.2;presence<0.8;firing_rate_qm_low;num_spikes_qm_low
ATL,53,ATL_unit53,35,24,0.0529,3.8473,,0.0529,0.1429,24,False,snr<5.0;isi>0.02;n_spikes<100;fr<0.2;presence<0.8;firing_rate_qm_low;num_spikes_qm_low
ATL,54,ATL_unit54,36,32,0.0705,5.9083,,0.0705,0.2857,32,False,isi>0.02;n_spikes<100;fr<0.2;presence<0.8;firing_rate_qm_low;num_spikes_qm_low
ATL,55,ATL_unit55,36,46,0.1014,6.7449,,0.1014,0.1429,46,False,isi>0.02;n_spikes<100;fr<0.2;presence<0.8;firing_rate_qm_low;num_spikes_qm_low
ATL,56,ATL_unit56,36,26,0.0573,6.9274,,0.0573,0.0,26,False,isi>0.02;n_spikes<100;fr<0.2;presence<0.8;firing_rate_qm_low;num_spikes_qm_low
ATL,57,ATL_unit57,45,43,0.0948,7.2172,,0.0948,0.1429,43,False,isi>0.02;n_spikes<100;fr<0.2;presence<0.8;firing_rate_qm_low;num_spikes_qm_low
ATL,58,ATL_unit58,36,10,0.022,14.1165,,0.022,0.0,10,False,isi>0.02;n_spikes<100;fr<0.2;presence<0.8;firing_rate_qm_low;num_spikes_qm_low
ATL,59,ATL_unit59,47,25,0.0551,37.6009,,0.0551,0.1429,25,False,isi>0.02;n_spikes<100;fr<0.2;presence<0.8;firing_rate_qm_low;num_spikes_qm_low
ATL,60,ATL_unit60,35,36,0.0794,20.8275,,0.0794,0.1429,36,False,isi>0.02;n_spikes<100;fr<0.2;presence<0.8;firing_rate_qm_low;num_spikes_qm_low
ATL,61,ATL_unit61,36,45,0.0992,6.6749,,0.0992,0.0,45,False,isi>0.02;n_spikes<100;fr<0.2;presence<0.8;firing_rate_qm_low;num_spikes_qm_low
ATL,62,ATL_unit62,36,84,0.1852,12.4584,,0.1852,0.1429,84,False,isi>0.02;n_spikes<100;fr<0.2;presence<0.8;firing_rate_qm_low;num_spikes_qm_low
ATL,63,ATL_unit63,35,26,0.0573,20.1085,,0.0573,0.1429,26,False,isi>0.02;n_spikes<100;fr<0.2;presence<0.8;firing_rate_qm_low;num_spikes_qm_low
ATL,64,ATL_unit64,36,10,0.022,18.7744,,0.022,0.1429,10,False,isi>0.02;n_spikes<100;fr<0.2;presence<0.8;firing_rate_qm_low;num_spikes_qm_low
ATL,65,ATL_unit65,36,25,0.0551,11.5549,,0.0551,0.1429,25,False,isi>0.02;n_spikes<100;fr<0.2;presence<0.8;firing_rate_qm_low;num_spikes_qm_low
ATL,66,ATL_unit66,40,68,0.1499,24.6503,,0.1499,0.0,68,False,isi>0.02;n_spikes<100;fr<0.2;presence<0.8;firing_rate_qm_low;num_spikes_qm_low
ATL,67,ATL_unit67,36,13,0.0287,11.7313,,0.0287,0.0,13,False,isi>0.02;n_spikes<100;fr<0.2;presence<0.8;firing_rate_qm_low;num_spikes_qm_low
ATL,68,ATL_unit68,36,23,0.0507,8.4456,,0.0507,0.1429,23,False,isi>0.02;n_spikes<100;fr<0.2;presence<0.8;firing_rate_qm_low;num_spikes_qm_low
ATL,69,ATL_unit69,36,27,0.0595,5.5614,,0.0595,0.1429,27,False,isi>0.02;n_spikes<100;fr<0.2;presence<0.8;firing_rate_qm_low;num_spikes_qm_low
ATL,70,ATL_unit70,36,28,0.0617,5.5797,,0.0617,0.1429,28,False,isi>0.02;n_spikes<100;fr<0.2;presence<0.8;firing_rate_qm_low;num_spikes_qm_low
ATL,71,ATL_unit71,36,30,0.0661,3.7543,,0.0661,0.1429,30,False,snr<5.0;isi>0.02;n_spikes<100;fr<0.2;presence<0.8;firing_rate_qm_low;num_spikes_qm_low
ATL,72,ATL_unit72,36,28,0.0617,13.937,,0.0617,0.0,28,False,isi>0.02;n_spikes<100;fr<0.2;presence<0.8;firing_rate_qm_low;num_spikes_qm_low
ATL,73,ATL_unit73,36,71,0.1565,4.9104,,0.1565,0.1429,71,False,snr<5.0;isi>0.02;n_spikes<100;fr<0.2;presence<0.8;firing_rate_qm_low;num_spikes_qm_low
ATL,74,ATL_unit74,36,57,0.1257,5.5432,,0.1257,0.1429,57,False,isi>0.02;n_spikes<100;fr<0.2;presence<0.8;firing_rate_qm_low;num_spikes_qm_low
ATL,75,ATL_unit75,36,57,0.1257,8.7924,,0.1257,0.1429,57,False,isi>0.02;n_spikes<100;fr<0.2;presence<0.8;firing_rate_qm_low;num_spikes_qm_low
ATL,76,ATL_unit76,36,19,0.0419,8.9445,,0.0419,0.2857,19,False,isi>0.02;n_spikes<100;fr<0.2;presence<0.8;firing_rate_qm_low;num_spikes_qm_low
ATL,77,ATL_unit77,36,38,0.0838,9.6716,,0.0838,0.1429,38,False,isi>0.02;n_spikes<100;fr<0.2;presence<0.8;firing_rate_qm_low;num_spikes_qm_low
ATL,78,ATL_unit78,36,31,0.0683,16.0758,,0.0683,0.0,31,False,isi>0.02;n_spikes<100;fr<0.2;presence<0.8;firing_rate_qm_low;num_spikes_qm_low
ATL,79,ATL_unit79,35,78,0.172,5.994,,0.172,0.1429,78,False,isi>0.02;n_spikes<100;fr<0.2;presence<0.8;firing_rate_qm_low;num_spikes_qm_low
ATL,80,ATL_unit80,36,27,0.0595,13.3438,,0.0595,0.0,27,False,isi>0.02;n_spikes<100;fr<0.2;presence<0.8;firing_rate_qm_low;num_spikes_qm_low
ATL,81,ATL_unit81,36,22,0.0485,7.3686,,0.0485,0.0,22,False,isi>0.02;n_spikes<100;fr<0.2;presence<0.8;firing_rate_qm_low;num_spikes_qm_low
ATL,82,ATL_unit82,40,45,0.0992,17.9349,,0.0992,0.1429,45,False,isi>0.02;n_spikes<100;fr<0.2;presence<0.8;firing_rate_qm_low;num_spikes_qm_low
ATL,83,ATL_unit83,36,76,0.1675,6.395,,0.1675,0.2857,76,False,isi>0.02;n_spikes<100;fr<0.2;presence<0.8;firing_rate_qm_low;num_spikes_qm_low
ATL,84,ATL_unit84,35,11,0.0243,22.319,,0.0243,0.0,11,False,isi>0.02;n_spikes<100;fr<0.2;presence<0.8;firing_rate_qm_low;num_spikes_qm_low
ATL,85,ATL_unit85,36,52,0.1146,9.6078,,0.1146,0.1429,52,False,isi>0.02;n_spikes<100;fr<0.2;presence<0.8;firing_rate_qm_low;num_spikes_qm_low
ATL,86,ATL_unit86,36,32,0.0705,19.7936,,0.0705,0.0,32,False,isi>0.02;n_spikes<100;fr<0.2;presence<0.8;firing_rate_qm_low;num_spikes_qm_low
ATL,87,ATL_unit87,45,46,0.1014,10.2213,,0.1014,0.0,46,False,isi>0.02;n_spikes<100;fr<0.2;presence<0.8;firing_rate_qm_low;num_spikes_qm_low
ATL,88,ATL_unit88,40,13,0.0287,21.2586,,0.0287,0.0,13,False,isi>0.02;n_spikes<100;fr<0.2;presence<0.8;firing_rate_qm_low;num_spikes_qm_low
ATL,89,ATL_unit89,43,53,0.1168,15.8759,,0.1168,0.1429,53,False,isi>0.02;n_spikes<100;fr<0.2;presence<0.8;firing_rate_qm_low;num_spikes_qm_low
ATL,90,ATL_unit90,36,66,0.1455,4.5787,,0.1455,0.2857,66,False,snr<5.0;isi>0.02;n_spikes<100;fr<0.2;presence<0.8;firing_rate_qm_low;num_spikes_qm_low
ATL,91,ATL_unit91,36,13,0.0287,14.1226,,0.0287,0.0,13,False,isi>0.02;n_spikes<100;fr<0.2;presence<0.8;firing_rate_qm_low;num_spikes_qm_low
ATL,92,ATL_unit92,40,34,0.075,12.3456,,0.075,0.1429,34,False,isi>0.02;n_spikes<100;fr<0.2;presence<0.8;firing_rate_qm_low;num_spikes_qm_low
ATL,93,ATL_unit93,40,44,0.097,16.8815,,0.097,0.2857,44,False,isi>0.02;n_spikes<100;fr<0.2;presence<0.8;firing_rate_qm_low;num_spikes_qm_low
ATL,94,ATL_unit94,40,30,0.0661,16.7499,,0.0661,0.2857,30,False,isi>0.02;n_spikes<100;fr<0.2;presence<0.8;firing_rate_qm_low;num_spikes_qm_low
ATL,95,ATL_unit95,36,79,0.1742,11.281,,0.1742,0.1429,79,False,isi>0.02;n_spikes<100;fr<0.2;presence<0.8;firing_rate_qm_low;num_spikes_qm_low
ATL,96,ATL_unit96,43,21,0.0463,26.0966,,0.0463,0.1429,21,False,isi>0.02;n_spikes<100;fr<0.2;presence<0.8;firing_rate_qm_low;num_spikes_qm_low
ATL,97,ATL_unit97,36,49,0.108,10.7882,,0.108,0.1429,49,False,isi>0.02;n_spikes<100;fr<0.2;presence<0.8;firing_rate_qm_low;num_spikes_qm_low
ATL,98,ATL_unit98,36,40,0.0882,10.4292,,0.0882,0.1429,40,False,isi>0.02;n_spikes<100;fr<0.2;presence<0.8;firing_rate_qm_low;num_spikes_qm_low
ATL,99,ATL_unit99,35,28,0.0617,5.1756,,0.0617,0.1429,28,False,isi>0.02;n_spikes<100;fr<0.2;presence<0.8;firing_rate_qm_low;num_spikes_qm_low
ATL,100,ATL_unit100,43,35,0.0772,9.5161,,0.0772,0.1429,35,False,isi>0.02;n_spikes<100;fr<0.2;presence<0.8;firing_rate_qm_low;num_spikes_qm_low
ATL,101,ATL_unit101,36,46,0.1014,3.6721,,0.1014,0.1429,46,False,snr<5.0;isi>0.02;n_spikes<100;fr<0.2;presence<0.8;firing_rate_qm_low;num_spikes_qm_low
ATL,102,ATL_unit102,36,41,0.0904,4.3932,,0.0904,0.1429,41,False,snr<5.0;isi>0.02;n_spikes<100;fr<0.2;presence<0.8;firing_rate_qm_low;num_spikes_qm_low
ATL,103,ATL_unit103,35,40,0.0882,14.9329,,0.0882,0.1429,40,False,isi>0.02;n_spikes<100;fr<0.2;presence<0.8;firing_rate_qm_low;num_spikes_qm_low
ATL,104,ATL_unit104,36,32,0.0705,9.7812,,0.0705,0.1429,32,False,isi>0.02;n_spikes<100;fr<0.2;presence<0.8;firing_rate_qm_low;num_spikes_qm_low
ATL,105,ATL_unit105,36,33,0.0728,14.2808,,0.0728,0.1429,33,False,isi>0.02;n_spikes<100;fr<0.2;presence<0.8;firing_rate_qm_low;num_spikes_qm_low
ATL,106,ATL_unit106,47,22,0.0485,8.1745,,0.0485,0.1429,22,False,isi>0.02;n_spikes<100;fr<0.2;presence<0.8;firing_rate_qm_low;num_spikes_qm_low
ATL,107,ATL_unit107,47,23,0.0507,9.1106,,0.0507,0.1429,23,False,isi>0.02;n_spikes<100;fr<0.2;presence<0.8;firing_rate_qm_low;num_spikes_qm_low
ATL,108,ATL_unit108,36,17,0.0375,12.4797,,0.0375,0.0,17,False,isi>0.02;n_spikes<100;fr<0.2;presence<0.8;firing_rate_qm_low;num_spikes_qm_low
ATL,109,ATL_unit109,36,34,0.075,10.8369,,0.075,0.2857,34,False,isi>0.02;n_spikes<100;fr<0.2;presence<0.8;firing_rate_qm_low;num_spikes_qm_low
ATL,110,ATL_unit110,36,49,0.108,6.6019,,0.108,0.1429,49,False,isi>0.02;n_spikes<100;fr<0.2;presence<0.8;firing_rate_qm_low;num_spikes_qm_low
ATL,111,ATL_unit111,43,26,0.0573,20.3051,,0.0573,0.1429,26,False,isi>0.02;n_spikes<100;fr<0.2;presence<0.8;firing_rate_qm_low;num_spikes_qm_low
ATL,112,ATL_unit112,36,18,0.0397,12.7627,,0.0397,0.1429,18,False,isi>0.02;n_spikes<100;fr<0.2;presence<0.8;firing_rate_qm_low;num_spikes_qm_low
ATL,113,ATL_unit113,36,18,0.0397,11.0711,,0.0397,0.1429,18,False,isi>0.02;n_spikes<100;fr<0.2;presence<0.8;firing_rate_qm_low;num_spikes_qm_low
ATL,114,ATL_unit114,36,52,0.1146,10.3683,,0.1146,0.1429,52,False,isi>0.02;n_spikes<100;fr<0.2;presence<0.8;firing_rate_qm_low;num_spikes_qm_low
ATL,115,ATL_unit115,36,63,0.1389,7.5329,,0.1389,0.2857,63,False,isi>0.02;n_spikes<100;fr<0.2;presence<0.8;firing_rate_qm_low;num_spikes_qm_low
ATL,116,ATL_unit116,35,14,0.0309,18.1045,,0.0309,0.0,14,False,isi>0.02;n_spikes<100;fr<0.2;presence<0.8;firing_rate_qm_low;num_spikes_qm_low
ATL,117,ATL_unit117,36,77,0.1698,3.4439,,0.1698,0.1429,77,False,snr<5.0;isi>0.02;n_spikes<100;fr<0.2;presence<0.8;firing_rate_qm_low;num_spikes_qm_low
ATL,118,ATL_unit118,36,86,0.1896,10.4687,,0.1896,0.2857,86,False,isi>0.02;n_spikes<100;fr<0.2;presence<0.8;firing_rate_qm_low;num_spikes_qm_low
ATL,119,ATL_unit119,37,410,0.9039,17.1989,,0.9039,0.1429,410,False,isi>0.02;presence<0.8
ATL,120,ATL_unit120,37,3528,7.7777,12.4301,,7.7777,0.5714,3528,False,isi>0.02;presence<0.8
ATL,121,ATL_unit121,43,373,0.8223,15.7068,,0.8223,0.2857,373,False,isi>0.02;presence<0.8
ATL,122,ATL_unit122,37,543,1.1971,18.7386,,1.1971,0.2857,543,False,isi>0.02;presence<0.8
ATL,123,ATL_unit123,37,167,0.3682,19.4991,,0.3682,0.1429,167,False,isi>0.02;presence<0.8
ATL,124,ATL_unit124,37,114,0.2513,27.5593,,0.2513,0.1429,114,False,isi>0.02;presence<0.8
ATL,125,ATL_unit125,43,64,0.1411,21.5827,,0.1411,0.1429,64,False,isi>0.02;n_spikes<100;fr<0.2;presence<0.8;firing_rate_qm_low;num_spikes_qm_low
ATL,126,ATL_unit126,47,44,0.097,31.2985,,0.097,0.1429,44,False,isi>0.02;n_spikes<100;fr<0.2;presence<0.8;firing_rate_qm_low;num_spikes_qm_low
ATL,127,ATL_unit127,43,31,0.0683,36.9842,,0.0683,0.1429,31,False,isi>0.02;n_spikes<100;fr<0.2;presence<0.8;firing_rate_qm_low;num_spikes_qm_low
ATL,128,ATL_unit128,37,17,0.0375,34.5972,,0.0375,0.1429,17,False,isi>0.02;n_spikes<100;fr<0.2;presence<0.8;firing_rate_qm_low;num_spikes_qm_low
ATL,129,ATL_unit129,38,17,0.0375,38.3434,,0.0375,0.1429,17,False,isi>0.02;n_spikes<100;fr<0.2;presence<0.8;firing_rate_qm_low;num_spikes_qm_low
ATL,130,ATL_unit130,37,22,0.0485,20.5277,,0.0485,0.1429,22,False,isi>0.02;n_spikes<100;fr<0.2;presence<0.8;firing_rate_qm_low;num_spikes_qm_low
ATL,131,ATL_unit131,40,13,0.0287,30.721,,0.0287,0.1429,13,False,isi>0.02;n_spikes<100;fr<0.2;presence<0.8;firing_rate_qm_low;num_spikes_qm_low
ATL,132,ATL_unit132,38,45,0.0992,25.2097,,0.0992,0.1429,45,False,isi>0.02;n_spikes<100;fr<0.2;presence<0.8;firing_rate_qm_low;num_spikes_qm_low
ATL,133,ATL_unit133,38,67,0.1477,17.5907,,0.1477,0.1429,67,False,isi>0.02;n_spikes<100;fr<0.2;presence<0.8;firing_rate_qm_low;num_spikes_qm_low
ATL,134,ATL_unit134,38,38,0.0838,12.3351,,0.0838,0.1429,38,False,isi>0.02;n_spikes<100;fr<0.2;presence<0.8;firing_rate_qm_low;num_spikes_qm_low
ATL,135,ATL_unit135,38,17,0.0375,25.2313,,0.0375,0.1429,17,False,isi>0.02;n_spikes<100;fr<0.2;presence<0.8;firing_rate_qm_low;num_spikes_qm_low
ATL,136,ATL_unit136,38,58,0.1279,11.8602,,0.1279,0.7143,58,False,isi>0.02;n_spikes<100;fr<0.2;presence<0.8;firing_rate_qm_low;num_spikes_qm_low
ATL,137,ATL_unit137,38,22,0.0485,13.684,,0.0485,0.1429,22,False,isi>0.02;n_spikes<100;fr<0.2;presence<0.8;firing_rate_qm_low;num_spikes_qm_low
ATL,138,ATL_unit138,38,19,0.0419,23.5154,,0.0419,0.0,19,False,isi>0.02;n_spikes<100;fr<0.2;presence<0.8;firing_rate_qm_low;num_spikes_qm_low
ATL,139,ATL_unit139,43,28,0.0617,13.6401,,0.0617,0.0,28,False,isi>0.02;n_spikes<100;fr<0.2;presence<0.8;firing_rate_qm_low;num_spikes_qm_low
ATL,140,ATL_unit140,38,13,0.0287,19.7706,,0.0287,0.1429,13,False,isi>0.02;n_spikes<100;fr<0.2;presence<0.8;firing_rate_qm_low;num_spikes_qm_low
ATL,141,ATL_unit141,38,63,0.1389,15.4431,,0.1389,0.1429,63,False,isi>0.02;n_spikes<100;fr<0.2;presence<0.8;firing_rate_qm_low;num_spikes_qm_low
ATL,142,ATL_unit142,47,36,0.0794,16.122,,0.0794,0.1429,36,False,isi>0.02;n_spikes<100;fr<0.2;presence<0.8;firing_rate_qm_low;num_spikes_qm_low
ATL,143,ATL_unit143,47,52,0.1146,11.613,,0.1146,0.4286,52,False,isi>0.02;n_spikes<100;fr<0.2;presence<0.8;firing_rate_qm_low;num_spikes_qm_low
ATL,144,ATL_unit144,38,21,0.0463,18.3353,,0.0463,0.2857,21,False,isi>0.02;n_spikes<100;fr<0.2;presence<0.8;firing_rate_qm_low;num_spikes_qm_low
ATL,145,ATL_unit145,35,26,0.0573,8.2912,,0.0573,0.1429,26,False,isi>0.02;n_spikes<100;fr<0.2;presence<0.8;firing_rate_qm_low;num_spikes_qm_low
ATL,146,ATL_unit146,35,37,0.0816,9.6782,,0.0816,0.1429,37,False,isi>0.02;n_spikes<100;fr<0.2;presence<0.8;firing_rate_qm_low;num_spikes_qm_low
ATL,147,ATL_unit147,38,45,0.0992,15.5834,,0.0992,0.1429,45,False,isi>0.02;n_spikes<100;fr<0.2;presence<0.8;firing_rate_qm_low;num_spikes_qm_low
ATL,148,ATL_unit148,38,44,0.097,18.535,,0.097,0.0,44,False,isi>0.02;n_spikes<100;fr<0.2;presence<0.8;firing_rate_qm_low;num_spikes_qm_low
ATL,149,ATL_unit149,43,11,0.0243,17.0313,,0.0243,0.0,11,False,isi>0.02;n_spikes<100;fr<0.2;presence<0.8;firing_rate_qm_low;num_spikes_qm_low
ATL,150,ATL_unit150,38,34,0.075,11.8225,,0.075,0.2857,34,False,isi>0.02;n_spikes<100;fr<0.2;presence<0.8;firing_rate_qm_low;num_spikes_qm_low
ATL,151,ATL_unit151,38,47,0.1036,12.8423,,0.1036,0.1429,47,False,isi>0.02;n_spikes<100;fr<0.2;presence<0.8;firing_rate_qm_low;num_spikes_qm_low
ATL,152,ATL_unit152,38,43,0.0948,25.3824,,0.0948,0.1429,43,False,isi>0.02;n_spikes<100;fr<0.2;presence<0.8;firing_rate_qm_low;num_spikes_qm_low
ATL,153,ATL_unit153,38,49,0.108,12.9718,,0.108,0.2857,49,False,isi>0.02;n_spikes<100;fr<0.2;presence<0.8;firing_rate_qm_low;num_spikes_qm_low
ATL,154,ATL_unit154,38,27,0.0595,17.6986,,0.0595,0.1429,27,False,isi>0.02;n_spikes<100;fr<0.2;presence<0.8;firing_rate_qm_low;num_spikes_qm_low
ATL,155,ATL_unit155,38,44,0.097,17.1698,,0.097,0.1429,44,False,isi>0.02;n_spikes<100;fr<0.2;presence<0.8;firing_rate_qm_low;num_spikes_qm_low
ATL,156,ATL_unit156,47,26,0.0573,17.6929,,0.0573,0.2857,26,False,isi>0.02;n_spikes<100;fr<0.2;presence<0.8;firing_rate_qm_low;num_spikes_qm_low
ATL,157,ATL_unit157,36,48,0.1058,12.7688,,0.1058,0.2857,48,False,isi>0.02;n_spikes<100;fr<0.2;presence<0.8;firing_rate_qm_low;num_spikes_qm_low
ATL,158,ATL_unit158,38,24,0.0529,13.5923,,0.0529,0.2857,24,False,isi>0.02;n_spikes<100;fr<0.2;presence<0.8;firing_rate_qm_low;num_spikes_qm_low
ATL,159,ATL_unit159,38,25,0.0551,17.6447,,0.0551,0.0,25,False,isi>0.02;n_spikes<100;fr<0.2;presence<0.8;firing_rate_qm_low;num_spikes_qm_low
ATL,160,ATL_unit160,38,15,0.0331,21.3463,,0.0331,0.0,15,False,isi>0.02;n_spikes<100;fr<0.2;presence<0.8;firing_rate_qm_low;num_spikes_qm_low
ATL,161,ATL_unit161,43,53,0.1168,14.1943,,0.1168,0.1429,53,False,isi>0.02;n_spikes<100;fr<0.2;presence<0.8;firing_rate_qm_low;num_spikes_qm_low
ATL,162,ATL_unit162,40,53,0.1168,31.1478,,0.1168,0.1429,53,False,isi>0.02;n_spikes<100;fr<0.2;presence<0.8;firing_rate_qm_low;num_spikes_qm_low
ATL,163,ATL_unit163,39,3198,7.0502,9.4995,,7.0502,0.8571,3198,False,isi>0.02
ATL,164,ATL_unit164,39,248,0.5467,14.1076,,0.5467,0.1429,248,False,isi>0.02;presence<0.8
ATL,165,ATL_unit165,35,133,0.2932,9.3926,,0.2932,0.1429,133,False,isi>0.02;presence<0.8
ATL,166,ATL_unit166,39,99,0.2183,14.0974,,0.2183,0.1429,99,False,isi>0.02;n_spikes<100;presence<0.8;num_spikes_qm_low
ATL,167,ATL_unit167,38,60,0.1323,16.5871,,0.1323,0.1429,60,False,isi>0.02;n_spikes<100;fr<0.2;presence<0.8;firing_rate_qm_low;num_spikes_qm_low
ATL,168,ATL_unit168,38,36,0.0794,19.5602,,0.0794,0.0,36,False,isi>0.02;n_spikes<100;fr<0.2;presence<0.8;firing_rate_qm_low;num_spikes_qm_low
ATL,169,ATL_unit169,39,37,0.0816,11.7495,,0.0816,0.1429,37,False,isi>0.02;n_spikes<100;fr<0.2;presence<0.8;firing_rate_qm_low;num_spikes_qm_low
ATL,170,ATL_unit170,39,39,0.086,22.2324,,0.086,0.1429,39,False,isi>0.02;n_spikes<100;fr<0.2;presence<0.8;firing_rate_qm_low;num_spikes_qm_low
ATL,171,ATL_unit171,39,458,1.0097,12.3519,,1.0097,0.4286,458,False,isi>0.02;presence<0.8
ATL,172,ATL_unit172,39,92,0.2028,28.0866,,0.2028,0.2857,92,False,isi>0.02;n_spikes<100;presence<0.8;num_spikes_qm_low
ATL,173,ATL_unit173,39,71,0.1565,18.1237,,0.1565,0.2857,71,False,isi>0.02;n_spikes<100;fr<0.2;presence<0.8;firing_rate_qm_low;num_spikes_qm_low
ATL,174,ATL_unit174,39,38,0.0838,19.2822,,0.0838,0.0,38,False,isi>0.02;n_spikes<100;fr<0.2;presence<0.8;firing_rate_qm_low;num_spikes_qm_low
ATL,175,ATL_unit175,39,46,0.1014,10.2512,,0.1014,0.1429,46,False,isi>0.02;n_spikes<100;fr<0.2;presence<0.8;firing_rate_qm_low;num_spikes_qm_low
ATL,176,ATL_unit176,39,21,0.0463,22.4899,,0.0463,0.1429,21,False,isi>0.02;n_spikes<100;fr<0.2;presence<0.8;firing_rate_qm_low;num_spikes_qm_low
ATL,177,ATL_unit177,47,19,0.0419,22.327,,0.0419,0.1429,19,False,isi>0.02;n_spikes<100;fr<0.2;presence<0.8;firing_rate_qm_low;num_spikes_qm_low
ATL,178,ATL_unit178,39,25,0.0551,32.7771,,0.0551,0.1429,25,False,isi>0.02;n_spikes<100;fr<0.2;presence<0.8;firing_rate_qm_low;num_spikes_qm_low
ATL,179,ATL_unit179,39,15,0.0331,20.348,,0.0331,0.1429,15,False,isi>0.02;n_spikes<100;fr<0.2;presence<0.8;firing_rate_qm_low;num_spikes_qm_low
ATL,180,ATL_unit180,43,17,0.0375,19.455,,0.0375,0.1429,17,False,isi>0.02;n_spikes<100;fr<0.2;presence<0.8;firing_rate_qm_low;num_spikes_qm_low
ATL,181,ATL_unit181,47,26,0.0573,19.6114,,0.0573,0.1429,26,False,isi>0.02;n_spikes<100;fr<0.2;presence<0.8;firing_rate_qm_low;num_spikes_qm_low
ATL,182,ATL_unit182,39,19,0.0419,29.3995,,0.0419,0.1429,19,False,isi>0.02;n_spikes<100;fr<0.2;presence<0.8;firing_rate_qm_low;num_spikes_qm_low
ATL,183,ATL_unit183,39,12,0.0265,23.1849,,0.0265,0.1429,12,False,isi>0.02;n_spikes<100;fr<0.2;presence<0.8;firing_rate_qm_low;num_spikes_qm_low
ATL,184,ATL_unit184,39,34,0.075,35.0735,,0.075,0.1429,34,False,isi>0.02;n_spikes<100;fr<0.2;presence<0.8;firing_rate_qm_low;num_spikes_qm_low
ATL,185,ATL_unit185,39,17,0.0375,23.3549,,0.0375,0.1429,17,False,isi>0.02;n_spikes<100;fr<0.2;presence<0.8;firing_rate_qm_low;num_spikes_qm_low
ATL,186,ATL_unit186,40,19,0.0419,26.6164,,0.0419,0.1429,19,False,isi>0.02;n_spikes<100;fr<0.2;presence<0.8;firing_rate_qm_low;num_spikes_qm_low
ATL,187,ATL_unit187,40,31,0.0683,39.8564,,0.0683,0.1429,31,False,isi>0.02;n_spikes<100;fr<0.2;presence<0.8;firing_rate_qm_low;num_spikes_qm_low
ATL,188,ATL_unit188,43,53,0.1168,21.052,,0.1168,0.2857,53,False,isi>0.02;n_spikes<100;fr<0.2;presence<0.8;firing_rate_qm_low;num_spikes_qm_low
ATL,189,ATL_unit189,39,48,0.1058,23.9367,,0.1058,0.0,48,False,isi>0.02;n_spikes<100;fr<0.2;presence<0.8;firing_rate_qm_low;num_spikes_qm_low
ATL,190,ATL_unit190,39,37,0.0816,31.2737,,0.0816,0.1429,37,False,isi>0.02;n_spikes<100;fr<0.2;presence<0.8;firing_rate_qm_low;num_spikes_qm_low
ATL,191,ATL_unit191,39,53,0.1168,22.5207,,0.1168,0.1429,53,False,isi>0.02;n_spikes<100;fr<0.2;presence<0.8;firing_rate_qm_low;num_spikes_qm_low
ATL,192,ATL_unit192,39,76,0.1675,19.9567,,0.1675,0.1429,76,False,isi>0.02;n_spikes<100;fr<0.2;presence<0.8;firing_rate_qm_low;num_spikes_qm_low
ATL,193,ATL_unit193,39,61,0.1345,23.1386,,0.1345,0.1429,61,False,isi>0.02;n_spikes<100;fr<0.2;presence<0.8;firing_rate_qm_low;num_spikes_qm_low
ATL,194,ATL_unit194,43,34,0.075,22.865,,0.075,0.1429,34,False,isi>0.02;n_spikes<100;fr<0.2;presence<0.8;firing_rate_qm_low;num_spikes_qm_low
ATL,195,ATL_unit195,39,12,0.0265,17.4029,,0.0265,0.1429,12,False,isi>0.02;n_spikes<100;fr<0.2;presence<0.8;firing_rate_qm_low;num_spikes_qm_low
ATL,196,ATL_unit196,39,39,0.086,22.9635,,0.086,0.1429,39,False,isi>0.02;n_spikes<100;fr<0.2;presence<0.8;firing_rate_qm_low;num_spikes_qm_low
ATL,197,ATL_unit197,43,19,0.0419,26.4911,,0.0419,0.1429,19,False,isi>0.02;n_spikes<100;fr<0.2;presence<0.8;firing_rate_qm_low;num_spikes_qm_low
ATL,198,ATL_unit198,43,12,0.0265,38.1256,,0.0265,0.0,12,False,isi>0.02;n_spikes<100;fr<0.2;presence<0.8;firing_rate_qm_low;num_spikes_qm_low
ATL,199,ATL_unit199,43,24,0.0529,27.1111,,0.0529,0.1429,24,False,isi>0.02;n_spikes<100;fr<0.2;presence<0.8;firing_rate_qm_low;num_spikes_qm_low
ATL,200,ATL_unit200,39,96,0.2116,20.2553,,0.2116,0.1429,96,False,isi>0.02;n_spikes<100;presence<0.8;num_spikes_qm_low
ATL,201,ATL_unit201,47,49,0.108,13.6335,,0.108,0.0,49,False,isi>0.02;n_spikes<100;fr<0.2;presence<0.8;firing_rate_qm_low;num_spikes_qm_low
ATL,202,ATL_unit202,35,59,0.1301,6.7411,,0.1301,0.1429,59,False,isi>0.02;n_spikes<100;fr<0.2;presence<0.8;firing_rate_qm_low;num_spikes_qm_low
ATL,203,ATL_unit203,43,31,0.0683,19.0041,,0.0683,0.1429,31,False,isi>0.02;n_spikes<100;fr<0.2;presence<0.8;firing_rate_qm_low;num_spikes_qm_low
ATL,204,ATL_unit204,36,106,0.2337,6.4985,,0.2337,0.2857,106,False,isi>0.02;presence<0.8
ATL,205,ATL_unit205,47,66,0.1455,13.2674,,0.1455,0.0,66,False,isi>0.02;n_spikes<100;fr<0.2;presence<0.8;firing_rate_qm_low;num_spikes_qm_low
ATL,206,ATL_unit206,39,140,0.3086,17.4286,,0.3086,0.1429,140,False,isi>0.02;presence<0.8
ATL,207,ATL_unit207,39,31,0.0683,14.2003,,0.0683,0.1429,31,False,isi>0.02;n_spikes<100;fr<0.2;presence<0.8;firing_rate_qm_low;num_spikes_qm_low
ATL,208,ATL_unit208,39,258,0.5688,14.9418,,0.5688,0.5714,258,False,isi>0.02;presence<0.8
ATL,209,ATL_unit209,39,82,0.1808,14.8542,,0.1808,0.2857,82,False,isi>0.02;n_spikes<100;fr<0.2;presence<0.8;firing_rate_qm_low;num_spikes_qm_low
ATL,210,ATL_unit210,39,76,0.1675,17.6963,,0.1675,0.1429,76,False,isi>0.02;n_spikes<100;fr<0.2;presence<0.8;firing_rate_qm_low;num_spikes_qm_low
ATL,211,ATL_unit211,35,93,0.205,6.4198,,0.205,0.2857,93,False,isi>0.02;n_spikes<100;presence<0.8;num_spikes_qm_low
ATL,212,ATL_unit212,35,55,0.1213,4.2272,,0.1213,0.2857,55,False,snr<5.0;isi>0.02;n_spikes<100;fr<0.2;presence<0.8;firing_rate_qm_low;num_spikes_qm_low
ATL,213,ATL_unit213,39,15,0.0331,24.5803,,0.0331,0.1429,15,False,isi>0.02;n_spikes<100;fr<0.2;presence<0.8;firing_rate_qm_low;num_spikes_qm_low
ATL,214,ATL_unit214,40,85,0.1874,10.4795,,0.1874,0.4286,85,False,isi>0.02;n_spikes<100;fr<0.2;presence<0.8;firing_rate_qm_low;num_spikes_qm_low
ATL,215,ATL_unit215,39,47,0.1036,10.9772,,0.1036,0.1429,47,False,isi>0.02;n_spikes<100;fr<0.2;presence<0.8;firing_rate_qm_low;num_spikes_qm_low
ATL,216,ATL_unit216,36,43,0.0948,13.934,,0.0948,0.0,43,False,isi>0.02;n_spikes<100;fr<0.2;presence<0.8;firing_rate_qm_low;num_spikes_qm_low
ATL,217,ATL_unit217,43,34,0.075,16.0872,,0.075,0.1429,34,False,isi>0.02;n_spikes<100;fr<0.2;presence<0.8;firing_rate_qm_low;num_spikes_qm_low
ATL,218,ATL_unit218,39,31,0.0683,18.8342,,0.0683,0.1429,31,False,isi>0.02;n_spikes<100;fr<0.2;presence<0.8;firing_rate_qm_low;num_spikes_qm_low
ATL,219,ATL_unit219,40,31,0.0683,13.6124,,0.0683,0.1429,31,False,isi>0.02;n_spikes<100;fr<0.2;presence<0.8;firing_rate_qm_low;num_spikes_qm_low
ATL,220,ATL_unit220,35,38,0.0838,10.3742,,0.0838,0.1429,38,False,isi>0.02;n_spikes<100;fr<0.2;presence<0.8;firing_rate_qm_low;num_spikes_qm_low
ATL,221,ATL_unit221,43,106,0.2337,13.4475,,0.2337,0.1429,106,False,isi>0.02;presence<0.8
ATL,222,ATL_unit222,47,17,0.0375,30.4551,,0.0375,0.1429,17,False,isi>0.02;n_spikes<100;fr<0.2;presence<0.8;firing_rate_qm_low;num_spikes_qm_low
ATL,223,ATL_unit223,39,49,0.108,28.0299,,0.108,0.0,49,False,isi>0.02;n_spikes<100;fr<0.2;presence<0.8;firing_rate_qm_low;num_spikes_qm_low
ATL,224,ATL_unit224,43,52,0.1146,15.3122,,0.1146,0.0,52,False,isi>0.02;n_spikes<100;fr<0.2;presence<0.8;firing_rate_qm_low;num_spikes_qm_low
ATL,225,ATL_unit225,36,86,0.1896,5.9661,,0.1896,0.2857,86,False,isi>0.02;n_spikes<100;fr<0.2;presence<0.8;firing_rate_qm_low;num_spikes_qm_low
ATL,226,ATL_unit226,40,48,0.1058,25.9988,,0.1058,0.1429,48,False,isi>0.02;n_spikes<100;fr<0.2;presence<0.8;firing_rate_qm_low;num_spikes_qm_low
ATL,227,ATL_unit227,40,10,0.022,22.7161,,0.022,0.1429,10,False,isi>0.02;n_spikes<100;fr<0.2;presence<0.8;firing_rate_qm_low;num_spikes_qm_low
ATL,228,ATL_unit228,40,63,0.1389,12.5953,,0.1389,0.0,63,False,isi>0.02;n_spikes<100;fr<0.2;presence<0.8;firing_rate_qm_low;num_spikes_qm_low
ATL,229,ATL_unit229,35,19,0.0419,12.5796,,0.0419,0.0,19,False,isi>0.02;n_spikes<100;fr<0.2;presence<0.8;firing_rate_qm_low;num_spikes_qm_low
ATL,230,ATL_unit230,43,26,0.0573,26.2891,,0.0573,0.0,26,False,isi>0.02;n_spikes<100;fr<0.2;presence<0.8;firing_rate_qm_low;num_spikes_qm_low
ATL,231,ATL_unit231,35,18,0.0397,15.3739,,0.0397,0.0,18,False,isi>0.02;n_spikes<100;fr<0.2;presence<0.8;firing_rate_qm_low;num_spikes_qm_low
ATL,232,ATL_unit232,35,35,0.0772,20.5496,,0.0772,0.0,35,False,isi>0.02;n_spikes<100;fr<0.2;presence<0.8;firing_rate_qm_low;num_spikes_qm_low
ATL,233,ATL_unit233,35,22,0.0485,16.1312,,0.0485,0.0,22,False,isi>0.02;n_spikes<100;fr<0.2;presence<0.8;firing_rate_qm_low;num_spikes_qm_low
ATL,234,ATL_unit234,38,16,0.0353,44.6782,,0.0353,0.1429,16,False,isi>0.02;n_spikes<100;fr<0.2;presence<0.8;firing_rate_qm_low;num_spikes_qm_low
ATL,235,ATL_unit235,40,22,0.0485,36.9278,,0.0485,0.1429,22,False,isi>0.02;n_spikes<100;fr<0.2;presence<0.8;firing_rate_qm_low;num_spikes_qm_low
ATL,236,ATL_unit236,40,16,0.0353,31.0751,,0.0353,0.1429,16,False,isi>0.02;n_spikes<100;fr<0.2;presence<0.8;firing_rate_qm_low;num_spikes_qm_low
ATL,237,ATL_unit237,40,4540,10.0087,13.3808,,10.0087,0.5714,4540,False,isi>0.02;presence<0.8
ATL,238,ATL_unit238,40,249,0.5489,25.0453,,0.5489,0.2857,249,False,isi>0.02;presence<0.8
ATL,239,ATL_unit239,40,2958,6.5211,12.3955,,6.5211,0.5714,2958,False,isi>0.02;presence<0.8
ATL,240,ATL_unit240,40,99,0.2183,26.5074,,0.2183,0.2857,99,False,isi>0.02;n_spikes<100;presence<0.8;num_spikes_qm_low
ATL,241,ATL_unit241,40,30,0.0661,40.2696,,0.0661,0.0,30,False,isi>0.02;n_spikes<100;fr<0.2;presence<0.8;firing_rate_qm_low;num_spikes_qm_low
ATL,242,ATL_unit242,40,38,0.0838,33.2909,,0.0838,0.1429,38,False,isi>0.02;n_spikes<100;fr<0.2;presence<0.8;firing_rate_qm_low;num_spikes_qm_low
ATL,243,ATL_unit243,40,26,0.0573,15.138,,0.0573,0.1429,26,False,isi>0.02;n_spikes<100;fr<0.2;presence<0.8;firing_rate_qm_low;num_spikes_qm_low
ATL,244,ATL_unit244,40,45,0.0992,16.7362,,0.0992,0.1429,45,False,isi>0.02;n_spikes<100;fr<0.2;presence<0.8;firing_rate_qm_low;num_spikes_qm_low
ATL,245,ATL_unit245,40,22,0.0485,23.8875,,0.0485,0.0,22,False,isi>0.02;n_spikes<100;fr<0.2;presence<0.8;firing_rate_qm_low;num_spikes_qm_low
ATL,246,ATL_unit246,40,24,0.0529,28.8139,,0.0529,0.1429,24,False,isi>0.02;n_spikes<100;fr<0.2;presence<0.8;firing_rate_qm_low;num_spikes_qm_low
ATL,247,ATL_unit247,43,35,0.0772,25.5423,,0.0772,0.0,35,False,isi>0.02;n_spikes<100;fr<0.2;presence<0.8;firing_rate_qm_low;num_spikes_qm_low
ATL,248,ATL_unit248,40,17,0.0375,25.8172,,0.0375,0.0,17,False,isi>0.02;n_spikes<100;fr<0.2;presence<0.8;firing_rate_qm_low;num_spikes_qm_low
ATL,249,ATL_unit249,38,12,0.0265,38.5323,,0.0265,0.0,12,False,isi>0.02;n_spikes<100;fr<0.2;presence<0.8;firing_rate_qm_low;num_spikes_qm_low
ATL,250,ATL_unit250,35,36,0.0794,7.5059,,0.0794,0.0,36,False,isi>0.02;n_spikes<100;fr<0.2;presence<0.8;firing_rate_qm_low;num_spikes_qm_low
ATL,251,ATL_unit251,40,25,0.0551,32.1467,,0.0551,0.0,25,False,isi>0.02;n_spikes<100;fr<0.2;presence<0.8;firing_rate_qm_low;num_spikes_qm_low
ATL,252,ATL_unit252,40,22,0.0485,26.2349,,0.0485,0.0,22,False,isi>0.02;n_spikes<100;fr<0.2;presence<0.8;firing_rate_qm_low;num_spikes_qm_low
ATL,253,ATL_unit253,40,16,0.0353,20.691,,0.0353,0.0,16,False,isi>0.02;n_spikes<100;fr<0.2;presence<0.8;firing_rate_qm_low;num_spikes_qm_low
ATL,254,ATL_unit254,36,19,0.0419,16.2583,,0.0419,0.0,19,False,isi>0.02;n_spikes<100;fr<0.2;presence<0.8;firing_rate_qm_low;num_spikes_qm_low
ATL,255,ATL_unit255,40,27,0.0595,15.2742,,0.0595,0.1429,27,False,isi>0.02;n_spikes<100;fr<0.2;presence<0.8;firing_rate_qm_low;num_spikes_qm_low
ATL,256,ATL_unit256,42,31,0.0683,16.032,,0.0683,0.5714,31,False,isi>0.02;n_spikes<100;fr<0.2;presence<0.8;firing_rate_qm_low;num_spikes_qm_low
ATL,257,ATL_unit257,42,40,0.0882,15.0128,,0.0882,0.5714,40,False,isi>0.02;n_spikes<100;fr<0.2;presence<0.8;firing_rate_qm_low;num_spikes_qm_low
ATL,258,ATL_unit258,43,86,0.1896,36.4863,,0.1896,0.0,86,False,isi>0.02;n_spikes<100;fr<0.2;presence<0.8;firing_rate_qm_low;num_spikes_qm_low
ATL,259,ATL_unit259,38,16,0.0353,32.6075,,0.0353,0.0,16,False,isi>0.02;n_spikes<100;fr<0.2;presence<0.8;firing_rate_qm_low;num_spikes_qm_low
ATL,260,ATL_unit260,43,43,0.0948,25.6362,,0.0948,0.2857,43,False,isi>0.02;n_spikes<100;fr<0.2;presence<0.8;firing_rate_qm_low;num_spikes_qm_low
ATL,261,ATL_unit261,43,15,0.0331,47.3552,,0.0331,0.0,15,False,isi>0.02;n_spikes<100;fr<0.2;presence<0.8;firing_rate_qm_low;num_spikes_qm_low
ATL,262,ATL_unit262,43,12,0.0265,21.4089,,0.0265,0.1429,12,False,isi>0.02;n_spikes<100;fr<0.2;presence<0.8;firing_rate_qm_low;num_spikes_qm_low
ATL,263,ATL_unit263,43,81,0.1786,18.0835,,0.1786,0.7143,81,False,isi>0.02;n_spikes<100;fr<0.2;presence<0.8;firing_rate_qm_low;num_spikes_qm_low
ATL,264,ATL_unit264,43,14,0.0309,36.4722,,0.0309,0.0,14,False,isi>0.02;n_spikes<100;fr<0.2;presence<0.8;firing_rate_qm_low;num_spikes_qm_low
ATL,265,ATL_unit265,43,34,0.075,23.33,,0.075,0.1429,34,False,isi>0.02;n_spikes<100;fr<0.2;presence<0.8;firing_rate_qm_low;num_spikes_qm_low
ATL,266,ATL_unit266,43,31,0.0683,22.7899,,0.0683,0.1429,31,False,isi>0.02;n_spikes<100;fr<0.2;presence<0.8;firing_rate_qm_low;num_spikes_qm_low
ATL,267,ATL_unit267,43,33,0.0728,17.905,,0.0728,0.1429,33,False,isi>0.02;n_spikes<100;fr<0.2;presence<0.8;firing_rate_qm_low;num_spikes_qm_low
ATL,268,ATL_unit268,43,35,0.0772,52.8883,,0.0772,0.0,35,False,isi>0.02;n_spikes<100;fr<0.2;presence<0.8;firing_rate_qm_low;num_spikes_qm_low
ATL,269,ATL_unit269,43,10,0.022,39.7179,,0.022,0.0,10,False,isi>0.02;n_spikes<100;fr<0.2;presence<0.8;firing_rate_qm_low;num_spikes_qm_low
ATL,270,ATL_unit270,43,22,0.0485,42.3811,,0.0485,0.1429,22,False,isi>0.02;n_spikes<100;fr<0.2;presence<0.8;firing_rate_qm_low;num_spikes_qm_low
ATL,271,ATL_unit271,43,30,0.0661,44.7718,,0.0661,0.1429,30,False,isi>0.02;n_spikes<100;fr<0.2;presence<0.8;firing_rate_qm_low;num_spikes_qm_low
ATL,272,ATL_unit272,43,39,0.086,28.3135,,0.086,0.1429,39,False,isi>0.02;n_spikes<100;fr<0.2;presence<0.8;firing_rate_qm_low;num_spikes_qm_low
ATL,273,ATL_unit273,43,39,0.086,36.026,,0.086,0.1429,39,False,isi>0.02;n_spikes<100;fr<0.2;presence<0.8;firing_rate_qm_low;num_spikes_qm_low
ATL,274,ATL_unit274,43,30,0.0661,23.7762,,0.0661,0.1429,30,False,isi>0.02;n_spikes<100;fr<0.2;presence<0.8;firing_rate_qm_low;num_spikes_qm_low
ATL,275,ATL_unit275,35,47,0.1036,12.6102,,0.1036,0.2857,47,False,isi>0.02;n_spikes<100;fr<0.2;presence<0.8;firing_rate_qm_low;num_spikes_qm_low
ATL,276,ATL_unit276,43,56,0.1235,34.1331,,0.1235,0.1429,56,False,isi>0.02;n_spikes<100;fr<0.2;presence<0.8;firing_rate_qm_low;num_spikes_qm_low
ATL,277,ATL_unit277,43,30,0.0661,57.8812,,0.0661,0.0,30,False,isi>0.02;n_spikes<100;fr<0.2;presence<0.8;firing_rate_qm_low;num_spikes_qm_low
ATL,278,ATL_unit278,43,47,0.1036,26.1435,,0.1036,0.1429,47,False,isi>0.02;n_spikes<100;fr<0.2;presence<0.8;firing_rate_qm_low;num_spikes_qm_low
ATL,279,ATL_unit279,43,35,0.0772,27.7499,,0.0772,0.1429,35,False,isi>0.02;n_spikes<100;fr<0.2;presence<0.8;firing_rate_qm_low;num_spikes_qm_low
ATL,280,ATL_unit280,43,29,0.0639,22.4611,,0.0639,0.1429,29,False,isi>0.02;n_spikes<100;fr<0.2;presence<0.8;firing_rate_qm_low;num_spikes_qm_low
ATL,281,ATL_unit281,43,91,0.2006,17.6419,,0.2006,0.2857,91,False,isi>0.02;n_spikes<100;presence<0.8;num_spikes_qm_low
ATL,282,ATL_unit282,43,54,0.119,19.765,,0.119,0.1429,54,False,isi>0.02;n_spikes<100;fr<0.2;presence<0.8;firing_rate_qm_low;num_spikes_qm_low
ATL,283,ATL_unit283,43,23,0.0507,27.9378,,0.0507,0.1429,23,False,isi>0.02;n_spikes<100;fr<0.2;presence<0.8;firing_rate_qm_low;num_spikes_qm_low
ATL,284,ATL_unit284,43,22,0.0485,27.5902,,0.0485,0.1429,22,False,isi>0.02;n_spikes<100;fr<0.2;presence<0.8;firing_rate_qm_low;num_spikes_qm_low
ATL,285,ATL_unit285,43,14,0.0309,27.205,,0.0309,0.1429,14,False,isi>0.02;n_spikes<100;fr<0.2;presence<0.8;firing_rate_qm_low;num_spikes_qm_low
ATL,286,ATL_unit286,43,16,0.0353,33.9124,,0.0353,0.1429,16,False,isi>0.02;n_spikes<100;fr<0.2;presence<0.8;firing_rate_qm_low;num_spikes_qm_low
ATL,287,ATL_unit287,43,38,0.0838,40.4412,,0.0838,0.0,38,False,isi>0.02;n_spikes<100;fr<0.2;presence<0.8;firing_rate_qm_low;num_spikes_qm_low
ATL,288,ATL_unit288,43,56,0.1235,15.6034,,0.1235,0.1429,56,False,isi>0.02;n_spikes<100;fr<0.2;presence<0.8;firing_rate_qm_low;num_spikes_qm_low
ATL,289,ATL_unit289,43,19,0.0419,18.0083,,0.0419,0.1429,19,False,isi>0.02;n_spikes<100;fr<0.2;presence<0.8;firing_rate_qm_low;num_spikes_qm_low
ATL,290,ATL_unit290,44,13,0.0287,16.039,,0.0287,0.1429,13,False,isi>0.02;n_spikes<100;fr<0.2;presence<0.8;firing_rate_qm_low;num_spikes_qm_low
ATL,291,ATL_unit291,44,10,0.022,14.0651,,0.022,0.1429,10,False,isi>0.02;n_spikes<100;fr<0.2;presence<0.8;firing_rate_qm_low;num_spikes_qm_low
ATL,292,ATL_unit292,40,31,0.0683,14.3207,,0.0683,0.0,31,False,isi>0.02;n_spikes<100;fr<0.2;presence<0.8;firing_rate_qm_low;num_spikes_qm_low
ATL,293,ATL_unit293,35,11,0.0243,10.1116,,0.0243,0.1429,11,False,isi>0.02;n_spikes<100;fr<0.2;presence<0.8;firing_rate_qm_low;num_spikes_qm_low
ATL,294,ATL_unit294,44,18,0.0397,20.0001,,0.0397,0.1429,18,False,isi>0.02;n_spikes<100;fr<0.2;presence<0.8;firing_rate_qm_low;num_spikes_qm_low
ATL,295,ATL_unit295,44,19,0.0419,16.5259,,0.0419,0.1429,19,False,isi>0.02;n_spikes<100;fr<0.2;presence<0.8;firing_rate_qm_low;num_spikes_qm_low
ATL,296,ATL_unit296,39,22,0.0485,28.0248,,0.0485,0.1429,22,False,isi>0.02;n_spikes<100;fr<0.2;presence<0.8;firing_rate_qm_low;num_spikes_qm_low
ATL,297,ATL_unit297,44,27,0.0595,21.8899,,0.0595,0.1429,27,False,isi>0.02;n_spikes<100;fr<0.2;presence<0.8;firing_rate_qm_low;num_spikes_qm_low
ATL,298,ATL_unit298,47,71,0.1565,21.6226,,0.1565,0.1429,71,False,isi>0.02;n_spikes<100;fr<0.2;presence<0.8;firing_rate_qm_low;num_spikes_qm_low
ATL,299,ATL_unit299,44,262,0.5776,5.8243,,0.5776,1.0,262,False,isi>0.02
ATL,300,ATL_unit300,44,89,0.1962,9.8695,,0.1962,0.4286,89,False,isi>0.02;n_spikes<100;fr<0.2;presence<0.8;firing_rate_qm_low;num_spikes_qm_low
ATL,301,ATL_unit301,47,106,0.2337,7.2894,,0.2337,0.4286,106,False,isi>0.02;presence<0.8
ATL,302,ATL_unit302,44,355,0.7826,8.0018,,0.7826,0.1429,355,False,isi>0.02;presence<0.8
ATL,303,ATL_unit303,47,11,0.0243,25.3577,,0.0243,0.1429,11,False,isi>0.02;n_spikes<100;fr<0.2;presence<0.8;firing_rate_qm_low;num_spikes_qm_low
ATL,304,ATL_unit304,38,52,0.1146,17.7795,,0.1146,0.1429,52,False,isi>0.02;n_spikes<100;fr<0.2;presence<0.8;firing_rate_qm_low;num_spikes_qm_low
ATL,305,ATL_unit305,35,33,0.0728,7.2102,,0.0728,0.1429,33,False,isi>0.02;n_spikes<100;fr<0.2;presence<0.8;firing_rate_qm_low;num_spikes_qm_low
ATL,306,ATL_unit306,44,168,0.3704,8.7852,,0.3704,0.2857,168,False,isi>0.02;presence<0.8
ATL,307,ATL_unit307,44,90,0.1984,7.1167,,0.1984,0.2857,90,False,isi>0.02;n_spikes<100;fr<0.2;presence<0.8;firing_rate_qm_low;num_spikes_qm_low
ATL,308,ATL_unit308,43,66,0.1455,13.2174,,0.1455,0.2857,66,False,isi>0.02;n_spikes<100;fr<0.2;presence<0.8;firing_rate_qm_low;num_spikes_qm_low
ATL,309,ATL_unit309,44,87,0.1918,10.4626,,0.1918,0.2857,87,False,isi>0.02;n_spikes<100;fr<0.2;presence<0.8;firing_rate_qm_low;num_spikes_qm_low
ATL,310,ATL_unit310,44,79,0.1742,7.0636,,0.1742,0.1429,79,False,isi>0.02;n_spikes<100;fr<0.2;presence<0.8;firing_rate_qm_low;num_spikes_qm_low
ATL,311,ATL_unit311,35,164,0.3615,6.1598,,0.3615,0.2857,164,False,isi>0.02;presence<0.8
ATL,312,ATL_unit312,44,61,0.1345,10.2767,,0.1345,0.1429,61,False,isi>0.02;n_spikes<100;fr<0.2;presence<0.8;firing_rate_qm_low;num_spikes_qm_low
ATL,313,ATL_unit313,43,49,0.108,16.3925,,0.108,0.2857,49,False,isi>0.02;n_spikes<100;fr<0.2;presence<0.8;firing_rate_qm_low;num_spikes_qm_low
ATL,314,ATL_unit314,40,62,0.1367,19.7057,,0.1367,0.1429,62,False,isi>0.02;n_spikes<100;fr<0.2;presence<0.8;firing_rate_qm_low;num_spikes_qm_low
ATL,315,ATL_unit315,43,64,0.1411,15.7256,,0.1411,0.4286,64,False,isi>0.02;n_spikes<100;fr<0.2;presence<0.8;firing_rate_qm_low;num_spikes_qm_low
ATL,316,ATL_unit316,44,472,1.0406,6.6387,,1.0406,1.0,472,False,isi>0.02
ATL,317,ATL_unit317,40,36,0.0794,38.8121,,0.0794,0.1429,36,False,isi>0.02;n_spikes<100;fr<0.2;presence<0.8;firing_rate_qm_low;num_spikes_qm_low
ATL,318,ATL_unit318,44,17,0.0375,32.6446,,0.0375,0.1429,17,False,isi>0.02;n_spikes<100;fr<0.2;presence<0.8;firing_rate_qm_low;num_spikes_qm_low
ATL,319,ATL_unit319,40,51,0.1124,33.5633,,0.1124,0.1429,51,False,isi>0.02;n_spikes<100;fr<0.2;presence<0.8;firing_rate_qm_low;num_spikes_qm_low
ATL,320,ATL_unit320,40,24,0.0529,32.1921,,0.0529,0.1429,24,False,isi>0.02;n_spikes<100;fr<0.2;presence<0.8;firing_rate_qm_low;num_spikes_qm_low
ATL,321,ATL_unit321,47,55,0.1213,10.7789,,0.1213,0.2857,55,False,isi>0.02;n_spikes<100;fr<0.2;presence<0.8;firing_rate_qm_low;num_spikes_qm_low
ATL,322,ATL_unit322,35,60,0.1323,14.9609,,0.1323,0.1429,60,False,isi>0.02;n_spikes<100;fr<0.2;presence<0.8;firing_rate_qm_low;num_spikes_qm_low
ATL,323,ATL_unit323,44,170,0.3748,7.2716,,0.3748,0.2857,170,False,isi>0.02;presence<0.8
ATL,324,ATL_unit324,44,195,0.4299,9.4446,,0.4299,0.1429,195,False,isi>0.02;presence<0.8
ATL,325,ATL_unit325,35,83,0.183,4.8748,,0.183,0.0,83,False,snr<5.0;isi>0.02;n_spikes<100;fr<0.2;presence<0.8;firing_rate_qm_low;num_spikes_qm_low
ATL,326,ATL_unit326,43,55,0.1213,27.4493,,0.1213,0.1429,55,False,isi>0.02;n_spikes<100;fr<0.2;presence<0.8;firing_rate_qm_low;num_spikes_qm_low
ATL,327,ATL_unit327,44,164,0.3615,9.6703,,0.3615,0.2857,164,False,isi>0.02;presence<0.8
ATL,328,ATL_unit328,44,1300,2.8659,6.6387,,2.8659,0.8571,1300,False,isi>0.02
ATL,329,ATL_unit329,44,91,0.2006,10.2236,,0.2006,0.2857,91,False,isi>0.02;n_spikes<100;presence<0.8;num_spikes_qm_low
ATL,330,ATL_unit330,43,23,0.0507,14.2507,,0.0507,0.1429,23,False,isi>0.02;n_spikes<100;fr<0.2;presence<0.8;firing_rate_qm_low;num_spikes_qm_low
ATL,331,ATL_unit331,44,41,0.0904,15.3221,,0.0904,0.1429,41,False,isi>0.02;n_spikes<100;fr<0.2;presence<0.8;firing_rate_qm_low;num_spikes_qm_low
ATL,332,ATL_unit332,44,33,0.0728,24.3418,,0.0728,0.1429,33,False,isi>0.02;n_spikes<100;fr<0.2;presence<0.8;firing_rate_qm_low;num_spikes_qm_low
ATL,333,ATL_unit333,35,61,0.1345,9.4997,,0.1345,0.1429,61,False,isi>0.02;n_spikes<100;fr<0.2;presence<0.8;firing_rate_qm_low;num_spikes_qm_low
ATL,334,ATL_unit334,35,41,0.0904,9.6272,,0.0904,0.1429,41,False,isi>0.02;n_spikes<100;fr<0.2;presence<0.8;firing_rate_qm_low;num_spikes_qm_low
ATL,335,ATL_unit335,43,31,0.0683,19.2765,,0.0683,0.1429,31,False,isi>0.02;n_spikes<100;fr<0.2;presence<0.8;firing_rate_qm_low;num_spikes_qm_low
ATL,336,ATL_unit336,36,20,0.0441,11.78,,0.0441,0.1429,20,False,isi>0.02;n_spikes<100;fr<0.2;presence<0.8;firing_rate_qm_low;num_spikes_qm_low
ATL,337,ATL_unit337,40,28,0.0617,29.0728,,0.0617,0.2857,28,False,isi>0.02;n_spikes<100;fr<0.2;presence<0.8;firing_rate_qm_low;num_spikes_qm_low
ATL,338,ATL_unit338,43,40,0.0882,33.4615,,0.0882,0.2857,40,False,isi>0.02;n_spikes<100;fr<0.2;presence<0.8;firing_rate_qm_low;num_spikes_qm_low
ATL,339,ATL_unit339,40,41,0.0904,13.6215,,0.0904,0.2857,41,False,isi>0.02;n_spikes<100;fr<0.2;presence<0.8;firing_rate_qm_low;num_spikes_qm_low
ATL,340,ATL_unit340,40,32,0.0705,30.7073,,0.0705,0.1429,32,False,isi>0.02;n_spikes<100;fr<0.2;presence<0.8;firing_rate_qm_low;num_spikes_qm_low
ATL,341,ATL_unit341,44,22,0.0485,25.5987,,0.0485,0.1429,22,False,isi>0.02;n_spikes<100;fr<0.2;presence<0.8;firing_rate_qm_low;num_spikes_qm_low
ATL,342,ATL_unit342,44,243,0.5357,9.2764,,0.5357,0.2857,243,False,isi>0.02;presence<0.8
ATL,343,ATL_unit343,43,42,0.0926,16.5898,,0.0926,0.1429,42,False,isi>0.02;n_spikes<100;fr<0.2;presence<0.8;firing_rate_qm_low;num_spikes_qm_low
ATL,344,ATL_unit344,40,45,0.0992,14.2753,,0.0992,0.1429,45,False,isi>0.02;n_spikes<100;fr<0.2;presence<0.8;firing_rate_qm_low;num_spikes_qm_low
ATL,345,ATL_unit345,44,40,0.0882,12.2329,,0.0882,0.1429,40,False,isi>0.02;n_spikes<100;fr<0.2;presence<0.8;firing_rate_qm_low;num_spikes_qm_low
ATL,346,ATL_unit346,35,50,0.1102,11.8096,,0.1102,0.2857,50,False,isi>0.02;n_spikes<100;fr<0.2;presence<0.8;firing_rate_qm_low;num_spikes_qm_low
ATL,347,ATL_unit347,35,34,0.075,11.9371,,0.075,0.1429,34,False,isi>0.02;n_spikes<100;fr<0.2;presence<0.8;firing_rate_qm_low;num_spikes_qm_low
ATL,348,ATL_unit348,43,42,0.0926,17.4635,,0.0926,0.1429,42,False,isi>0.02;n_spikes<100;fr<0.2;presence<0.8;firing_rate_qm_low;num_spikes_qm_low
ATL,349,ATL_unit349,38,32,0.0705,15.7831,,0.0705,0.0,32,False,isi>0.02;n_spikes<100;fr<0.2;presence<0.8;firing_rate_qm_low;num_spikes_qm_low
ATL,350,ATL_unit350,44,12,0.0265,13.8571,,0.0265,0.1429,12,False,isi>0.02;n_spikes<100;fr<0.2;presence<0.8;firing_rate_qm_low;num_spikes_qm_low
ATL,351,ATL_unit351,47,19,0.0419,24.0416,,0.0419,0.1429,19,False,isi>0.02;n_spikes<100;fr<0.2;presence<0.8;firing_rate_qm_low;num_spikes_qm_low
ATL,352,ATL_unit352,43,23,0.0507,45.4952,,0.0507,0.1429,23,False,isi>0.02;n_spikes<100;fr<0.2;presence<0.8;firing_rate_qm_low;num_spikes_qm_low
ATL,353,ATL_unit353,44,52,0.1146,12.6135,,0.1146,0.1429,52,False,isi>0.02;n_spikes<100;fr<0.2;presence<0.8;firing_rate_qm_low;num_spikes_qm_low
ATL,354,ATL_unit354,47,27,0.0595,22.0675,,0.0595,0.1429,27,False,isi>0.02;n_spikes<100;fr<0.2;presence<0.8;firing_rate_qm_low;num_spikes_qm_low
ATL,355,ATL_unit355,43,13,0.0287,27.3929,,0.0287,0.1429,13,False,isi>0.02;n_spikes<100;fr<0.2;presence<0.8;firing_rate_qm_low;num_spikes_qm_low
ATL,356,ATL_unit356,36,116,0.2557,14.6611,,0.2557,0.1429,116,False,isi>0.02;presence<0.8
ATL,357,ATL_unit357,40,19,0.0419,13.004,,0.0419,0.1429,19,False,isi>0.02;n_spikes<100;fr<0.2;presence<0.8;firing_rate_qm_low;num_spikes_qm_low
ATL,358,ATL_unit358,38,22,0.0485,12.6534,,0.0485,0.1429,22,False,isi>0.02;n_spikes<100;fr<0.2;presence<0.8;firing_rate_qm_low;num_spikes_qm_low
ATL,359,ATL_unit359,43,40,0.0882,32.1275,,0.0882,0.1429,40,False,isi>0.02;n_spikes<100;fr<0.2;presence<0.8;firing_rate_qm_low;num_spikes_qm_low
ATL,360,ATL_unit360,44,62,0.1367,15.4991,,0.1367,0.1429,62,False,isi>0.02;n_spikes<100;fr<0.2;presence<0.8;firing_rate_qm_low;num_spikes_qm_low
ATL,361,ATL_unit361,44,41,0.0904,23.9789,,0.0904,0.1429,41,False,isi>0.02;n_spikes<100;fr<0.2;presence<0.8;firing_rate_qm_low;num_spikes_qm_low
ATL,362,ATL_unit362,43,10,0.022,28.0129,,0.022,0.1429,10,False,isi>0.02;n_spikes<100;fr<0.2;presence<0.8;firing_rate_qm_low;num_spikes_qm_low
ATL,363,ATL_unit363,43,12,0.0265,19.5301,,0.0265,0.1429,12,False,isi>0.02;n_spikes<100;fr<0.2;presence<0.8;firing_rate_qm_low;num_spikes_qm_low
ATL,364,ATL_unit364,47,25,0.0551,25.7933,,0.0551,0.1429,25,False,isi>0.02;n_spikes<100;fr<0.2;presence<0.8;firing_rate_qm_low;num_spikes_qm_low
ATL,365,ATL_unit365,43,51,0.1124,17.1816,,0.1124,0.1429,51,False,isi>0.02;n_spikes<100;fr<0.2;presence<0.8;firing_rate_qm_low;num_spikes_qm_low
ATL,366,ATL_unit366,43,24,0.0529,23.114,,0.0529,0.0,24,False,isi>0.02;n_spikes<100;fr<0.2;presence<0.8;firing_rate_qm_low;num_spikes_qm_low
ATL,367,ATL_unit367,44,23,0.0507,11.5336,,0.0507,0.1429,23,False,isi>0.02;n_spikes<100;fr<0.2;presence<0.8;firing_rate_qm_low;num_spikes_qm_low
ATL,368,ATL_unit368,35,79,0.1742,13.7014,,0.1742,0.1429,79,False,isi>0.02;n_spikes<100;fr<0.2;presence<0.8;firing_rate_qm_low;num_spikes_qm_low
ATL,369,ATL_unit369,43,23,0.0507,44.0955,,0.0507,0.1429,23,False,isi>0.02;n_spikes<100;fr<0.2;presence<0.8;firing_rate_qm_low;num_spikes_qm_low
ATL,370,ATL_unit370,45,77,0.1698,20.0647,,0.1698,0.1429,77,False,isi>0.02;n_spikes<100;fr<0.2;presence<0.8;firing_rate_qm_low;num_spikes_qm_low
ATL,371,ATL_unit371,36,13,0.0287,25.4949,,0.0287,0.1429,13,False,isi>0.02;n_spikes<100;fr<0.2;presence<0.8;firing_rate_qm_low;num_spikes_qm_low
ATL,372,ATL_unit372,45,62,0.1367,14.9068,,0.1367,0.1429,62,False,isi>0.02;n_spikes<100;fr<0.2;presence<0.8;firing_rate_qm_low;num_spikes_qm_low
ATL,373,ATL_unit373,45,69,0.1521,14.954,,0.1521,0.1429,69,False,isi>0.02;n_spikes<100;fr<0.2;presence<0.8;firing_rate_qm_low;num_spikes_qm_low
ATL,374,ATL_unit374,43,54,0.119,17.703,,0.119,0.1429,54,False,isi>0.02;n_spikes<100;fr<0.2;presence<0.8;firing_rate_qm_low;num_spikes_qm_low
ATL,375,ATL_unit375,45,55,0.1213,12.5924,,0.1213,0.1429,55,False,isi>0.02;n_spikes<100;fr<0.2;presence<0.8;firing_rate_qm_low;num_spikes_qm_low
ATL,376,ATL_unit376,45,276,0.6085,10.9581,,0.6085,0.7143,276,False,isi>0.02;presence<0.8
ATL,377,ATL_unit377,45,478,1.0538,10.448,,1.0538,0.8571,478,False,isi>0.02
ATL,378,ATL_unit378,45,61,0.1345,15.398,,0.1345,0.1429,61,False,isi>0.02;n_spikes<100;fr<0.2;presence<0.8;firing_rate_qm_low;num_spikes_qm_low
ATL,379,ATL_unit379,47,69,0.1521,15.5798,,0.1521,0.2857,69,False,isi>0.02;n_spikes<100;fr<0.2;presence<0.8;firing_rate_qm_low;num_spikes_qm_low
ATL,380,ATL_unit380,35,81,0.1786,10.0249,,0.1786,0.2857,81,False,isi>0.02;n_spikes<100;fr<0.2;presence<0.8;firing_rate_qm_low;num_spikes_qm_low
ATL,381,ATL_unit381,45,56,0.1235,13.7637,,0.1235,0.2857,56,False,isi>0.02;n_spikes<100;fr<0.2;presence<0.8;firing_rate_qm_low;num_spikes_qm_low
ATL,382,ATL_unit382,45,273,0.6018,11.78,,0.6018,0.4286,273,False,isi>0.02;presence<0.8
ATL,383,ATL_unit383,45,29,0.0639,11.5438,,0.0639,0.2857,29,False,isi>0.02;n_spikes<100;fr<0.2;presence<0.8;firing_rate_qm_low;num_spikes_qm_low
ATL,384,ATL_unit384,35,33,0.0728,9.8006,,0.0728,0.0,33,False,isi>0.02;n_spikes<100;fr<0.2;presence<0.8;firing_rate_qm_low;num_spikes_qm_low
ATL,385,ATL_unit385,45,81,0.1786,11.2604,,0.1786,0.4286,81,False,isi>0.02;n_spikes<100;fr<0.2;presence<0.8;firing_rate_qm_low;num_spikes_qm_low
ATL,386,ATL_unit386,45,107,0.2359,14.8501,,0.2359,0.2857,107,False,isi>0.02;presence<0.8
ATL,387,ATL_unit387,45,29,0.0639,14.0755,,0.0639,0.2857,29,False,isi>0.02;n_spikes<100;fr<0.2;presence<0.8;firing_rate_qm_low;num_spikes_qm_low
ATL,388,ATL_unit388,45,16,0.0353,15.0532,,0.0353,0.1429,16,False,isi>0.02;n_spikes<100;fr<0.2;presence<0.8;firing_rate_qm_low;num_spikes_qm_low
ATL,389,ATL_unit389,45,128,0.2822,12.923,,0.2822,0.2857,128,False,isi>0.02;presence<0.8
ATL,390,ATL_unit390,45,52,0.1146,12.8333,,0.1146,0.2857,52,False,isi>0.02;n_spikes<100;fr<0.2;presence<0.8;firing_rate_qm_low;num_spikes_qm_low
ATL,391,ATL_unit391,45,61,0.1345,21.6895,,0.1345,0.2857,61,False,isi>0.02;n_spikes<100;fr<0.2;presence<0.8;firing_rate_qm_low;num_spikes_qm_low
ATL,392,ATL_unit392,35,55,0.1213,7.6742,,0.1213,0.1429,55,False,isi>0.02;n_spikes<100;fr<0.2;presence<0.8;firing_rate_qm_low;num_spikes_qm_low
ATL,393,ATL_unit393,45,79,0.1742,24.1078,,0.1742,0.1429,79,False,isi>0.02;n_spikes<100;fr<0.2;presence<0.8;firing_rate_qm_low;num_spikes_qm_low
ATL,394,ATL_unit394,43,24,0.0529,23.5743,,0.0529,0.1429,24,False,isi>0.02;n_spikes<100;fr<0.2;presence<0.8;firing_rate_qm_low;num_spikes_qm_low
ATL,395,ATL_unit395,36,25,0.0551,9.9363,,0.0551,0.1429,25,False,isi>0.02;n_spikes<100;fr<0.2;presence<0.8;firing_rate_qm_low;num_spikes_qm_low
ATL,396,ATL_unit396,45,123,0.2712,25.3453,,0.2712,0.2857,123,False,isi>0.02;presence<0.8
ATL,397,ATL_unit397,35,59,0.1301,8.8674,,0.1301,0.1429,59,False,isi>0.02;n_spikes<100;fr<0.2;presence<0.8;firing_rate_qm_low;num_spikes_qm_low
ATL,398,ATL_unit398,45,49,0.108,19.9796,,0.108,0.4286,49,False,isi>0.02;n_spikes<100;fr<0.2;presence<0.8;firing_rate_qm_low;num_spikes_qm_low
ATL,399,ATL_unit399,45,90,0.1984,20.7873,,0.1984,0.1429,90,False,isi>0.02;n_spikes<100;fr<0.2;presence<0.8;firing_rate_qm_low;num_spikes_qm_low
ATL,400,ATL_unit400,45,48,0.1058,13.4331,,0.1058,0.1429,48,False,isi>0.02;n_spikes<100;fr<0.2;presence<0.8;firing_rate_qm_low;num_spikes_qm_low
ATL,401,ATL_unit401,45,10,0.022,18.9074,,0.022,0.1429,10,False,isi>0.02;n_spikes<100;fr<0.2;presence<0.8;firing_rate_qm_low;num_spikes_qm_low
ATL,402,ATL_unit402,45,54,0.119,15.9412,,0.119,0.0,54,False,isi>0.02;n_spikes<100;fr<0.2;presence<0.8;firing_rate_qm_low;num_spikes_qm_low
ATL,403,ATL_unit403,45,22,0.0485,13.6787,,0.0485,0.1429,22,False,isi>0.02;n_spikes<100;fr<0.2;presence<0.8;firing_rate_qm_low;num_spikes_qm_low
ATL,404,ATL_unit404,45,49,0.108,12.9513,,0.108,0.1429,49,False,isi>0.02;n_spikes<100;fr<0.2;presence<0.8;firing_rate_qm_low;num_spikes_qm_low
ATL,405,ATL_unit405,45,21,0.0463,14.1322,,0.0463,0.2857,21,False,isi>0.02;n_spikes<100;fr<0.2;presence<0.8;firing_rate_qm_low;num_spikes_qm_low
ATL,406,ATL_unit406,38,31,0.0683,14.0618,,0.0683,0.1429,31,False,isi>0.02;n_spikes<100;fr<0.2;presence<0.8;firing_rate_qm_low;num_spikes_qm_low
ATL,407,ATL_unit407,45,46,0.1014,10.1079,,0.1014,0.2857,46,False,isi>0.02;n_spikes<100;fr<0.2;presence<0.8;firing_rate_qm_low;num_spikes_qm_low
ATL,408,ATL_unit408,45,116,0.2557,22.4783,,0.2557,0.2857,116,False,isi>0.02;presence<0.8
ATL,409,ATL_unit409,45,13,0.0287,29.9175,,0.0287,0.1429,13,False,isi>0.02;n_spikes<100;fr<0.2;presence<0.8;firing_rate_qm_low;num_spikes_qm_low
ATL,410,ATL_unit410,45,13,0.0287,28.3494,,0.0287,0.1429,13,False,isi>0.02;n_spikes<100;fr<0.2;presence<0.8;firing_rate_qm_low;num_spikes_qm_low
ATL,411,ATL_unit411,45,16,0.0353,41.3338,,0.0353,0.1429,16,False,isi>0.02;n_spikes<100;fr<0.2;presence<0.8;firing_rate_qm_low;num_spikes_qm_low
ATL,412,ATL_unit412,45,34,0.075,18.8933,,0.075,0.1429,34,False,isi>0.02;n_spikes<100;fr<0.2;presence<0.8;firing_rate_qm_low;num_spikes_qm_low
ATL,413,ATL_unit413,45,45,0.0992,29.2562,,0.0992,0.0,45,False,isi>0.02;n_spikes<100;fr<0.2;presence<0.8;firing_rate_qm_low;num_spikes_qm_low
ATL,414,ATL_unit414,45,17,0.0375,20.2536,,0.0375,0.1429,17,False,isi>0.02;n_spikes<100;fr<0.2;presence<0.8;firing_rate_qm_low;num_spikes_qm_low
ATL,415,ATL_unit415,45,12,0.0265,13.1214,,0.0265,0.1429,12,False,isi>0.02;n_spikes<100;fr<0.2;presence<0.8;firing_rate_qm_low;num_spikes_qm_low
ATL,416,ATL_unit416,45,18,0.0397,15.45,,0.0397,0.1429,18,False,isi>0.02;n_spikes<100;fr<0.2;presence<0.8;firing_rate_qm_low;num_spikes_qm_low
ATL,417,ATL_unit417,45,12,0.0265,32.0949,,0.0265,0.0,12,False,isi>0.02;n_spikes<100;fr<0.2;presence<0.8;firing_rate_qm_low;num_spikes_qm_low
ATL,418,ATL_unit418,45,21,0.0463,24.344,,0.0463,0.0,21,False,isi>0.02;n_spikes<100;fr<0.2;presence<0.8;firing_rate_qm_low;num_spikes_qm_low
ATL,419,ATL_unit419,45,149,0.3285,10.977,,0.3285,0.2857,149,False,isi>0.02;presence<0.8
ATL,420,ATL_unit420,45,53,0.1168,13.6787,,0.1168,0.1429,53,False,isi>0.02;n_spikes<100;fr<0.2;presence<0.8;firing_rate_qm_low;num_spikes_qm_low
ATL,421,ATL_unit421,45,75,0.1653,24.2306,,0.1653,0.1429,75,False,isi>0.02;n_spikes<100;fr<0.2;presence<0.8;firing_rate_qm_low;num_spikes_qm_low
ATL,422,ATL_unit422,43,25,0.0551,20.2065,,0.0551,0.4286,25,False,isi>0.02;n_spikes<100;fr<0.2;presence<0.8;firing_rate_qm_low;num_spikes_qm_low
ATL,423,ATL_unit423,45,22,0.0485,30.6307,,0.0485,0.0,22,False,isi>0.02;n_spikes<100;fr<0.2;presence<0.8;firing_rate_qm_low;num_spikes_qm_low
ATL,424,ATL_unit424,35,20,0.0441,16.7354,,0.0441,0.1429,20,False,isi>0.02;n_spikes<100;fr<0.2;presence<0.8;firing_rate_qm_low;num_spikes_qm_low
ATL,425,ATL_unit425,35,26,0.0573,14.915,,0.0573,0.1429,26,False,isi>0.02;n_spikes<100;fr<0.2;presence<0.8;firing_rate_qm_low;num_spikes_qm_low
ATL,426,ATL_unit426,45,42,0.0926,24.6793,,0.0926,0.1429,42,False,isi>0.02;n_spikes<100;fr<0.2;presence<0.8;firing_rate_qm_low;num_spikes_qm_low
ATL,427,ATL_unit427,45,43,0.0948,17.9486,,0.0948,0.2857,43,False,isi>0.02;n_spikes<100;fr<0.2;presence<0.8;firing_rate_qm_low;num_spikes_qm_low
ATL,428,ATL_unit428,45,31,0.0683,34.9809,,0.0683,0.0,31,False,isi>0.02;n_spikes<100;fr<0.2;presence<0.8;firing_rate_qm_low;num_spikes_qm_low
ATL,429,ATL_unit429,45,26,0.0573,16.6355,,0.0573,0.1429,26,False,isi>0.02;n_spikes<100;fr<0.2;presence<0.8;firing_rate_qm_low;num_spikes_qm_low
ATL,430,ATL_unit430,36,22,0.0485,11.707,,0.0485,0.1429,22,False,isi>0.02;n_spikes<100;fr<0.2;presence<0.8;firing_rate_qm_low;num_spikes_qm_low
ATL,431,ATL_unit431,45,29,0.0639,46.4869,,0.0639,0.2857,29,False,isi>0.02;n_spikes<100;fr<0.2;presence<0.8;firing_rate_qm_low;num_spikes_qm_low
ATL,432,ATL_unit432,35,63,0.1389,11.0804,,0.1389,0.0,63,False,isi>0.02;n_spikes<100;fr<0.2;presence<0.8;firing_rate_qm_low;num_spikes_qm_low
ATL,433,ATL_unit433,46,1823,4.0189,12.3236,,4.0189,0.8571,1823,False,isi>0.02
ATL,434,ATL_unit434,46,167,0.3682,17.4236,,0.3682,0.1429,167,False,isi>0.02;presence<0.8
ATL,435,ATL_unit435,46,124,0.2734,15.5437,,0.2734,0.1429,124,False,isi>0.02;presence<0.8
ATL,436,ATL_unit436,43,144,0.3175,17.9707,,0.3175,0.2857,144,False,isi>0.02;presence<0.8
ATL,437,ATL_unit437,46,252,0.5555,23.6115,,0.5555,0.4286,252,False,isi>0.02;presence<0.8
ATL,438,ATL_unit438,47,98,0.216,11.3396,,0.216,0.2857,98,False,isi>0.02;n_spikes<100;presence<0.8;num_spikes_qm_low
ATL,439,ATL_unit439,46,221,0.4872,11.7318,,0.4872,0.5714,221,False,isi>0.02;presence<0.8
ATL,440,ATL_unit440,46,61,0.1345,21.3052,,0.1345,0.2857,61,False,isi>0.02;n_spikes<100;fr<0.2;presence<0.8;firing_rate_qm_low;num_spikes_qm_low
ATL,441,ATL_unit441,43,24,0.0529,31.2351,,0.0529,0.1429,24,False,isi>0.02;n_spikes<100;fr<0.2;presence<0.8;firing_rate_qm_low;num_spikes_qm_low
ATL,442,ATL_unit442,43,61,0.1345,18.6189,,0.1345,0.2857,61,False,isi>0.02;n_spikes<100;fr<0.2;presence<0.8;firing_rate_qm_low;num_spikes_qm_low
ATL,443,ATL_unit443,36,40,0.0882,14.4938,,0.0882,0.1429,40,False,isi>0.02;n_spikes<100;fr<0.2;presence<0.8;firing_rate_qm_low;num_spikes_qm_low
ATL,444,ATL_unit444,39,49,0.108,12.6248,,0.108,0.1429,49,False,isi>0.02;n_spikes<100;fr<0.2;presence<0.8;firing_rate_qm_low;num_spikes_qm_low
ATL,445,ATL_unit445,43,57,0.1257,30.8969,,0.1257,0.0,57,False,isi>0.02;n_spikes<100;fr<0.2;presence<0.8;firing_rate_qm_low;num_spikes_qm_low
ATL,446,ATL_unit446,36,19,0.0419,21.047,,0.0419,0.2857,19,False,isi>0.02;n_spikes<100;fr<0.2;presence<0.8;firing_rate_qm_low;num_spikes_qm_low
ATL,447,ATL_unit447,35,27,0.0595,16.8374,,0.0595,0.1429,27,False,isi>0.02;n_spikes<100;fr<0.2;presence<0.8;firing_rate_qm_low;num_spikes_qm_low
ATL,448,ATL_unit448,40,17,0.0375,39.5204,,0.0375,0.1429,17,False,isi>0.02;n_spikes<100;fr<0.2;presence<0.8;firing_rate_qm_low;num_spikes_qm_low
ATL,449,ATL_unit449,39,45,0.0992,14.88,,0.0992,0.1429,45,False,isi>0.02;n_spikes<100;fr<0.2;presence<0.8;firing_rate_qm_low;num_spikes_qm_low
ATL,450,ATL_unit450,35,18,0.0397,15.7232,,0.0397,0.0,18,False,isi>0.02;n_spikes<100;fr<0.2;presence<0.8;firing_rate_qm_low;num_spikes_qm_low
ATL,451,ATL_unit451,46,67,0.1477,20.9048,,0.1477,0.1429,67,False,isi>0.02;n_spikes<100;fr<0.2;presence<0.8;firing_rate_qm_low;num_spikes_qm_low
ATL,452,ATL_unit452,46,37,0.0816,29.6775,,0.0816,0.1429,37,False,isi>0.02;n_spikes<100;fr<0.2;presence<0.8;firing_rate_qm_low;num_spikes_qm_low
ATL,453,ATL_unit453,44,23,0.0507,15.6319,,0.0507,0.1429,23,False,isi>0.02;n_spikes<100;fr<0.2;presence<0.8;firing_rate_qm_low;num_spikes_qm_low
ATL,454,ATL_unit454,43,45,0.0992,20.0562,,0.0992,0.1429,45,False,isi>0.02;n_spikes<100;fr<0.2;presence<0.8;firing_rate_qm_low;num_spikes_qm_low
ATL,455,ATL_unit455,46,14,0.0309,27.0579,,0.0309,0.1429,14,False,isi>0.02;n_spikes<100;fr<0.2;presence<0.8;firing_rate_qm_low;num_spikes_qm_low
ATL,456,ATL_unit456,40,43,0.0948,15.4558,,0.0948,0.1429,43,False,isi>0.02;n_spikes<100;fr<0.2;presence<0.8;firing_rate_qm_low;num_spikes_qm_low
ATL,457,ATL_unit457,46,69,0.1521,17.6325,,0.1521,0.1429,69,False,isi>0.02;n_spikes<100;fr<0.2;presence<0.8;firing_rate_qm_low;num_spikes_qm_low
ATL,458,ATL_unit458,38,108,0.2381,11.7361,,0.2381,0.1429,108,False,isi>0.02;presence<0.8
ATL,459,ATL_unit459,38,36,0.0794,25.895,,0.0794,0.1429,36,False,isi>0.02;n_spikes<100;fr<0.2;presence<0.8;firing_rate_qm_low;num_spikes_qm_low
ATL,460,ATL_unit460,36,45,0.0992,10.1797,,0.0992,0.1429,45,False,isi>0.02;n_spikes<100;fr<0.2;presence<0.8;firing_rate_qm_low;num_spikes_qm_low
ATL,461,ATL_unit461,45,19,0.0419,14.6612,,0.0419,0.1429,19,False,isi>0.02;n_spikes<100;fr<0.2;presence<0.8;firing_rate_qm_low;num_spikes_qm_low
ATL,462,ATL_unit462,36,22,0.0485,14.1378,,0.0485,0.1429,22,False,isi>0.02;n_spikes<100;fr<0.2;presence<0.8;firing_rate_qm_low;num_spikes_qm_low
ATL,463,ATL_unit463,40,34,0.075,16.3276,,0.075,0.1429,34,False,isi>0.02;n_spikes<100;fr<0.2;presence<0.8;firing_rate_qm_low;num_spikes_qm_low
ATL,464,ATL_unit464,36,21,0.0463,15.6864,,0.0463,0.1429,21,False,isi>0.02;n_spikes<100;fr<0.2;presence<0.8;firing_rate_qm_low;num_spikes_qm_low
ATL,465,ATL_unit465,35,22,0.0485,17.4901,,0.0485,0.0,22,False,isi>0.02;n_spikes<100;fr<0.2;presence<0.8;firing_rate_qm_low;num_spikes_qm_low
ATL,466,ATL_unit466,35,16,0.0353,8.6431,,0.0353,0.0,16,False,isi>0.02;n_spikes<100;fr<0.2;presence<0.8;firing_rate_qm_low;num_spikes_qm_low
ATL,467,ATL_unit467,35,21,0.0463,18.2804,,0.0463,0.0,21,False,isi>0.02;n_spikes<100;fr<0.2;presence<0.8;firing_rate_qm_low;num_spikes_qm_low
ATL,468,ATL_unit468,35,13,0.0287,18.3722,,0.0287,0.0,13,False,isi>0.02;n_spikes<100;fr<0.2;presence<0.8;firing_rate_qm_low;num_spikes_qm_low
ATL,469,ATL_unit469,35,23,0.0507,18.4844,,0.0507,0.0,23,False,isi>0.02;n_spikes<100;fr<0.2;presence<0.8;firing_rate_qm_low;num_spikes_qm_low
ATL,470,ATL_unit470,36,46,0.1014,12.8144,,0.1014,0.1429,46,False,isi>0.02;n_spikes<100;fr<0.2;presence<0.8;firing_rate_qm_low;num_spikes_qm_low
ATL,471,ATL_unit471,47,32,0.0705,13.9578,,0.0705,0.1429,32,False,isi>0.02;n_spikes<100;fr<0.2;presence<0.8;firing_rate_qm_low;num_spikes_qm_low
ATL,472,ATL_unit472,43,63,0.1389,15.3404,,0.1389,0.1429,63,False,isi>0.02;n_spikes<100;fr<0.2;presence<0.8;firing_rate_qm_low;num_spikes_qm_low
ATL,473,ATL_unit473,40,29,0.0639,15.1471,,0.0639,0.0,29,False,isi>0.02;n_spikes<100;fr<0.2;presence<0.8;firing_rate_qm_low;num_spikes_qm_low
ATL,474,ATL_unit474,47,17,0.0375,25.6728,,0.0375,0.0,17,False,isi>0.02;n_spikes<100;fr<0.2;presence<0.8;firing_rate_qm_low;num_spikes_qm_low
ATL,475,ATL_unit475,47,88,0.194,11.2284,,0.194,0.2857,88,False,isi>0.02;n_spikes<100;fr<0.2;presence<0.8;firing_rate_qm_low;num_spikes_qm_low
ATL,476,ATL_unit476,47,31,0.0683,10.3896,,0.0683,0.2857,31,False,isi>0.02;n_spikes<100;fr<0.2;presence<0.8;firing_rate_qm_low;num_spikes_qm_low
ATL,477,ATL_unit477,47,45,0.0992,27.304,,0.0992,0.2857,45,False,isi>0.02;n_spikes<100;fr<0.2;presence<0.8;firing_rate_qm_low;num_spikes_qm_low
ATL,478,ATL_unit478,38,15,0.0331,14.5366,,0.0331,0.0,15,False,isi>0.02;n_spikes<100;fr<0.2;presence<0.8;firing_rate_qm_low;num_spikes_qm_low
ATL,479,ATL_unit479,47,1980,4.365,13.6381,,4.365,0.8571,1980,False,isi>0.02
ATL,480,ATL_unit480,47,706,1.5564,14.9634,,1.5564,0.7143,706,False,isi>0.02;presence<0.8
ATL,481,ATL_unit481,47,518,1.142,16.0154,,1.142,0.4286,518,False,isi>0.02;presence<0.8
ATL,482,ATL_unit482,47,22,0.0485,24.4216,,0.0485,0.1429,22,False,isi>0.02;n_spikes<100;fr<0.2;presence<0.8;firing_rate_qm_low;num_spikes_qm_low
ATL,483,ATL_unit483,47,60,0.1323,27.8091,,0.1323,0.2857,60,False,isi>0.02;n_spikes<100;fr<0.2;presence<0.8;firing_rate_qm_low;num_spikes_qm_low
ATL,484,ATL_unit484,47,63,0.1389,18.9348,,0.1389,0.1429,63,False,isi>0.02;n_spikes<100;fr<0.2;presence<0.8;firing_rate_qm_low;num_spikes_qm_low
ATL,485,ATL_unit485,43,46,0.1014,33.8607,,0.1014,0.1429,46,False,isi>0.02;n_spikes<100;fr<0.2;presence<0.8;firing_rate_qm_low;num_spikes_qm_low
ATL,486,ATL_unit486,47,13,0.0287,24.8201,,0.0287,0.1429,13,False,isi>0.02;n_spikes<100;fr<0.2;presence<0.8;firing_rate_qm_low;num_spikes_qm_low
ATL,487,ATL_unit487,43,24,0.0529,30.8264,,0.0529,0.1429,24,False,isi>0.02;n_spikes<100;fr<0.2;presence<0.8;firing_rate_qm_low;num_spikes_qm_low
ATL,488,ATL_unit488,47,68,0.1499,18.6522,,0.1499,0.2857,68,False,isi>0.02;n_spikes<100;fr<0.2;presence<0.8;firing_rate_qm_low;num_spikes_qm_low
ATL,489,ATL_unit489,43,17,0.0375,29.8354,,0.0375,0.0,17,False,isi>0.02;n_spikes<100;fr<0.2;presence<0.8;firing_rate_qm_low;num_spikes_qm_low
ATL,490,ATL_unit490,43,13,0.0287,25.3638,,0.0287,0.1429,13,False,isi>0.02;n_spikes<100;fr<0.2;presence<0.8;firing_rate_qm_low;num_spikes_qm_low
ATL,491,ATL_unit491,47,68,0.1499,17.0627,,0.1499,0.1429,68,False,isi>0.02;n_spikes<100;fr<0.2;presence<0.8;firing_rate_qm_low;num_spikes_qm_low
ATL,492,ATL_unit492,47,26,0.0573,21.8172,,0.0573,0.0,26,False,isi>0.02;n_spikes<100;fr<0.2;presence<0.8;firing_rate_qm_low;num_spikes_qm_low
ATL,493,ATL_unit493,47,45,0.0992,17.9246,,0.0992,0.0,45,False,isi>0.02;n_spikes<100;fr<0.2;presence<0.8;firing_rate_qm_low;num_spikes_qm_low
ATL,494,ATL_unit494,45,37,0.0816,26.8851,,0.0816,0.1429,37,False,isi>0.02;n_spikes<100;fr<0.2;presence<0.8;firing_rate_qm_low;num_spikes_qm_low
ATL,495,ATL_unit495,47,16,0.0353,24.6718,,0.0353,0.1429,16,False,isi>0.02;n_spikes<100;fr<0.2;presence<0.8;firing_rate_qm_low;num_spikes_qm_low
ATL,496,ATL_unit496,36,57,0.1257,3.3527,,0.1257,0.5714,57,False,snr<5.0;isi>0.02;n_spikes<100;fr<0.2;presence<0.8;firing_rate_qm_low;num_spikes_qm_low
ATL,497,ATL_unit497,36,26,0.0573,7.6667,,0.0573,0.0,26,False,isi>0.02;n_spikes<100;fr<0.2;presence<0.8;firing_rate_qm_low;num_spikes_qm_low
ATL,498,ATL_unit498,35,33,0.0728,3.3756,,0.0728,0.2857,33,False,snr<5.0;isi>0.02;n_spikes<100;fr<0.2;presence<0.8;firing_rate_qm_low;num_spikes_qm_low
ATL,499,ATL_unit499,40,21,0.0463,10.2887,,0.0463,0.1429,21,False,isi>0.02;n_spikes<100;fr<0.2;presence<0.8;firing_rate_qm_low;num_spikes_qm_low
ATL,500,ATL_unit500,45,104,0.2293,8.3083,,0.2293,0.4286,104,False,isi>0.02;presence<0.8
ATL,501,ATL_unit501,43,28,0.0617,9.8825,,0.0617,0.1429,28,False,isi>0.02;n_spikes<100;fr<0.2;presence<0.8;firing_rate_qm_low;num_spikes_qm_low
ATL,502,ATL_unit502,40,49,0.108,6.0661,,0.108,0.2857,49,False,isi>0.02;n_spikes<100;fr<0.2;presence<0.8;firing_rate_qm_low;num_spikes_qm_low
ATL,503,ATL_unit503,35,16,0.0353,7.2867,,0.0353,0.0,16,False,isi>0.02;n_spikes<100;fr<0.2;presence<0.8;firing_rate_qm_low;num_spikes_qm_low
ATL,504,ATL_unit504,35,25,0.0551,5.6855,,0.0551,0.1429,25,False,isi>0.02;n_spikes<100;fr<0.2;presence<0.8;firing_rate_qm_low;num_spikes_qm_low
ATL,505,ATL_unit505,40,22,0.0485,10.257,,0.0485,0.0,22,False,isi>0.02;n_spikes<100;fr<0.2;presence<0.8;firing_rate_qm_low;num_spikes_qm_low
ATL,506,ATL_unit506,43,32,0.0705,34.2318,,0.0705,0.0,32,False,isi>0.02;n_spikes<100;fr<0.2;presence<0.8;firing_rate_qm_low;num_spikes_qm_low
ATL,507,ATL_unit507,43,17,0.0375,14.758,,0.0375,0.1429,17,False,isi>0.02;n_spikes<100;fr<0.2;presence<0.8;firing_rate_qm_low;num_spikes_qm_low
ATL,508,ATL_unit508,40,12,0.0265,14.8474,,0.0265,0.1429,12,False,isi>0.02;n_spikes<100;fr<0.2;presence<0.8;firing_rate_qm_low;num_spikes_qm_low
ATL,509,ATL_unit509,43,27,0.0595,11.9774,,0.0595,0.1429,27,False,isi>0.02;n_spikes<100;fr<0.2;presence<0.8;firing_rate_qm_low;num_spikes_qm_low
ATL,510,ATL_unit510,45,28,0.0617,10.259,,0.0617,0.0,28,False,isi>0.02;n_spikes<100;fr<0.2;presence<0.8;firing_rate_qm_low;num_spikes_qm_low
ATL,511,ATL_unit511,47,74,0.1631,10.1857,,0.1631,0.1429,74,False,isi>0.02;n_spikes<100;fr<0.2;presence<0.8;firing_rate_qm_low;num_spikes_qm_low
ATL,512,ATL_unit512,40,42,0.0926,11.2967,,0.0926,0.2857,42,False,isi>0.02;n_spikes<100;fr<0.2;presence<0.8;firing_rate_qm_low;num_spikes_qm_low
ATL,513,ATL_unit513,43,42,0.0926,11.6204,,0.0926,0.1429,42,False,isi>0.02;n_spikes<100;fr<0.2;presence<0.8;firing_rate_qm_low;num_spikes_qm_low
HG,1,HG_unit1,17,56,0.1235,15.8227,,0.1235,0.8571,56,False,isi>0.02;n_spikes<100;fr<0.2;firing_rate_qm_low;num_spikes_qm_low
HG,2,HG_unit2,18,34,0.075,16.7327,,0.075,0.5714,34,False,isi>0.02;n_spikes<100;fr<0.2;presence<0.8;firing_rate_qm_low;num_spikes_qm_low
HG,3,HG_unit3,19,21,0.0463,13.5175,,0.0463,0.1429,21,False,isi>0.02;n_spikes<100;fr<0.2;presence<0.8;firing_rate_qm_low;num_spikes_qm_low
HG,4,HG_unit4,19,32,0.0705,12.9998,,0.0705,0.1429,32,False,isi>0.02;n_spikes<100;fr<0.2;presence<0.8;firing_rate_qm_low;num_spikes_qm_low
HG,5,HG_unit5,19,20,0.0441,11.9014,,0.0441,0.0,20,False,isi>0.02;n_spikes<100;fr<0.2;presence<0.8;firing_rate_qm_low;num_spikes_qm_low
HG,6,HG_unit6,19,48,0.1058,9.4338,,0.1058,0.1429,48,False,isi>0.02;n_spikes<100;fr<0.2;presence<0.8;firing_rate_qm_low;num_spikes_qm_low
HG,7,HG_unit7,19,27,0.0595,10.1233,,0.0595,0.1429,27,False,isi>0.02;n_spikes<100;fr<0.2;presence<0.8;firing_rate_qm_low;num_spikes_qm_low
HG,8,HG_unit8,19,59,0.1301,12.3004,,0.1301,0.1429,59,False,isi>0.02;n_spikes<100;fr<0.2;presence<0.8;firing_rate_qm_low;num_spikes_qm_low
HG,9,HG_unit9,19,29,0.0639,11.443,,0.0639,0.2857,29,False,isi>0.02;n_spikes<100;fr<0.2;presence<0.8;firing_rate_qm_low;num_spikes_qm_low
HG,10,HG_unit10,19,153,0.3373,7.7801,,0.3373,0.1429,153,False,isi>0.02;presence<0.8
HG,11,HG_unit11,19,27,0.0595,16.0028,,0.0595,0.1429,27,False,isi>0.02;n_spikes<100;fr<0.2;presence<0.8;firing_rate_qm_low;num_spikes_qm_low
HG,12,HG_unit12,19,25,0.0551,12.7983,,0.0551,0.1429,25,False,isi>0.02;n_spikes<100;fr<0.2;presence<0.8;firing_rate_qm_low;num_spikes_qm_low
HG,13,HG_unit13,19,27,0.0595,13.229,,0.0595,0.2857,27,False,isi>0.02;n_spikes<100;fr<0.2;presence<0.8;firing_rate_qm_low;num_spikes_qm_low
HG,14,HG_unit14,19,44,0.097,12.4052,,0.097,0.1429,44,False,isi>0.02;n_spikes<100;fr<0.2;presence<0.8;firing_rate_qm_low;num_spikes_qm_low
HG,15,HG_unit15,19,55,0.1213,9.9731,,0.1213,0.0,55,False,isi>0.02;n_spikes<100;fr<0.2;presence<0.8;firing_rate_qm_low;num_spikes_qm_low
HG,16,HG_unit16,19,33,0.0728,12.0555,,0.0728,0.1429,33,False,isi>0.02;n_spikes<100;fr<0.2;presence<0.8;firing_rate_qm_low;num_spikes_qm_low
HG,17,HG_unit17,19,15,0.0331,17.6821,,0.0331,0.1429,15,False,isi>0.02;n_spikes<100;fr<0.2;presence<0.8;firing_rate_qm_low;num_spikes_qm_low
HG,18,HG_unit18,19,28,0.0617,13.883,,0.0617,0.1429,28,False,isi>0.02;n_spikes<100;fr<0.2;presence<0.8;firing_rate_qm_low;num_spikes_qm_low
HG,19,HG_unit19,19,61,0.1345,12.6363,,0.1345,0.1429,61,False,isi>0.02;n_spikes<100;fr<0.2;presence<0.8;firing_rate_qm_low;num_spikes_qm_low
HG,20,HG_unit20,19,24,0.0529,19.0513,,0.0529,0.0,24,False,isi>0.02;n_spikes<100;fr<0.2;presence<0.8;firing_rate_qm_low;num_spikes_qm_low
HG,21,HG_unit21,19,22,0.0485,13.8573,,0.0485,0.0,22,False,isi>0.02;n_spikes<100;fr<0.2;presence<0.8;firing_rate_qm_low;num_spikes_qm_low
HG,22,HG_unit22,19,35,0.0772,11.5023,,0.0772,0.2857,35,False,isi>0.02;n_spikes<100;fr<0.2;presence<0.8;firing_rate_qm_low;num_spikes_qm_low
HG,23,HG_unit23,19,23,0.0507,13.1105,,0.0507,0.1429,23,False,isi>0.02;n_spikes<100;fr<0.2;presence<0.8;firing_rate_qm_low;num_spikes_qm_low
HG,24,HG_unit24,19,31,0.0683,11.9685,,0.0683,0.2857,31,False,isi>0.02;n_spikes<100;fr<0.2;presence<0.8;firing_rate_qm_low;num_spikes_qm_low
HG,25,HG_unit25,19,46,0.1014,9.2184,,0.1014,0.0,46,False,isi>0.02;n_spikes<100;fr<0.2;presence<0.8;firing_rate_qm_low;num_spikes_qm_low
HG,26,HG_unit26,19,45,0.0992,14.0627,,0.0992,0.1429,45,False,isi>0.02;n_spikes<100;fr<0.2;presence<0.8;firing_rate_qm_low;num_spikes_qm_low
HG,27,HG_unit27,19,22,0.0485,19.5788,,0.0485,0.1429,22,False,isi>0.02;n_spikes<100;fr<0.2;presence<0.8;firing_rate_qm_low;num_spikes_qm_low
HG,28,HG_unit28,19,27,0.0595,14.2682,,0.0595,0.0,27,False,isi>0.02;n_spikes<100;fr<0.2;presence<0.8;firing_rate_qm_low;num_spikes_qm_low
HG,29,HG_unit29,19,21,0.0463,17.9824,,0.0463,0.0,21,False,isi>0.02;n_spikes<100;fr<0.2;presence<0.8;firing_rate_qm_low;num_spikes_qm_low
HG,30,HG_unit30,20,35,0.0772,7.2129,,0.0772,0.1429,35,False,isi>0.02;n_spikes<100;fr<0.2;presence<0.8;firing_rate_qm_low;num_spikes_qm_low
HG,31,HG_unit31,20,86,0.1896,8.5653,,0.1896,0.1429,86,False,isi>0.02;n_spikes<100;fr<0.2;presence<0.8;firing_rate_qm_low;num_spikes_qm_low
HG,32,HG_unit32,20,31,0.0683,8.7809,,0.0683,0.1429,31,False,isi>0.02;n_spikes<100;fr<0.2;presence<0.8;firing_rate_qm_low;num_spikes_qm_low
HG,33,HG_unit33,20,19,0.0419,15.4351,,0.0419,0.1429,19,False,isi>0.02;n_spikes<100;fr<0.2;presence<0.8;firing_rate_qm_low;num_spikes_qm_low
HG,34,HG_unit34,19,19,0.0419,14.1576,,0.0419,0.1429,19,False,isi>0.02;n_spikes<100;fr<0.2;presence<0.8;firing_rate_qm_low;num_spikes_qm_low
HG,35,HG_unit35,20,40,0.0882,7.5338,,0.0882,0.1429,40,False,isi>0.02;n_spikes<100;fr<0.2;presence<0.8;firing_rate_qm_low;num_spikes_qm_low
HG,36,HG_unit36,19,19,0.0419,13.3436,,0.0419,0.0,19,False,isi>0.02;n_spikes<100;fr<0.2;presence<0.8;firing_rate_qm_low;num_spikes_qm_low
HG,37,HG_unit37,20,30,0.0661,18.0713,,0.0661,0.1429,30,False,isi>0.02;n_spikes<100;fr<0.2;presence<0.8;firing_rate_qm_low;num_spikes_qm_low
HG,38,HG_unit38,20,39,0.086,13.1321,,0.086,0.1429,39,False,isi>0.02;n_spikes<100;fr<0.2;presence<0.8;firing_rate_qm_low;num_spikes_qm_low
HG,39,HG_unit39,20,40,0.0882,11.2701,,0.0882,0.1429,40,False,isi>0.02;n_spikes<100;fr<0.2;presence<0.8;firing_rate_qm_low;num_spikes_qm_low
HG,40,HG_unit40,20,68,0.1499,10.0769,,0.1499,0.1429,68,False,isi>0.02;n_spikes<100;fr<0.2;presence<0.8;firing_rate_qm_low;num_spikes_qm_low
HG,41,HG_unit41,29,10,0.022,4.8311,,0.022,0.0,10,False,snr<5.0;isi>0.02;n_spikes<100;fr<0.2;presence<0.8;firing_rate_qm_low;num_spikes_qm_low
HG,42,HG_unit42,19,52,0.1146,15.7934,,0.1146,0.1429,52,False,isi>0.02;n_spikes<100;fr<0.2;presence<0.8;firing_rate_qm_low;num_spikes_qm_low
HG,43,HG_unit43,19,12,0.0265,11.2375,,0.0265,0.1429,12,False,isi>0.02;n_spikes<100;fr<0.2;presence<0.8;firing_rate_qm_low;num_spikes_qm_low
HG,44,HG_unit44,20,21,0.0463,7.9773,,0.0463,0.0,21,False,isi>0.02;n_spikes<100;fr<0.2;presence<0.8;firing_rate_qm_low;num_spikes_qm_low
HG,45,HG_unit45,20,31,0.0683,8.0116,,0.0683,0.0,31,False,isi>0.02;n_spikes<100;fr<0.2;presence<0.8;firing_rate_qm_low;num_spikes_qm_low
HG,46,HG_unit46,19,31,0.0683,15.8882,,0.0683,0.1429,31,False,isi>0.02;n_spikes<100;fr<0.2;presence<0.8;firing_rate_qm_low;num_spikes_qm_low
HG,47,HG_unit47,20,75,0.1653,7.6833,,0.1653,0.1429,75,False,isi>0.02;n_spikes<100;fr<0.2;presence<0.8;firing_rate_qm_low;num_spikes_qm_low
HG,48,HG_unit48,20,36,0.0794,10.2729,,0.0794,0.0,36,False,isi>0.02;n_spikes<100;fr<0.2;presence<0.8;firing_rate_qm_low;num_spikes_qm_low
HG,49,HG_unit49,20,71,0.1565,8.4281,,0.1565,0.1429,71,False,isi>0.02;n_spikes<100;fr<0.2;presence<0.8;firing_rate_qm_low;num_spikes_qm_low
HG,50,HG_unit50,20,18,0.0397,12.2721,,0.0397,0.0,18,False,isi>0.02;n_spikes<100;fr<0.2;presence<0.8;firing_rate_qm_low;num_spikes_qm_low
HG,51,HG_unit51,20,20,0.0441,12.7058,,0.0441,0.0,20,False,isi>0.02;n_spikes<100;fr<0.2;presence<0.8;firing_rate_qm_low;num_spikes_qm_low
HG,52,HG_unit52,20,22,0.0485,7.6367,,0.0485,0.1429,22,False,isi>0.02;n_spikes<100;fr<0.2;presence<0.8;firing_rate_qm_low;num_spikes_qm_low
HG,53,HG_unit53,20,20,0.0441,11.2701,,0.0441,0.1429,20,False,isi>0.02;n_spikes<100;fr<0.2;presence<0.8;firing_rate_qm_low;num_spikes_qm_low
HG,54,HG_unit54,20,69,0.1521,8.6633,,0.1521,0.2857,69,False,isi>0.02;n_spikes<100;fr<0.2;presence<0.8;firing_rate_qm_low;num_spikes_qm_low
HG,55,HG_unit55,20,20,0.0441,8.8397,,0.0441,0.0,20,False,isi>0.02;n_spikes<100;fr<0.2;presence<0.8;firing_rate_qm_low;num_spikes_qm_low
HG,56,HG_unit56,20,13,0.0287,6.1838,,0.0287,0.0,13,False,isi>0.02;n_spikes<100;fr<0.2;presence<0.8;firing_rate_qm_low;num_spikes_qm_low
HG,57,HG_unit57,20,31,0.0683,8.5898,,0.0683,0.1429,31,False,isi>0.02;n_spikes<100;fr<0.2;presence<0.8;firing_rate_qm_low;num_spikes_qm_low
HG,58,HG_unit58,20,19,0.0419,12.7597,,0.0419,0.1429,19,False,isi>0.02;n_spikes<100;fr<0.2;presence<0.8;firing_rate_qm_low;num_spikes_qm_low
HG,59,HG_unit59,20,16,0.0353,15.6311,,0.0353,0.1429,16,False,isi>0.02;n_spikes<100;fr<0.2;presence<0.8;firing_rate_qm_low;num_spikes_qm_low
HG,60,HG_unit60,29,34,0.075,4.916,,0.075,0.2857,34,False,snr<5.0;isi>0.02;n_spikes<100;fr<0.2;presence<0.8;firing_rate_qm_low;num_spikes_qm_low
HG,61,HG_unit61,20,50,0.1102,7.0291,,0.1102,0.1429,50,False,isi>0.02;n_spikes<100;fr<0.2;presence<0.8;firing_rate_qm_low;num_spikes_qm_low
HG,62,HG_unit62,20,36,0.0794,12.2893,,0.0794,0.0,36,False,isi>0.02;n_spikes<100;fr<0.2;presence<0.8;firing_rate_qm_low;num_spikes_qm_low
HG,63,HG_unit63,20,55,0.1213,16.0868,,0.1213,0.1429,55,False,isi>0.02;n_spikes<100;fr<0.2;presence<0.8;firing_rate_qm_low;num_spikes_qm_low
HG,64,HG_unit64,20,58,0.1279,8.5947,,0.1279,0.1429,58,False,isi>0.02;n_spikes<100;fr<0.2;presence<0.8;firing_rate_qm_low;num_spikes_qm_low
HG,65,HG_unit65,20,18,0.0397,7.9332,,0.0397,0.1429,18,False,isi>0.02;n_spikes<100;fr<0.2;presence<0.8;firing_rate_qm_low;num_spikes_qm_low
HG,66,HG_unit66,20,43,0.0948,10.2509,,0.0948,0.1429,43,False,isi>0.02;n_spikes<100;fr<0.2;presence<0.8;firing_rate_qm_low;num_spikes_qm_low
HG,67,HG_unit67,19,38,0.0838,8.1397,,0.0838,0.1429,38,False,isi>0.02;n_spikes<100;fr<0.2;presence<0.8;firing_rate_qm_low;num_spikes_qm_low
HG,68,HG_unit68,24,58,0.1279,8.6155,,0.1279,0.1429,58,False,isi>0.02;n_spikes<100;fr<0.2;presence<0.8;firing_rate_qm_low;num_spikes_qm_low
HG,69,HG_unit69,19,67,0.1477,13.4582,,0.1477,0.0,67,False,isi>0.02;n_spikes<100;fr<0.2;presence<0.8;firing_rate_qm_low;num_spikes_qm_low
HG,70,HG_unit70,24,16,0.0353,10.1096,,0.0353,0.1429,16,False,isi>0.02;n_spikes<100;fr<0.2;presence<0.8;firing_rate_qm_low;num_spikes_qm_low
HG,71,HG_unit71,27,36,0.0794,10.8821,,0.0794,0.1429,36,False,isi>0.02;n_spikes<100;fr<0.2;presence<0.8;firing_rate_qm_low;num_spikes_qm_low
HG,72,HG_unit72,27,22,0.0485,20.1595,,0.0485,0.0,22,False,isi>0.02;n_spikes<100;fr<0.2;presence<0.8;firing_rate_qm_low;num_spikes_qm_low
HG,73,HG_unit73,31,17,0.0375,15.8239,,0.0375,0.0,17,False,isi>0.02;n_spikes<100;fr<0.2;presence<0.8;firing_rate_qm_low;num_spikes_qm_low
HG,74,HG_unit74,27,24,0.0529,15.9251,,0.0529,0.1429,24,False,isi>0.02;n_spikes<100;fr<0.2;presence<0.8;firing_rate_qm_low;num_spikes_qm_low
HG,75,HG_unit75,19,20,0.0441,7.6814,,0.0441,0.2857,20,False,isi>0.02;n_spikes<100;fr<0.2;presence<0.8;firing_rate_qm_low;num_spikes_qm_low
HG,76,HG_unit76,31,36,0.0794,11.9878,,0.0794,0.0,36,False,isi>0.02;n_spikes<100;fr<0.2;presence<0.8;firing_rate_qm_low;num_spikes_qm_low
HG,77,HG_unit77,24,23,0.0507,8.7462,,0.0507,0.1429,23,False,isi>0.02;n_spikes<100;fr<0.2;presence<0.8;firing_rate_qm_low;num_spikes_qm_low
HG,78,HG_unit78,27,17,0.0375,16.8873,,0.0375,0.1429,17,False,isi>0.02;n_spikes<100;fr<0.2;presence<0.8;firing_rate_qm_low;num_spikes_qm_low
HG,79,HG_unit79,24,39,0.086,14.1288,,0.086,0.1429,39,False,isi>0.02;n_spikes<100;fr<0.2;presence<0.8;firing_rate_qm_low;num_spikes_qm_low
HG,80,HG_unit80,21,38,0.0838,21.0758,,0.0838,0.1429,38,False,isi>0.02;n_spikes<100;fr<0.2;presence<0.8;firing_rate_qm_low;num_spikes_qm_low
HG,81,HG_unit81,21,57,0.1257,18.9175,,0.1257,0.1429,57,False,isi>0.02;n_spikes<100;fr<0.2;presence<0.8;firing_rate_qm_low;num_spikes_qm_low
HG,82,HG_unit82,27,13,0.0287,18.1974,,0.0287,0.1429,13,False,isi>0.02;n_spikes<100;fr<0.2;presence<0.8;firing_rate_qm_low;num_spikes_qm_low
HG,83,HG_unit83,21,411,0.9061,14.0082,,0.9061,0.2857,411,False,isi>0.02;presence<0.8
HG,84,HG_unit84,31,62,0.1367,17.132,,0.1367,0.0,62,False,isi>0.02;n_spikes<100;fr<0.2;presence<0.8;firing_rate_qm_low;num_spikes_qm_low
HG,85,HG_unit85,22,13,0.0287,26.4622,,0.0287,0.1429,13,False,isi>0.02;n_spikes<100;fr<0.2;presence<0.8;firing_rate_qm_low;num_spikes_qm_low
HG,86,HG_unit86,23,53,0.1168,11.9261,,0.1168,0.1429,53,False,isi>0.02;n_spikes<100;fr<0.2;presence<0.8;firing_rate_qm_low;num_spikes_qm_low
HG,87,HG_unit87,27,39,0.086,10.249,,0.086,0.1429,39,False,isi>0.02;n_spikes<100;fr<0.2;presence<0.8;firing_rate_qm_low;num_spikes_qm_low
HG,88,HG_unit88,27,38,0.0838,18.4513,,0.0838,0.1429,38,False,isi>0.02;n_spikes<100;fr<0.2;presence<0.8;firing_rate_qm_low;num_spikes_qm_low
HG,89,HG_unit89,20,55,0.1213,11.0202,,0.1213,0.2857,55,False,isi>0.02;n_spikes<100;fr<0.2;presence<0.8;firing_rate_qm_low;num_spikes_qm_low
HG,90,HG_unit90,19,37,0.0816,6.006,,0.0816,0.1429,37,False,isi>0.02;n_spikes<100;fr<0.2;presence<0.8;firing_rate_qm_low;num_spikes_qm_low
HG,91,HG_unit91,27,36,0.0794,18.3259,,0.0794,0.2857,36,False,isi>0.02;n_spikes<100;fr<0.2;presence<0.8;firing_rate_qm_low;num_spikes_qm_low
HG,92,HG_unit92,21,32,0.0705,11.4954,,0.0705,0.1429,32,False,isi>0.02;n_spikes<100;fr<0.2;presence<0.8;firing_rate_qm_low;num_spikes_qm_low
HG,93,HG_unit93,20,33,0.0728,8.6878,,0.0728,0.1429,33,False,isi>0.02;n_spikes<100;fr<0.2;presence<0.8;firing_rate_qm_low;num_spikes_qm_low
HG,94,HG_unit94,21,12,0.0265,23.1019,,0.0265,0.1429,12,False,isi>0.02;n_spikes<100;fr<0.2;presence<0.8;firing_rate_qm_low;num_spikes_qm_low
HG,95,HG_unit95,21,13,0.0287,33.8567,,0.0287,0.0,13,False,isi>0.02;n_spikes<100;fr<0.2;presence<0.8;firing_rate_qm_low;num_spikes_qm_low
HG,96,HG_unit96,19,22,0.0485,14.1753,,0.0485,0.0,22,False,isi>0.02;n_spikes<100;fr<0.2;presence<0.8;firing_rate_qm_low;num_spikes_qm_low
HG,97,HG_unit97,27,56,0.1235,11.3648,,0.1235,0.2857,56,False,isi>0.02;n_spikes<100;fr<0.2;presence<0.8;firing_rate_qm_low;num_spikes_qm_low
HG,98,HG_unit98,27,27,0.0595,15.0381,,0.0595,0.2857,27,False,isi>0.02;n_spikes<100;fr<0.2;presence<0.8;firing_rate_qm_low;num_spikes_qm_low
HG,99,HG_unit99,20,42,0.0926,21.6484,,0.0926,0.1429,42,False,isi>0.02;n_spikes<100;fr<0.2;presence<0.8;firing_rate_qm_low;num_spikes_qm_low
HG,100,HG_unit100,20,16,0.0353,6.0883,,0.0353,0.0,16,False,isi>0.02;n_spikes<100;fr<0.2;presence<0.8;firing_rate_qm_low;num_spikes_qm_low
HG,101,HG_unit101,19,26,0.0573,10.6745,,0.0573,0.1429,26,False,isi>0.02;n_spikes<100;fr<0.2;presence<0.8;firing_rate_qm_low;num_spikes_qm_low
HG,102,HG_unit102,20,26,0.0573,15.6311,,0.0573,0.1429,26,False,isi>0.02;n_spikes<100;fr<0.2;presence<0.8;firing_rate_qm_low;num_spikes_qm_low
HG,103,HG_unit103,19,27,0.0595,8.7324,,0.0595,0.1429,27,False,isi>0.02;n_spikes<100;fr<0.2;presence<0.8;firing_rate_qm_low;num_spikes_qm_low
HG,104,HG_unit104,27,20,0.0441,15.0287,,0.0441,0.1429,20,False,isi>0.02;n_spikes<100;fr<0.2;presence<0.8;firing_rate_qm_low;num_spikes_qm_low
HG,105,HG_unit105,21,37,0.0816,16.9284,,0.0816,0.1429,37,False,isi>0.02;n_spikes<100;fr<0.2;presence<0.8;firing_rate_qm_low;num_spikes_qm_low
HG,106,HG_unit106,20,158,0.3483,9.9618,,0.3483,0.2857,158,False,isi>0.02;presence<0.8
HG,107,HG_unit107,20,104,0.2293,8.8152,,0.2293,0.4286,104,False,isi>0.02;presence<0.8
HG,108,HG_unit108,31,105,0.2315,13.659,,0.2315,0.1429,105,False,isi>0.02;presence<0.8
HG,109,HG_unit109,31,50,0.1102,19.1135,,0.1102,0.0,50,False,isi>0.02;n_spikes<100;fr<0.2;presence<0.8;firing_rate_qm_low;num_spikes_qm_low
HG,110,HG_unit110,29,56,0.1235,12.4959,,0.1235,0.1429,56,False,isi>0.02;n_spikes<100;fr<0.2;presence<0.8;firing_rate_qm_low;num_spikes_qm_low
HG,111,HG_unit111,20,137,0.302,9.413,,0.302,0.2857,137,False,isi>0.02;presence<0.8
HG,112,HG_unit112,31,36,0.0794,9.3082,,0.0794,0.0,36,False,isi>0.02;n_spikes<100;fr<0.2;presence<0.8;firing_rate_qm_low;num_spikes_qm_low
HG,113,HG_unit113,20,308,0.679,5.9462,,0.679,0.2857,308,False,isi>0.02;presence<0.8
HG,114,HG_unit114,21,13,0.0287,38.4909,,0.0287,0.1429,13,False,isi>0.02;n_spikes<100;fr<0.2;presence<0.8;firing_rate_qm_low;num_spikes_qm_low
HG,115,HG_unit115,19,28,0.0617,8.5348,,0.0617,0.0,28,False,isi>0.02;n_spikes<100;fr<0.2;presence<0.8;firing_rate_qm_low;num_spikes_qm_low
HG,116,HG_unit116,20,27,0.0595,8.4134,,0.0595,0.1429,27,False,isi>0.02;n_spikes<100;fr<0.2;presence<0.8;firing_rate_qm_low;num_spikes_qm_low
HG,117,HG_unit117,27,48,0.1058,12.8003,,0.1058,0.1429,48,False,isi>0.02;n_spikes<100;fr<0.2;presence<0.8;firing_rate_qm_low;num_spikes_qm_low
HG,118,HG_unit118,27,34,0.075,18.5955,,0.075,0.0,34,False,isi>0.02;n_spikes<100;fr<0.2;presence<0.8;firing_rate_qm_low;num_spikes_qm_low
HG,119,HG_unit119,19,60,0.1323,9.2678,,0.1323,0.1429,60,False,isi>0.02;n_spikes<100;fr<0.2;presence<0.8;firing_rate_qm_low;num_spikes_qm_low
HG,120,HG_unit120,20,37,0.0816,7.5804,,0.0816,0.1429,37,False,isi>0.02;n_spikes<100;fr<0.2;presence<0.8;firing_rate_qm_low;num_spikes_qm_low
HG,121,HG_unit121,21,35,0.0772,27.2441,,0.0772,0.1429,35,False,isi>0.02;n_spikes<100;fr<0.2;presence<0.8;firing_rate_qm_low;num_spikes_qm_low
HG,122,HG_unit122,21,31,0.0683,20.9912,,0.0683,0.1429,31,False,isi>0.02;n_spikes<100;fr<0.2;presence<0.8;firing_rate_qm_low;num_spikes_qm_low
HG,123,HG_unit123,31,27,0.0595,12.284,,0.0595,0.0,27,False,isi>0.02;n_spikes<100;fr<0.2;presence<0.8;firing_rate_qm_low;num_spikes_qm_low
HG,124,HG_unit124,21,61,0.1345,14.8229,,0.1345,0.1429,61,False,isi>0.02;n_spikes<100;fr<0.2;presence<0.8;firing_rate_qm_low;num_spikes_qm_low
HG,125,HG_unit125,27,16,0.0353,31.5117,,0.0353,0.0,16,False,isi>0.02;n_spikes<100;fr<0.2;presence<0.8;firing_rate_qm_low;num_spikes_qm_low
HG,126,HG_unit126,28,23,0.0507,13.474,,0.0507,0.1429,23,False,isi>0.02;n_spikes<100;fr<0.2;presence<0.8;firing_rate_qm_low;num_spikes_qm_low
HG,127,HG_unit127,28,25,0.0551,12.8881,,0.0551,0.1429,25,False,isi>0.02;n_spikes<100;fr<0.2;presence<0.8;firing_rate_qm_low;num_spikes_qm_low
HG,128,HG_unit128,21,81,0.1786,12.4,,0.1786,0.1429,81,False,isi>0.02;n_spikes<100;fr<0.2;presence<0.8;firing_rate_qm_low;num_spikes_qm_low
HG,129,HG_unit129,27,30,0.0661,9.362,,0.0661,0.1429,30,False,isi>0.02;n_spikes<100;fr<0.2;presence<0.8;firing_rate_qm_low;num_spikes_qm_low
HG,130,HG_unit130,19,18,0.0397,8.7581,,0.0397,0.1429,18,False,isi>0.02;n_spikes<100;fr<0.2;presence<0.8;firing_rate_qm_low;num_spikes_qm_low
HG,131,HG_unit131,21,46,0.1014,11.7388,,0.1014,0.0,46,False,isi>0.02;n_spikes<100;fr<0.2;presence<0.8;firing_rate_qm_low;num_spikes_qm_low
HG,132,HG_unit132,21,74,0.1631,12.1673,,0.1631,0.1429,74,False,isi>0.02;n_spikes<100;fr<0.2;presence<0.8;firing_rate_qm_low;num_spikes_qm_low
HG,133,HG_unit133,21,76,0.1675,12.3418,,0.1675,0.1429,76,False,isi>0.02;n_spikes<100;fr<0.2;presence<0.8;firing_rate_qm_low;num_spikes_qm_low
HG,134,HG_unit134,27,21,0.0463,23.5695,,0.0463,0.1429,21,False,isi>0.02;n_spikes<100;fr<0.2;presence<0.8;firing_rate_qm_low;num_spikes_qm_low
HG,135,HG_unit135,21,64,0.1411,38.7131,,0.1411,0.1429,64,False,isi>0.02;n_spikes<100;fr<0.2;presence<0.8;firing_rate_qm_low;num_spikes_qm_low
HG,136,HG_unit136,21,74,0.1631,13.913,,0.1631,0.1429,74,False,isi>0.02;n_spikes<100;fr<0.2;presence<0.8;firing_rate_qm_low;num_spikes_qm_low
HG,137,HG_unit137,24,42,0.0926,15.0409,,0.0926,0.1429,42,False,isi>0.02;n_spikes<100;fr<0.2;presence<0.8;firing_rate_qm_low;num_spikes_qm_low
HG,138,HG_unit138,21,14,0.0309,26.6304,,0.0309,0.1429,14,False,isi>0.02;n_spikes<100;fr<0.2;presence<0.8;firing_rate_qm_low;num_spikes_qm_low
HG,139,HG_unit139,19,29,0.0639,14.4737,,0.0639,0.1429,29,False,isi>0.02;n_spikes<100;fr<0.2;presence<0.8;firing_rate_qm_low;num_spikes_qm_low
HG,140,HG_unit140,27,118,0.2601,9.6096,,0.2601,0.1429,118,False,isi>0.02;presence<0.8
HG,141,HG_unit141,21,20,0.0441,13.8495,,0.0441,0.1429,20,False,isi>0.02;n_spikes<100;fr<0.2;presence<0.8;firing_rate_qm_low;num_spikes_qm_low
HG,142,HG_unit142,19,41,0.0904,7.6458,,0.0904,0.1429,41,False,isi>0.02;n_spikes<100;fr<0.2;presence<0.8;firing_rate_qm_low;num_spikes_qm_low
HG,143,HG_unit143,22,50,0.1102,11.4629,,0.1102,0.0,50,False,isi>0.02;n_spikes<100;fr<0.2;presence<0.8;firing_rate_qm_low;num_spikes_qm_low
HG,144,HG_unit144,22,47,0.1036,12.2543,,0.1036,0.0,47,False,isi>0.02;n_spikes<100;fr<0.2;presence<0.8;firing_rate_qm_low;num_spikes_qm_low
HG,145,HG_unit145,27,24,0.0529,16.8591,,0.0529,0.1429,24,False,isi>0.02;n_spikes<100;fr<0.2;presence<0.8;firing_rate_qm_low;num_spikes_qm_low
HG,146,HG_unit146,27,43,0.0948,11.8788,,0.0948,0.1429,43,False,isi>0.02;n_spikes<100;fr<0.2;presence<0.8;firing_rate_qm_low;num_spikes_qm_low
HG,147,HG_unit147,19,18,0.0397,9.1908,,0.0397,0.1429,18,False,isi>0.02;n_spikes<100;fr<0.2;presence<0.8;firing_rate_qm_low;num_spikes_qm_low
HG,148,HG_unit148,27,68,0.1499,7.8043,,0.1499,0.0,68,False,isi>0.02;n_spikes<100;fr<0.2;presence<0.8;firing_rate_qm_low;num_spikes_qm_low
HG,149,HG_unit149,27,38,0.0838,23.6667,,0.0838,0.1429,38,False,isi>0.02;n_spikes<100;fr<0.2;presence<0.8;firing_rate_qm_low;num_spikes_qm_low
HG,150,HG_unit150,21,20,0.0441,21.954,,0.0441,0.1429,20,False,isi>0.02;n_spikes<100;fr<0.2;presence<0.8;firing_rate_qm_low;num_spikes_qm_low
HG,151,HG_unit151,21,104,0.2293,14.7594,,0.2293,0.1429,104,False,isi>0.02;presence<0.8
HG,152,HG_unit152,21,48,0.1058,25.2339,,0.1058,0.1429,48,False,isi>0.02;n_spikes<100;fr<0.2;presence<0.8;firing_rate_qm_low;num_spikes_qm_low
HG,153,HG_unit153,19,22,0.0485,7.6379,,0.0485,0.0,22,False,isi>0.02;n_spikes<100;fr<0.2;presence<0.8;firing_rate_qm_low;num_spikes_qm_low
HG,154,HG_unit154,21,47,0.1036,16.1666,,0.1036,0.1429,47,False,isi>0.02;n_spikes<100;fr<0.2;presence<0.8;firing_rate_qm_low;num_spikes_qm_low
HG,155,HG_unit155,19,22,0.0485,7.792,,0.0485,0.0,22,False,isi>0.02;n_spikes<100;fr<0.2;presence<0.8;firing_rate_qm_low;num_spikes_qm_low
HG,156,HG_unit156,20,59,0.1301,13.3967,,0.1301,0.1429,59,False,isi>0.02;n_spikes<100;fr<0.2;presence<0.8;firing_rate_qm_low;num_spikes_qm_low
HG,157,HG_unit157,22,21,0.0463,13.984,,0.0463,0.2857,21,False,isi>0.02;n_spikes<100;fr<0.2;presence<0.8;firing_rate_qm_low;num_spikes_qm_low
HG,158,HG_unit158,22,26,0.0573,13.5786,,0.0573,0.1429,26,False,isi>0.02;n_spikes<100;fr<0.2;presence<0.8;firing_rate_qm_low;num_spikes_qm_low
HG,159,HG_unit159,22,46,0.1014,8.3356,,0.1014,0.2857,46,False,isi>0.02;n_spikes<100;fr<0.2;presence<0.8;firing_rate_qm_low;num_spikes_qm_low
HG,160,HG_unit160,24,61,0.1345,12.9221,,0.1345,0.0,61,False,isi>0.02;n_spikes<100;fr<0.2;presence<0.8;firing_rate_qm_low;num_spikes_qm_low
HG,161,HG_unit161,20,28,0.0617,9.7462,,0.0617,0.1429,28,False,isi>0.02;n_spikes<100;fr<0.2;presence<0.8;firing_rate_qm_low;num_spikes_qm_low
HG,162,HG_unit162,22,341,0.7518,9.405,,0.7518,0.5714,341,False,isi>0.02;presence<0.8
HG,163,HG_unit163,22,79,0.1742,10.6405,,0.1742,0.2857,79,False,isi>0.02;n_spikes<100;fr<0.2;presence<0.8;firing_rate_qm_low;num_spikes_qm_low
HG,164,HG_unit164,29,27,0.0595,13.6619,,0.0595,0.1429,27,False,isi>0.02;n_spikes<100;fr<0.2;presence<0.8;firing_rate_qm_low;num_spikes_qm_low
HG,165,HG_unit165,22,28,0.0617,15.3507,,0.0617,0.1429,28,False,isi>0.02;n_spikes<100;fr<0.2;presence<0.8;firing_rate_qm_low;num_spikes_qm_low
HG,166,HG_unit166,22,60,0.1323,18.1498,,0.1323,0.1429,60,False,isi>0.02;n_spikes<100;fr<0.2;presence<0.8;firing_rate_qm_low;num_spikes_qm_low
HG,167,HG_unit167,22,35,0.0772,9.1811,,0.0772,0.2857,35,False,isi>0.02;n_spikes<100;fr<0.2;presence<0.8;firing_rate_qm_low;num_spikes_qm_low
HG,168,HG_unit168,27,49,0.108,10.9197,,0.108,0.2857,49,False,isi>0.02;n_spikes<100;fr<0.2;presence<0.8;firing_rate_qm_low;num_spikes_qm_low
HG,169,HG_unit169,22,30,0.0661,14.262,,0.0661,0.0,30,False,isi>0.02;n_spikes<100;fr<0.2;presence<0.8;firing_rate_qm_low;num_spikes_qm_low
HG,170,HG_unit170,22,55,0.1213,27.6514,,0.1213,0.1429,55,False,isi>0.02;n_spikes<100;fr<0.2;presence<0.8;firing_rate_qm_low;num_spikes_qm_low
HG,171,HG_unit171,22,85,0.1874,12.0999,,0.1874,0.1429,85,False,isi>0.02;n_spikes<100;fr<0.2;presence<0.8;firing_rate_qm_low;num_spikes_qm_low
HG,172,HG_unit172,22,21,0.0463,25.6978,,0.0463,0.2857,21,False,isi>0.02;n_spikes<100;fr<0.2;presence<0.8;firing_rate_qm_low;num_spikes_qm_low
HG,173,HG_unit173,22,54,0.119,16.8178,,0.119,0.2857,54,False,isi>0.02;n_spikes<100;fr<0.2;presence<0.8;firing_rate_qm_low;num_spikes_qm_low
HG,174,HG_unit174,27,20,0.0441,21.4288,,0.0441,0.0,20,False,isi>0.02;n_spikes<100;fr<0.2;presence<0.8;firing_rate_qm_low;num_spikes_qm_low
HG,175,HG_unit175,22,19,0.0419,12.9802,,0.0419,0.2857,19,False,isi>0.02;n_spikes<100;fr<0.2;presence<0.8;firing_rate_qm_low;num_spikes_qm_low
HG,176,HG_unit176,27,23,0.0507,9.246,,0.0507,0.1429,23,False,isi>0.02;n_spikes<100;fr<0.2;presence<0.8;firing_rate_qm_low;num_spikes_qm_low
HG,177,HG_unit177,22,36,0.0794,13.2504,,0.0794,0.1429,36,False,isi>0.02;n_spikes<100;fr<0.2;presence<0.8;firing_rate_qm_low;num_spikes_qm_low
HG,178,HG_unit178,19,11,0.0243,12.9406,,0.0243,0.1429,11,False,isi>0.02;n_spikes<100;fr<0.2;presence<0.8;firing_rate_qm_low;num_spikes_qm_low
HG,179,HG_unit179,31,24,0.0529,8.5713,,0.0529,0.1429,24,False,isi>0.02;n_spikes<100;fr<0.2;presence<0.8;firing_rate_qm_low;num_spikes_qm_low
HG,180,HG_unit180,31,17,0.0375,13.3981,,0.0375,0.0,17,False,isi>0.02;n_spikes<100;fr<0.2;presence<0.8;firing_rate_qm_low;num_spikes_qm_low
HG,181,HG_unit181,27,57,0.1257,12.023,,0.1257,0.1429,57,False,isi>0.02;n_spikes<100;fr<0.2;presence<0.8;firing_rate_qm_low;num_spikes_qm_low
HG,182,HG_unit182,29,78,0.172,8.1884,,0.172,0.4286,78,False,isi>0.02;n_spikes<100;fr<0.2;presence<0.8;firing_rate_qm_low;num_spikes_qm_low
HG,183,HG_unit183,27,45,0.0992,11.346,,0.0992,0.1429,45,False,isi>0.02;n_spikes<100;fr<0.2;presence<0.8;firing_rate_qm_low;num_spikes_qm_low
HG,184,HG_unit184,19,46,0.1014,4.5697,,0.1014,0.2857,46,False,snr<5.0;isi>0.02;n_spikes<100;fr<0.2;presence<0.8;firing_rate_qm_low;num_spikes_qm_low
HG,185,HG_unit185,19,14,0.0309,11.2454,,0.0309,0.1429,14,False,isi>0.02;n_spikes<100;fr<0.2;presence<0.8;firing_rate_qm_low;num_spikes_qm_low
HG,186,HG_unit186,31,35,0.0772,15.5559,,0.0772,0.1429,35,False,isi>0.02;n_spikes<100;fr<0.2;presence<0.8;firing_rate_qm_low;num_spikes_qm_low
HG,187,HG_unit187,20,17,0.0375,9.5159,,0.0375,0.1429,17,False,isi>0.02;n_spikes<100;fr<0.2;presence<0.8;firing_rate_qm_low;num_spikes_qm_low
HG,188,HG_unit188,19,21,0.0463,5.2869,,0.0463,0.1429,21,False,isi>0.02;n_spikes<100;fr<0.2;presence<0.8;firing_rate_qm_low;num_spikes_qm_low
HG,189,HG_unit189,23,26,0.0573,10.5221,,0.0573,0.1429,26,False,isi>0.02;n_spikes<100;fr<0.2;presence<0.8;firing_rate_qm_low;num_spikes_qm_low
HG,190,HG_unit190,27,91,0.2006,21.1436,,0.2006,0.1429,91,False,isi>0.02;n_spikes<100;presence<0.8;num_spikes_qm_low
HG,191,HG_unit191,22,58,0.1279,17.9877,,0.1279,0.1429,58,False,isi>0.02;n_spikes<100;fr<0.2;presence<0.8;firing_rate_qm_low;num_spikes_qm_low
HG,192,HG_unit192,22,30,0.0661,7.6831,,0.0661,0.1429,30,False,isi>0.02;n_spikes<100;fr<0.2;presence<0.8;firing_rate_qm_low;num_spikes_qm_low
HG,193,HG_unit193,27,34,0.075,18.0094,,0.075,0.0,34,False,isi>0.02;n_spikes<100;fr<0.2;presence<0.8;firing_rate_qm_low;num_spikes_qm_low
HG,194,HG_unit194,29,16,0.0353,8.6829,,0.0353,0.1429,16,False,isi>0.02;n_spikes<100;fr<0.2;presence<0.8;firing_rate_qm_low;num_spikes_qm_low
HG,195,HG_unit195,22,58,0.1279,7.9881,,0.1279,0.2857,58,False,isi>0.02;n_spikes<100;fr<0.2;presence<0.8;firing_rate_qm_low;num_spikes_qm_low
HG,196,HG_unit196,22,14,0.0309,14.0419,,0.0309,0.0,14,False,isi>0.02;n_spikes<100;fr<0.2;presence<0.8;firing_rate_qm_low;num_spikes_qm_low
HG,197,HG_unit197,29,14,0.0309,6.8261,,0.0309,0.1429,14,False,isi>0.02;n_spikes<100;fr<0.2;presence<0.8;firing_rate_qm_low;num_spikes_qm_low
HG,198,HG_unit198,22,14,0.0309,11.6173,,0.0309,0.0,14,False,isi>0.02;n_spikes<100;fr<0.2;presence<0.8;firing_rate_qm_low;num_spikes_qm_low
HG,199,HG_unit199,27,27,0.0595,11.5904,,0.0595,0.0,27,False,isi>0.02;n_spikes<100;fr<0.2;presence<0.8;firing_rate_qm_low;num_spikes_qm_low
HG,200,HG_unit200,27,48,0.1058,7.6131,,0.1058,0.1429,48,False,isi>0.02;n_spikes<100;fr<0.2;presence<0.8;firing_rate_qm_low;num_spikes_qm_low
HG,201,HG_unit201,29,19,0.0419,13.0995,,0.0419,0.1429,19,False,isi>0.02;n_spikes<100;fr<0.2;presence<0.8;firing_rate_qm_low;num_spikes_qm_low
HG,202,HG_unit202,27,19,0.0419,11.2206,,0.0419,0.0,19,False,isi>0.02;n_spikes<100;fr<0.2;presence<0.8;firing_rate_qm_low;num_spikes_qm_low
HG,203,HG_unit203,22,27,0.0595,13.4512,,0.0595,0.0,27,False,isi>0.02;n_spikes<100;fr<0.2;presence<0.8;firing_rate_qm_low;num_spikes_qm_low
HG,204,HG_unit204,22,60,0.1323,9.9069,,0.1323,0.4286,60,False,isi>0.02;n_spikes<100;fr<0.2;presence<0.8;firing_rate_qm_low;num_spikes_qm_low
HG,205,HG_unit205,19,19,0.0419,14.1615,,0.0419,0.0,19,False,isi>0.02;n_spikes<100;fr<0.2;presence<0.8;firing_rate_qm_low;num_spikes_qm_low
HG,206,HG_unit206,22,10,0.022,34.9059,,0.022,0.0,10,False,isi>0.02;n_spikes<100;fr<0.2;presence<0.8;firing_rate_qm_low;num_spikes_qm_low
HG,207,HG_unit207,29,34,0.075,7.1752,,0.075,0.1429,34,False,isi>0.02;n_spikes<100;fr<0.2;presence<0.8;firing_rate_qm_low;num_spikes_qm_low
HG,208,HG_unit208,20,18,0.0397,11.2823,,0.0397,0.1429,18,False,isi>0.02;n_spikes<100;fr<0.2;presence<0.8;firing_rate_qm_low;num_spikes_qm_low
HG,209,HG_unit209,19,79,0.1742,11.6445,,0.1742,0.1429,79,False,isi>0.02;n_spikes<100;fr<0.2;presence<0.8;firing_rate_qm_low;num_spikes_qm_low
HG,210,HG_unit210,31,26,0.0573,11.9561,,0.0573,0.1429,26,False,isi>0.02;n_spikes<100;fr<0.2;presence<0.8;firing_rate_qm_low;num_spikes_qm_low
HG,211,HG_unit211,19,30,0.0661,7.1697,,0.0661,0.1429,30,False,isi>0.02;n_spikes<100;fr<0.2;presence<0.8;firing_rate_qm_low;num_spikes_qm_low
HG,212,HG_unit212,22,26,0.0573,16.7059,,0.0573,0.1429,26,False,isi>0.02;n_spikes<100;fr<0.2;presence<0.8;firing_rate_qm_low;num_spikes_qm_low
HG,213,HG_unit213,19,36,0.0794,7.3949,,0.0794,0.1429,36,False,isi>0.02;n_spikes<100;fr<0.2;presence<0.8;firing_rate_qm_low;num_spikes_qm_low
HG,214,HG_unit214,24,55,0.1213,10.2521,,0.1213,0.0,55,False,isi>0.02;n_spikes<100;fr<0.2;presence<0.8;firing_rate_qm_low;num_spikes_qm_low
HG,215,HG_unit215,24,36,0.0794,19.8938,,0.0794,0.1429,36,False,isi>0.02;n_spikes<100;fr<0.2;presence<0.8;firing_rate_qm_low;num_spikes_qm_low
HG,216,HG_unit216,24,48,0.1058,16.2191,,0.1058,0.1429,48,False,isi>0.02;n_spikes<100;fr<0.2;presence<0.8;firing_rate_qm_low;num_spikes_qm_low
HG,217,HG_unit217,23,168,0.3704,8.5191,,0.3704,0.5714,168,False,isi>0.02;presence<0.8
HG,218,HG_unit218,23,75,0.1653,8.9092,,0.1653,0.2857,75,False,isi>0.02;n_spikes<100;fr<0.2;presence<0.8;firing_rate_qm_low;num_spikes_qm_low
HG,219,HG_unit219,22,40,0.0882,15.7175,,0.0882,0.1429,40,False,isi>0.02;n_spikes<100;fr<0.2;presence<0.8;firing_rate_qm_low;num_spikes_qm_low
HG,220,HG_unit220,23,27,0.0595,8.3194,,0.0595,0.1429,27,False,isi>0.02;n_spikes<100;fr<0.2;presence<0.8;firing_rate_qm_low;num_spikes_qm_low
HG,221,HG_unit221,23,169,0.3726,9.2472,,0.3726,0.5714,169,False,isi>0.02;presence<0.8
HG,222,HG_unit222,27,39,0.086,14.9002,,0.086,0.1429,39,False,isi>0.02;n_spikes<100;fr<0.2;presence<0.8;firing_rate_qm_low;num_spikes_qm_low
HG,223,HG_unit223,23,61,0.1345,10.1688,,0.1345,0.1429,61,False,isi>0.02;n_spikes<100;fr<0.2;presence<0.8;firing_rate_qm_low;num_spikes_qm_low
HG,224,HG_unit224,23,48,0.1058,13.37,,0.1058,0.1429,48,False,isi>0.02;n_spikes<100;fr<0.2;presence<0.8;firing_rate_qm_low;num_spikes_qm_low
HG,225,HG_unit225,24,15,0.0331,7.5015,,0.0331,0.1429,15,False,isi>0.02;n_spikes<100;fr<0.2;presence<0.8;firing_rate_qm_low;num_spikes_qm_low
HG,226,HG_unit226,23,70,0.1543,12.221,,0.1543,0.1429,70,False,isi>0.02;n_spikes<100;fr<0.2;presence<0.8;firing_rate_qm_low;num_spikes_qm_low
HG,227,HG_unit227,23,65,0.1433,17.6034,,0.1433,0.1429,65,False,isi>0.02;n_spikes<100;fr<0.2;presence<0.8;firing_rate_qm_low;num_spikes_qm_low
HG,228,HG_unit228,23,32,0.0705,13.84,,0.0705,0.1429,32,False,isi>0.02;n_spikes<100;fr<0.2;presence<0.8;firing_rate_qm_low;num_spikes_qm_low
HG,229,HG_unit229,19,39,0.086,6.6619,,0.086,0.1429,39,False,isi>0.02;n_spikes<100;fr<0.2;presence<0.8;firing_rate_qm_low;num_spikes_qm_low
HG,230,HG_unit230,23,20,0.0441,11.2686,,0.0441,0.1429,20,False,isi>0.02;n_spikes<100;fr<0.2;presence<0.8;firing_rate_qm_low;num_spikes_qm_low
HG,231,HG_unit231,23,15,0.0331,17.032,,0.0331,0.1429,15,False,isi>0.02;n_spikes<100;fr<0.2;presence<0.8;firing_rate_qm_low;num_spikes_qm_low
HG,232,HG_unit232,19,29,0.0639,9.7558,,0.0639,0.0,29,False,isi>0.02;n_spikes<100;fr<0.2;presence<0.8;firing_rate_qm_low;num_spikes_qm_low
HG,233,HG_unit233,23,47,0.1036,13.966,,0.1036,0.1429,47,False,isi>0.02;n_spikes<100;fr<0.2;presence<0.8;firing_rate_qm_low;num_spikes_qm_low
HG,234,HG_unit234,23,17,0.0375,12.8907,,0.0375,0.1429,17,False,isi>0.02;n_spikes<100;fr<0.2;presence<0.8;firing_rate_qm_low;num_spikes_qm_low
HG,235,HG_unit235,29,30,0.0661,8.0236,,0.0661,0.0,30,False,isi>0.02;n_spikes<100;fr<0.2;presence<0.8;firing_rate_qm_low;num_spikes_qm_low
HG,236,HG_unit236,23,36,0.0794,25.1302,,0.0794,0.1429,36,False,isi>0.02;n_spikes<100;fr<0.2;presence<0.8;firing_rate_qm_low;num_spikes_qm_low
HG,237,HG_unit237,23,34,0.075,15.9383,,0.075,0.0,34,False,isi>0.02;n_spikes<100;fr<0.2;presence<0.8;firing_rate_qm_low;num_spikes_qm_low
HG,238,HG_unit238,23,13,0.0287,15.4529,,0.0287,0.1429,13,False,isi>0.02;n_spikes<100;fr<0.2;presence<0.8;firing_rate_qm_low;num_spikes_qm_low
HG,239,HG_unit239,23,19,0.0419,7.8524,,0.0419,0.0,19,False,isi>0.02;n_spikes<100;fr<0.2;presence<0.8;firing_rate_qm_low;num_spikes_qm_low
HG,240,HG_unit240,23,24,0.0529,10.0797,,0.0529,0.0,24,False,isi>0.02;n_spikes<100;fr<0.2;presence<0.8;firing_rate_qm_low;num_spikes_qm_low
HG,241,HG_unit241,23,25,0.0551,10.5682,,0.0551,0.0,25,False,isi>0.02;n_spikes<100;fr<0.2;presence<0.8;firing_rate_qm_low;num_spikes_qm_low
HG,242,HG_unit242,23,59,0.1301,8.6573,,0.1301,0.2857,59,False,isi>0.02;n_spikes<100;fr<0.2;presence<0.8;firing_rate_qm_low;num_spikes_qm_low
HG,243,HG_unit243,23,26,0.0573,16.2639,,0.0573,0.1429,26,False,isi>0.02;n_spikes<100;fr<0.2;presence<0.8;firing_rate_qm_low;num_spikes_qm_low
HG,244,HG_unit244,24,23,0.0507,8.5561,,0.0507,0.1429,23,False,isi>0.02;n_spikes<100;fr<0.2;presence<0.8;firing_rate_qm_low;num_spikes_qm_low
HG,245,HG_unit245,23,22,0.0485,13.5912,,0.0485,0.0,22,False,isi>0.02;n_spikes<100;fr<0.2;presence<0.8;firing_rate_qm_low;num_spikes_qm_low
HG,246,HG_unit246,23,27,0.0595,19.0289,,0.0595,0.1429,27,False,isi>0.02;n_spikes<100;fr<0.2;presence<0.8;firing_rate_qm_low;num_spikes_qm_low
HG,247,HG_unit247,23,52,0.1146,10.6941,,0.1146,0.1429,52,False,isi>0.02;n_spikes<100;fr<0.2;presence<0.8;firing_rate_qm_low;num_spikes_qm_low
HG,248,HG_unit248,23,48,0.1058,8.2917,,0.1058,0.1429,48,False,isi>0.02;n_spikes<100;fr<0.2;presence<0.8;firing_rate_qm_low;num_spikes_qm_low
HG,249,HG_unit249,19,22,0.0485,7.6379,,0.0485,0.1429,22,False,isi>0.02;n_spikes<100;fr<0.2;presence<0.8;firing_rate_qm_low;num_spikes_qm_low
HG,250,HG_unit250,23,53,0.1168,16.7862,,0.1168,0.1429,53,False,isi>0.02;n_spikes<100;fr<0.2;presence<0.8;firing_rate_qm_low;num_spikes_qm_low
HG,251,HG_unit251,27,21,0.0463,16.2103,,0.0463,0.1429,21,False,isi>0.02;n_spikes<100;fr<0.2;presence<0.8;firing_rate_qm_low;num_spikes_qm_low
HG,252,HG_unit252,27,16,0.0353,11.7503,,0.0353,0.1429,16,False,isi>0.02;n_spikes<100;fr<0.2;presence<0.8;firing_rate_qm_low;num_spikes_qm_low
HG,253,HG_unit253,23,22,0.0485,7.2656,,0.0485,0.2857,22,False,isi>0.02;n_spikes<100;fr<0.2;presence<0.8;firing_rate_qm_low;num_spikes_qm_low
HG,254,HG_unit254,23,78,0.172,8.5498,,0.172,0.4286,78,False,isi>0.02;n_spikes<100;fr<0.2;presence<0.8;firing_rate_qm_low;num_spikes_qm_low
HG,255,HG_unit255,23,195,0.4299,9.5052,,0.4299,0.5714,195,False,isi>0.02;presence<0.8
HG,256,HG_unit256,19,79,0.1742,7.7446,,0.1742,0.2857,79,False,isi>0.02;n_spikes<100;fr<0.2;presence<0.8;firing_rate_qm_low;num_spikes_qm_low
HG,257,HG_unit257,23,29,0.0639,16.9398,,0.0639,0.0,29,False,isi>0.02;n_spikes<100;fr<0.2;presence<0.8;firing_rate_qm_low;num_spikes_qm_low
HG,258,HG_unit258,23,13,0.0287,16.4974,,0.0287,0.1429,13,False,isi>0.02;n_spikes<100;fr<0.2;presence<0.8;firing_rate_qm_low;num_spikes_qm_low
HG,259,HG_unit259,23,70,0.1543,8.8109,,0.1543,0.2857,70,False,isi>0.02;n_spikes<100;fr<0.2;presence<0.8;firing_rate_qm_low;num_spikes_qm_low
HG,260,HG_unit260,23,107,0.2359,7.7172,,0.2359,0.5714,107,False,isi>0.02;presence<0.8
HG,261,HG_unit261,23,246,0.5423,8.0337,,0.5423,0.7143,246,False,isi>0.02;presence<0.8
HG,262,HG_unit262,19,15,0.0331,7.2309,,0.0331,0.1429,15,False,isi>0.02;n_spikes<100;fr<0.2;presence<0.8;firing_rate_qm_low;num_spikes_qm_low
HG,263,HG_unit263,27,20,0.0441,13.261,,0.0441,0.1429,20,False,isi>0.02;n_spikes<100;fr<0.2;presence<0.8;firing_rate_qm_low;num_spikes_qm_low
HG,264,HG_unit264,23,46,0.1014,11.3823,,0.1014,0.1429,46,False,isi>0.02;n_spikes<100;fr<0.2;presence<0.8;firing_rate_qm_low;num_spikes_qm_low
HG,265,HG_unit265,19,34,0.075,7.8394,,0.075,0.1429,34,False,isi>0.02;n_spikes<100;fr<0.2;presence<0.8;firing_rate_qm_low;num_spikes_qm_low
HG,266,HG_unit266,23,10,0.022,10.1688,,0.022,0.1429,10,False,isi>0.02;n_spikes<100;fr<0.2;presence<0.8;firing_rate_qm_low;num_spikes_qm_low
HG,267,HG_unit267,23,147,0.3241,8.5283,,0.3241,0.5714,147,False,isi>0.02;presence<0.8
HG,268,HG_unit268,23,47,0.1036,9.0505,,0.1036,0.1429,47,False,isi>0.02;n_spikes<100;fr<0.2;presence<0.8;firing_rate_qm_low;num_spikes_qm_low
HG,269,HG_unit269,23,37,0.0816,14.1872,,0.0816,0.1429,37,False,isi>0.02;n_spikes<100;fr<0.2;presence<0.8;firing_rate_qm_low;num_spikes_qm_low
HG,270,HG_unit270,27,14,0.0309,12.2549,,0.0309,0.1429,14,False,isi>0.02;n_spikes<100;fr<0.2;presence<0.8;firing_rate_qm_low;num_spikes_qm_low
HG,271,HG_unit271,27,20,0.0441,11.8725,,0.0441,0.1429,20,False,isi>0.02;n_spikes<100;fr<0.2;presence<0.8;firing_rate_qm_low;num_spikes_qm_low
HG,272,HG_unit272,27,38,0.0838,8.8104,,0.0838,0.1429,38,False,isi>0.02;n_spikes<100;fr<0.2;presence<0.8;firing_rate_qm_low;num_spikes_qm_low
HG,273,HG_unit273,20,27,0.0595,6.4043,,0.0595,0.1429,27,False,isi>0.02;n_spikes<100;fr<0.2;presence<0.8;firing_rate_qm_low;num_spikes_qm_low
HG,274,HG_unit274,20,81,0.1786,9.9177,,0.1786,0.1429,81,False,isi>0.02;n_spikes<100;fr<0.2;presence<0.8;firing_rate_qm_low;num_spikes_qm_low
HG,275,HG_unit275,24,91,0.2006,17.8724,,0.2006,0.1429,91,False,isi>0.02;n_spikes<100;presence<0.8;num_spikes_qm_low
HG,276,HG_unit276,24,387,0.8532,10.0669,,0.8532,0.4286,387,False,isi>0.02;presence<0.8
HG,277,HG_unit277,24,2761,6.0868,7.8863,,6.0868,0.5714,2761,False,isi>0.02;presence<0.8
HG,278,HG_unit278,19,62,0.1367,4.5598,,0.1367,0.1429,62,False,snr<5.0;isi>0.02;n_spikes<100;fr<0.2;presence<0.8;firing_rate_qm_low;num_spikes_qm_low
HG,279,HG_unit279,24,210,0.463,11.5206,,0.463,0.2857,210,False,isi>0.02;presence<0.8
HG,280,HG_unit280,27,124,0.2734,11.0075,,0.2734,0.2857,124,False,isi>0.02;presence<0.8
HG,281,HG_unit281,24,752,1.6578,8.1001,,1.6578,0.2857,752,False,isi>0.02;presence<0.8
HG,282,HG_unit282,24,141,0.3108,14.181,,0.3108,0.1429,141,False,isi>0.02;presence<0.8
HG,283,HG_unit283,24,750,1.6534,8.0478,,1.6534,0.5714,750,False,isi>0.02;presence<0.8
HG,284,HG_unit284,24,206,0.4541,7.3922,,0.4541,0.4286,206,False,isi>0.02;presence<0.8
HG,285,HG_unit285,24,115,0.2535,8.6274,,0.2535,0.1429,115,False,isi>0.02;presence<0.8
HG,286,HG_unit286,24,788,1.7372,7.9789,,1.7372,0.4286,788,False,isi>0.02;presence<0.8
HG,287,HG_unit287,24,220,0.485,7.5917,,0.485,0.2857,220,False,isi>0.02;presence<0.8
HG,288,HG_unit288,24,168,0.3704,10.2426,,0.3704,0.1429,168,False,isi>0.02;presence<0.8
HG,289,HG_unit289,24,703,1.5498,9.6369,,1.5498,0.4286,703,False,isi>0.02;presence<0.8
HG,290,HG_unit290,26,17,0.0375,16.4731,,0.0375,0.4286,17,False,isi>0.02;n_spikes<100;fr<0.2;presence<0.8;firing_rate_qm_low;num_spikes_qm_low
HG,291,HG_unit291,26,29,0.0639,15.0247,,0.0639,0.5714,29,False,isi>0.02;n_spikes<100;fr<0.2;presence<0.8;firing_rate_qm_low;num_spikes_qm_low
HG,292,HG_unit292,27,69,0.1521,25.2119,,0.1521,0.1429,69,False,isi>0.02;n_spikes<100;fr<0.2;presence<0.8;firing_rate_qm_low;num_spikes_qm_low
HG,293,HG_unit293,27,22,0.0485,24.6759,,0.0485,0.1429,22,False,isi>0.02;n_spikes<100;fr<0.2;presence<0.8;firing_rate_qm_low;num_spikes_qm_low
HG,294,HG_unit294,27,106,0.2337,13.8126,,0.2337,0.5714,106,False,isi>0.02;presence<0.8
HG,295,HG_unit295,27,57,0.1257,12.0418,,0.1257,0.1429,57,False,isi>0.02;n_spikes<100;fr<0.2;presence<0.8;firing_rate_qm_low;num_spikes_qm_low
HG,296,HG_unit296,27,44,0.097,14.1041,,0.097,0.1429,44,False,isi>0.02;n_spikes<100;fr<0.2;presence<0.8;firing_rate_qm_low;num_spikes_qm_low
HG,297,HG_unit297,27,61,0.1345,26.4906,,0.1345,0.1429,61,False,isi>0.02;n_spikes<100;fr<0.2;presence<0.8;firing_rate_qm_low;num_spikes_qm_low
HG,298,HG_unit298,27,43,0.0948,19.238,,0.0948,0.1429,43,False,isi>0.02;n_spikes<100;fr<0.2;presence<0.8;firing_rate_qm_low;num_spikes_qm_low
HG,299,HG_unit299,27,16,0.0353,17.0472,,0.0353,0.1429,16,False,isi>0.02;n_spikes<100;fr<0.2;presence<0.8;firing_rate_qm_low;num_spikes_qm_low
HG,300,HG_unit300,27,140,0.3086,13.424,,0.3086,0.2857,140,False,isi>0.02;presence<0.8
HG,301,HG_unit301,27,15,0.0331,23.0116,,0.0331,0.1429,15,False,isi>0.02;n_spikes<100;fr<0.2;presence<0.8;firing_rate_qm_low;num_spikes_qm_low
HG,302,HG_unit302,27,59,0.1301,18.561,,0.1301,0.1429,59,False,isi>0.02;n_spikes<100;fr<0.2;presence<0.8;firing_rate_qm_low;num_spikes_qm_low
HG,303,HG_unit303,27,24,0.0529,28.7943,,0.0529,0.1429,24,False,isi>0.02;n_spikes<100;fr<0.2;presence<0.8;firing_rate_qm_low;num_spikes_qm_low
HG,304,HG_unit304,27,20,0.0441,23.7827,,0.0441,0.0,20,False,isi>0.02;n_spikes<100;fr<0.2;presence<0.8;firing_rate_qm_low;num_spikes_qm_low
HG,305,HG_unit305,27,11,0.0243,32.4959,,0.0243,0.1429,11,False,isi>0.02;n_spikes<100;fr<0.2;presence<0.8;firing_rate_qm_low;num_spikes_qm_low
HG,306,HG_unit306,27,27,0.0595,29.3867,,0.0595,0.1429,27,False,isi>0.02;n_spikes<100;fr<0.2;presence<0.8;firing_rate_qm_low;num_spikes_qm_low
HG,307,HG_unit307,27,37,0.0816,18.9497,,0.0816,0.2857,37,False,isi>0.02;n_spikes<100;fr<0.2;presence<0.8;firing_rate_qm_low;num_spikes_qm_low
HG,308,HG_unit308,27,20,0.0441,35.9623,,0.0441,0.0,20,False,isi>0.02;n_spikes<100;fr<0.2;presence<0.8;firing_rate_qm_low;num_spikes_qm_low
HG,309,HG_unit309,27,47,0.1036,22.2782,,0.1036,0.1429,47,False,isi>0.02;n_spikes<100;fr<0.2;presence<0.8;firing_rate_qm_low;num_spikes_qm_low
HG,310,HG_unit310,27,131,0.2888,24.6602,,0.2888,0.0,131,False,isi>0.02;presence<0.8
HG,311,HG_unit311,27,153,0.3373,15.2826,,0.3373,0.4286,153,False,isi>0.02;presence<0.8
HG,312,HG_unit312,27,25,0.0551,39.3787,,0.0551,0.0,25,False,isi>0.02;n_spikes<100;fr<0.2;presence<0.8;firing_rate_qm_low;num_spikes_qm_low
HG,313,HG_unit313,27,19,0.0419,35.4421,,0.0419,0.0,19,False,isi>0.02;n_spikes<100;fr<0.2;presence<0.8;firing_rate_qm_low;num_spikes_qm_low
HG,314,HG_unit314,27,17,0.0375,32.3392,,0.0375,0.0,17,False,isi>0.02;n_spikes<100;fr<0.2;presence<0.8;firing_rate_qm_low;num_spikes_qm_low
HG,315,HG_unit315,27,61,0.1345,18.1724,,0.1345,0.1429,61,False,isi>0.02;n_spikes<100;fr<0.2;presence<0.8;firing_rate_qm_low;num_spikes_qm_low
HG,316,HG_unit316,27,27,0.0595,18.3792,,0.0595,0.1429,27,False,isi>0.02;n_spikes<100;fr<0.2;presence<0.8;firing_rate_qm_low;num_spikes_qm_low
HG,317,HG_unit317,31,49,0.108,20.8658,,0.108,0.1429,49,False,isi>0.02;n_spikes<100;fr<0.2;presence<0.8;firing_rate_qm_low;num_spikes_qm_low
HG,318,HG_unit318,19,11,0.0243,10.0245,,0.0243,0.1429,11,False,isi>0.02;n_spikes<100;fr<0.2;presence<0.8;firing_rate_qm_low;num_spikes_qm_low
HG,319,HG_unit319,28,17,0.0375,12.9594,,0.0375,0.2857,17,False,isi>0.02;n_spikes<100;fr<0.2;presence<0.8;firing_rate_qm_low;num_spikes_qm_low
HG,320,HG_unit320,24,64,0.1411,7.195,,0.1411,0.2857,64,False,isi>0.02;n_spikes<100;fr<0.2;presence<0.8;firing_rate_qm_low;num_spikes_qm_low
HG,321,HG_unit321,28,51,0.1124,10.2123,,0.1124,0.2857,51,False,isi>0.02;n_spikes<100;fr<0.2;presence<0.8;firing_rate_qm_low;num_spikes_qm_low
HG,322,HG_unit322,20,10,0.022,17.3682,,0.022,0.1429,10,False,isi>0.02;n_spikes<100;fr<0.2;presence<0.8;firing_rate_qm_low;num_spikes_qm_low
HG,323,HG_unit323,19,24,0.0529,8.0449,,0.0529,0.1429,24,False,isi>0.02;n_spikes<100;fr<0.2;presence<0.8;firing_rate_qm_low;num_spikes_qm_low
HG,324,HG_unit324,28,117,0.2579,8.5578,,0.2579,1.0,117,False,isi>0.02
HG,325,HG_unit325,28,45,0.0992,9.2307,,0.0992,0.1429,45,False,isi>0.02;n_spikes<100;fr<0.2;presence<0.8;firing_rate_qm_low;num_spikes_qm_low
HG,326,HG_unit326,28,137,0.302,8.4945,,0.302,0.2857,137,False,isi>0.02;presence<0.8
HG,327,HG_unit327,30,23,0.0507,10.0853,,0.0507,0.1429,23,False,isi>0.02;n_spikes<100;fr<0.2;presence<0.8;firing_rate_qm_low;num_spikes_qm_low
HG,328,HG_unit328,19,42,0.0926,10.0126,,0.0926,0.2857,42,False,isi>0.02;n_spikes<100;fr<0.2;presence<0.8;firing_rate_qm_low;num_spikes_qm_low
HG,329,HG_unit329,19,46,0.1014,8.4756,,0.1014,0.1429,46,False,isi>0.02;n_spikes<100;fr<0.2;presence<0.8;firing_rate_qm_low;num_spikes_qm_low
HG,330,HG_unit330,27,11,0.0243,17.4828,,0.0243,0.1429,11,False,isi>0.02;n_spikes<100;fr<0.2;presence<0.8;firing_rate_qm_low;num_spikes_qm_low
HG,331,HG_unit331,31,33,0.0728,17.0438,,0.0728,0.1429,33,False,isi>0.02;n_spikes<100;fr<0.2;presence<0.8;firing_rate_qm_low;num_spikes_qm_low
HG,332,HG_unit332,28,20,0.0441,12.045,,0.0441,0.1429,20,False,isi>0.02;n_spikes<100;fr<0.2;presence<0.8;firing_rate_qm_low;num_spikes_qm_low
HG,333,HG_unit333,24,20,0.0441,19.7014,,0.0441,0.1429,20,False,isi>0.02;n_spikes<100;fr<0.2;presence<0.8;firing_rate_qm_low;num_spikes_qm_low
HG,334,HG_unit334,19,37,0.0816,12.7588,,0.0816,0.1429,37,False,isi>0.02;n_spikes<100;fr<0.2;presence<0.8;firing_rate_qm_low;num_spikes_qm_low
HG,335,HG_unit335,27,19,0.0419,26.5909,,0.0419,0.0,19,False,isi>0.02;n_spikes<100;fr<0.2;presence<0.8;firing_rate_qm_low;num_spikes_qm_low
HG,336,HG_unit336,28,86,0.1896,16.4545,,0.1896,0.1429,86,False,isi>0.02;n_spikes<100;fr<0.2;presence<0.8;firing_rate_qm_low;num_spikes_qm_low
HG,337,HG_unit337,24,49,0.108,8.6891,,0.108,0.2857,49,False,isi>0.02;n_spikes<100;fr<0.2;presence<0.8;firing_rate_qm_low;num_spikes_qm_low
HG,338,HG_unit338,19,40,0.0882,11.2435,,0.0882,0.0,40,False,isi>0.02;n_spikes<100;fr<0.2;presence<0.8;firing_rate_qm_low;num_spikes_qm_low
HG,339,HG_unit339,28,43,0.0948,8.3836,,0.0948,0.0,43,False,isi>0.02;n_spikes<100;fr<0.2;presence<0.8;firing_rate_qm_low;num_spikes_qm_low
HG,340,HG_unit340,19,20,0.0441,9.1098,,0.0441,0.0,20,False,isi>0.02;n_spikes<100;fr<0.2;presence<0.8;firing_rate_qm_low;num_spikes_qm_low
HG,341,HG_unit341,19,42,0.0926,9.6096,,0.0926,0.2857,42,False,isi>0.02;n_spikes<100;fr<0.2;presence<0.8;firing_rate_qm_low;num_spikes_qm_low
HG,342,HG_unit342,24,15,0.0331,5.0643,,0.0331,0.0,15,False,isi>0.02;n_spikes<100;fr<0.2;presence<0.8;firing_rate_qm_low;num_spikes_qm_low
HG,343,HG_unit343,23,20,0.0441,6.8417,,0.0441,0.1429,20,False,isi>0.02;n_spikes<100;fr<0.2;presence<0.8;firing_rate_qm_low;num_spikes_qm_low
HG,344,HG_unit344,28,58,0.1279,7.7543,,0.1279,0.5714,58,False,isi>0.02;n_spikes<100;fr<0.2;presence<0.8;firing_rate_qm_low;num_spikes_qm_low
HG,345,HG_unit345,28,16,0.0353,7.4257,,0.0353,0.1429,16,False,isi>0.02;n_spikes<100;fr<0.2;presence<0.8;firing_rate_qm_low;num_spikes_qm_low
HG,346,HG_unit346,19,68,0.1499,6.9543,,0.1499,0.0,68,False,isi>0.02;n_spikes<100;fr<0.2;presence<0.8;firing_rate_qm_low;num_spikes_qm_low
HG,347,HG_unit347,23,21,0.0463,6.9308,,0.0463,0.1429,21,False,isi>0.02;n_spikes<100;fr<0.2;presence<0.8;firing_rate_qm_low;num_spikes_qm_low
HG,348,HG_unit348,28,101,0.2227,8.2411,,0.2227,0.2857,101,False,isi>0.02;presence<0.8
HG,349,HG_unit349,29,22,0.0485,5.1899,,0.0485,0.2857,22,False,isi>0.02;n_spikes<100;fr<0.2;presence<0.8;firing_rate_qm_low;num_spikes_qm_low
HG,350,HG_unit350,19,33,0.0728,5.8479,,0.0728,0.1429,33,False,isi>0.02;n_spikes<100;fr<0.2;presence<0.8;firing_rate_qm_low;num_spikes_qm_low
HG,351,HG_unit351,19,71,0.1565,5.7413,,0.1565,0.2857,71,False,isi>0.02;n_spikes<100;fr<0.2;presence<0.8;firing_rate_qm_low;num_spikes_qm_low
HG,352,HG_unit352,31,11,0.0243,16.3669,,0.0243,0.1429,11,False,isi>0.02;n_spikes<100;fr<0.2;presence<0.8;firing_rate_qm_low;num_spikes_qm_low
HG,353,HG_unit353,19,56,0.1235,8.033,,0.1235,0.1429,56,False,isi>0.02;n_spikes<100;fr<0.2;presence<0.8;firing_rate_qm_low;num_spikes_qm_low
HG,354,HG_unit354,27,12,0.0265,6.3343,,0.0265,0.0,12,False,isi>0.02;n_spikes<100;fr<0.2;presence<0.8;firing_rate_qm_low;num_spikes_qm_low
HG,355,HG_unit355,28,27,0.0595,11.7561,,0.0595,0.1429,27,False,isi>0.02;n_spikes<100;fr<0.2;presence<0.8;firing_rate_qm_low;num_spikes_qm_low
HG,356,HG_unit356,31,30,0.0661,16.6983,,0.0661,0.2857,30,False,isi>0.02;n_spikes<100;fr<0.2;presence<0.8;firing_rate_qm_low;num_spikes_qm_low
HG,357,HG_unit357,19,52,0.1146,7.4403,,0.1146,0.2857,52,False,isi>0.02;n_spikes<100;fr<0.2;presence<0.8;firing_rate_qm_low;num_spikes_qm_low
HG,358,HG_unit358,19,55,0.1213,7.6616,,0.1213,0.1429,55,False,isi>0.02;n_spikes<100;fr<0.2;presence<0.8;firing_rate_qm_low;num_spikes_qm_low
HG,359,HG_unit359,20,68,0.1499,9.0087,,0.1499,0.1429,68,False,isi>0.02;n_spikes<100;fr<0.2;presence<0.8;firing_rate_qm_low;num_spikes_qm_low
HG,360,HG_unit360,28,103,0.2271,9.4919,,0.2271,0.2857,103,False,isi>0.02;presence<0.8
HG,361,HG_unit361,27,18,0.0397,10.1863,,0.0397,0.1429,18,False,isi>0.02;n_spikes<100;fr<0.2;presence<0.8;firing_rate_qm_low;num_spikes_qm_low
HG,362,HG_unit362,28,15,0.0331,10.0619,,0.0331,0.1429,15,False,isi>0.02;n_spikes<100;fr<0.2;presence<0.8;firing_rate_qm_low;num_spikes_qm_low
HG,363,HG_unit363,19,47,0.1036,8.7561,,0.1036,0.1429,47,False,isi>0.02;n_spikes<100;fr<0.2;presence<0.8;firing_rate_qm_low;num_spikes_qm_low
HG,364,HG_unit364,31,11,0.0243,14.3148,,0.0243,0.1429,11,False,isi>0.02;n_spikes<100;fr<0.2;presence<0.8;firing_rate_qm_low;num_spikes_qm_low
HG,365,HG_unit365,27,62,0.1367,14.4771,,0.1367,0.1429,62,False,isi>0.02;n_spikes<100;fr<0.2;presence<0.8;firing_rate_qm_low;num_spikes_qm_low
HG,366,HG_unit366,23,21,0.0463,16.5466,,0.0463,0.1429,21,False,isi>0.02;n_spikes<100;fr<0.2;presence<0.8;firing_rate_qm_low;num_spikes_qm_low
HG,367,HG_unit367,31,24,0.0529,20.5908,,0.0529,0.1429,24,False,isi>0.02;n_spikes<100;fr<0.2;presence<0.8;firing_rate_qm_low;num_spikes_qm_low
HG,368,HG_unit368,28,62,0.1367,11.8313,,0.1367,0.2857,62,False,isi>0.02;n_spikes<100;fr<0.2;presence<0.8;firing_rate_qm_low;num_spikes_qm_low
HG,369,HG_unit369,31,66,0.1455,17.1284,,0.1455,0.1429,66,False,isi>0.02;n_spikes<100;fr<0.2;presence<0.8;firing_rate_qm_low;num_spikes_qm_low
HG,370,HG_unit370,24,39,0.086,7.701,,0.086,0.1429,39,False,isi>0.02;n_spikes<100;fr<0.2;presence<0.8;firing_rate_qm_low;num_spikes_qm_low
HG,371,HG_unit371,29,28,0.0617,9.2356,,0.0617,0.1429,28,False,isi>0.02;n_spikes<100;fr<0.2;presence<0.8;firing_rate_qm_low;num_spikes_qm_low
HG,372,HG_unit372,27,13,0.0287,8.8135,,0.0287,0.1429,13,False,isi>0.02;n_spikes<100;fr<0.2;presence<0.8;firing_rate_qm_low;num_spikes_qm_low
HG,373,HG_unit373,19,43,0.0948,10.4473,,0.0948,0.1429,43,False,isi>0.02;n_spikes<100;fr<0.2;presence<0.8;firing_rate_qm_low;num_spikes_qm_low
HG,374,HG_unit374,28,28,0.0617,19.4312,,0.0617,0.1429,28,False,isi>0.02;n_spikes<100;fr<0.2;presence<0.8;firing_rate_qm_low;num_spikes_qm_low
HG,375,HG_unit375,31,11,0.0243,20.2805,,0.0243,0.1429,11,False,isi>0.02;n_spikes<100;fr<0.2;presence<0.8;firing_rate_qm_low;num_spikes_qm_low
HG,376,HG_unit376,29,32,0.0705,9.2695,,0.0705,0.1429,32,False,isi>0.02;n_spikes<100;fr<0.2;presence<0.8;firing_rate_qm_low;num_spikes_qm_low
HG,377,HG_unit377,29,25,0.0551,7.2624,,0.0551,0.1429,25,False,isi>0.02;n_spikes<100;fr<0.2;presence<0.8;firing_rate_qm_low;num_spikes_qm_low
HG,378,HG_unit378,29,23,0.0507,8.2514,,0.0507,0.2857,23,False,isi>0.02;n_spikes<100;fr<0.2;presence<0.8;firing_rate_qm_low;num_spikes_qm_low
HG,379,HG_unit379,29,27,0.0595,8.3193,,0.0595,0.1429,27,False,isi>0.02;n_spikes<100;fr<0.2;presence<0.8;firing_rate_qm_low;num_spikes_qm_low
HG,380,HG_unit380,29,23,0.0507,20.9049,,0.0507,0.1429,23,False,isi>0.02;n_spikes<100;fr<0.2;presence<0.8;firing_rate_qm_low;num_spikes_qm_low
HG,381,HG_unit381,29,25,0.0551,14.171,,0.0551,0.1429,25,False,isi>0.02;n_spikes<100;fr<0.2;presence<0.8;firing_rate_qm_low;num_spikes_qm_low
HG,382,HG_unit382,29,26,0.0573,6.8891,,0.0573,0.1429,26,False,isi>0.02;n_spikes<100;fr<0.2;presence<0.8;firing_rate_qm_low;num_spikes_qm_low
HG,383,HG_unit383,29,46,0.1014,9.3883,,0.1014,0.1429,46,False,isi>0.02;n_spikes<100;fr<0.2;presence<0.8;firing_rate_qm_low;num_spikes_qm_low
HG,384,HG_unit384,24,28,0.0617,9.3733,,0.0617,0.0,28,False,isi>0.02;n_spikes<100;fr<0.2;presence<0.8;firing_rate_qm_low;num_spikes_qm_low
HG,385,HG_unit385,29,12,0.0265,8.5157,,0.0265,0.1429,12,False,isi>0.02;n_spikes<100;fr<0.2;presence<0.8;firing_rate_qm_low;num_spikes_qm_low
HG,386,HG_unit386,29,33,0.0728,7.6163,,0.0728,0.0,33,False,isi>0.02;n_spikes<100;fr<0.2;presence<0.8;firing_rate_qm_low;num_spikes_qm_low
HG,387,HG_unit387,19,25,0.0551,7.4206,,0.0551,0.0,25,False,isi>0.02;n_spikes<100;fr<0.2;presence<0.8;firing_rate_qm_low;num_spikes_qm_low
HG,388,HG_unit388,29,10,0.022,10.7312,,0.022,0.0,10,False,isi>0.02;n_spikes<100;fr<0.2;presence<0.8;firing_rate_qm_low;num_spikes_qm_low
HG,389,HG_unit389,27,10,0.022,11.2582,,0.022,0.0,10,False,isi>0.02;n_spikes<100;fr<0.2;presence<0.8;firing_rate_qm_low;num_spikes_qm_low
HG,390,HG_unit390,29,96,0.2116,6.6176,,0.2116,0.4286,96,False,isi>0.02;n_spikes<100;presence<0.8;num_spikes_qm_low
HG,391,HG_unit391,29,50,0.1102,8.1133,,0.1102,0.4286,50,False,isi>0.02;n_spikes<100;fr<0.2;presence<0.8;firing_rate_qm_low;num_spikes_qm_low
HG,392,HG_unit392,19,28,0.0617,9.0307,,0.0617,0.1429,28,False,isi>0.02;n_spikes<100;fr<0.2;presence<0.8;firing_rate_qm_low;num_spikes_qm_low
HG,393,HG_unit393,29,46,0.1014,13.3177,,0.1014,0.1429,46,False,isi>0.02;n_spikes<100;fr<0.2;presence<0.8;firing_rate_qm_low;num_spikes_qm_low
HG,394,HG_unit394,29,13,0.0287,14.4958,,0.0287,0.1429,13,False,isi>0.02;n_spikes<100;fr<0.2;presence<0.8;firing_rate_qm_low;num_spikes_qm_low
HG,395,HG_unit395,19,24,0.0529,9.5069,,0.0529,0.0,24,False,isi>0.02;n_spikes<100;fr<0.2;presence<0.8;firing_rate_qm_low;num_spikes_qm_low
HG,396,HG_unit396,29,14,0.0309,9.558,,0.0309,0.2857,14,False,isi>0.02;n_spikes<100;fr<0.2;presence<0.8;firing_rate_qm_low;num_spikes_qm_low
HG,397,HG_unit397,29,19,0.0419,8.8962,,0.0419,0.1429,19,False,isi>0.02;n_spikes<100;fr<0.2;presence<0.8;firing_rate_qm_low;num_spikes_qm_low
HG,398,HG_unit398,24,12,0.0265,7.0478,,0.0265,0.1429,12,False,isi>0.02;n_spikes<100;fr<0.2;presence<0.8;firing_rate_qm_low;num_spikes_qm_low
HG,399,HG_unit399,29,25,0.0551,9.3326,,0.0551,0.2857,25,False,isi>0.02;n_spikes<100;fr<0.2;presence<0.8;firing_rate_qm_low;num_spikes_qm_low
HG,400,HG_unit400,29,59,0.1301,7.9169,,0.1301,0.1429,59,False,isi>0.02;n_spikes<100;fr<0.2;presence<0.8;firing_rate_qm_low;num_spikes_qm_low
HG,401,HG_unit401,29,61,0.1345,13.6134,,0.1345,0.0,61,False,isi>0.02;n_spikes<100;fr<0.2;presence<0.8;firing_rate_qm_low;num_spikes_qm_low
HG,402,HG_unit402,27,43,0.0948,14.919,,0.0948,0.1429,43,False,isi>0.02;n_spikes<100;fr<0.2;presence<0.8;firing_rate_qm_low;num_spikes_qm_low
HG,403,HG_unit403,29,38,0.0838,6.8673,,0.0838,0.0,38,False,isi>0.02;n_spikes<100;fr<0.2;presence<0.8;firing_rate_qm_low;num_spikes_qm_low
HG,404,HG_unit404,29,81,0.1786,16.1587,,0.1786,0.0,81,False,isi>0.02;n_spikes<100;fr<0.2;presence<0.8;firing_rate_qm_low;num_spikes_qm_low
HG,405,HG_unit405,29,53,0.1168,9.5992,,0.1168,0.1429,53,False,isi>0.02;n_spikes<100;fr<0.2;presence<0.8;firing_rate_qm_low;num_spikes_qm_low
HG,406,HG_unit406,29,87,0.1918,11.01,,0.1918,0.1429,87,False,isi>0.02;n_spikes<100;fr<0.2;presence<0.8;firing_rate_qm_low;num_spikes_qm_low
HG,407,HG_unit407,27,25,0.0551,12.4618,,0.0551,0.1429,25,False,isi>0.02;n_spikes<100;fr<0.2;presence<0.8;firing_rate_qm_low;num_spikes_qm_low
HG,408,HG_unit408,29,194,0.4277,10.7749,,0.4277,0.2857,194,False,isi>0.02;presence<0.8
HG,409,HG_unit409,29,120,0.2645,11.3688,,0.2645,0.1429,120,False,isi>0.02;presence<0.8
HG,410,HG_unit410,29,20,0.0441,14.7261,,0.0441,0.0,20,False,isi>0.02;n_spikes<100;fr<0.2;presence<0.8;firing_rate_qm_low;num_spikes_qm_low
HG,411,HG_unit411,29,59,0.1301,12.925,,0.1301,0.2857,59,False,isi>0.02;n_spikes<100;fr<0.2;presence<0.8;firing_rate_qm_low;num_spikes_qm_low
HG,412,HG_unit412,29,130,0.2866,7.5994,,0.2866,0.4286,130,False,isi>0.02;presence<0.8
HG,413,HG_unit413,29,73,0.1609,7.4903,,0.1609,1.0,73,False,isi>0.02;n_spikes<100;fr<0.2;firing_rate_qm_low;num_spikes_qm_low
HG,414,HG_unit414,29,50,0.1102,6.9352,,0.1102,0.2857,50,False,isi>0.02;n_spikes<100;fr<0.2;presence<0.8;firing_rate_qm_low;num_spikes_qm_low
HG,415,HG_unit415,29,17,0.0375,9.2744,,0.0375,0.1429,17,False,isi>0.02;n_spikes<100;fr<0.2;presence<0.8;firing_rate_qm_low;num_spikes_qm_low
HG,416,HG_unit416,29,29,0.0639,7.3933,,0.0639,0.1429,29,False,isi>0.02;n_spikes<100;fr<0.2;presence<0.8;firing_rate_qm_low;num_spikes_qm_low
HG,417,HG_unit417,29,46,0.1014,9.781,,0.1014,0.1429,46,False,isi>0.02;n_spikes<100;fr<0.2;presence<0.8;firing_rate_qm_low;num_spikes_qm_low
HG,418,HG_unit418,29,80,0.1764,8.4284,,0.1764,0.1429,80,False,isi>0.02;n_spikes<100;fr<0.2;presence<0.8;firing_rate_qm_low;num_spikes_qm_low
HG,419,HG_unit419,29,11,0.0243,6.8649,,0.0243,0.0,11,False,isi>0.02;n_spikes<100;fr<0.2;presence<0.8;firing_rate_qm_low;num_spikes_qm_low
HG,420,HG_unit420,29,22,0.0485,6.6782,,0.0485,0.1429,22,False,isi>0.02;n_spikes<100;fr<0.2;presence<0.8;firing_rate_qm_low;num_spikes_qm_low
HG,421,HG_unit421,29,39,0.086,7.1994,,0.086,0.1429,39,False,isi>0.02;n_spikes<100;fr<0.2;presence<0.8;firing_rate_qm_low;num_spikes_qm_low
HG,422,HG_unit422,19,19,0.0419,9.2619,,0.0419,0.1429,19,False,isi>0.02;n_spikes<100;fr<0.2;presence<0.8;firing_rate_qm_low;num_spikes_qm_low
HG,423,HG_unit423,29,22,0.0485,9.6719,,0.0485,0.1429,22,False,isi>0.02;n_spikes<100;fr<0.2;presence<0.8;firing_rate_qm_low;num_spikes_qm_low
HG,424,HG_unit424,27,17,0.0375,11.0702,,0.0375,0.0,17,False,isi>0.02;n_spikes<100;fr<0.2;presence<0.8;firing_rate_qm_low;num_spikes_qm_low
HG,425,HG_unit425,29,42,0.0926,11.0245,,0.0926,0.4286,42,False,isi>0.02;n_spikes<100;fr<0.2;presence<0.8;firing_rate_qm_low;num_spikes_qm_low
HG,426,HG_unit426,29,37,0.0816,16.6726,,0.0816,0.0,37,False,isi>0.02;n_spikes<100;fr<0.2;presence<0.8;firing_rate_qm_low;num_spikes_qm_low
HG,427,HG_unit427,30,59,0.1301,12.627,,0.1301,0.4286,59,False,isi>0.02;n_spikes<100;fr<0.2;presence<0.8;firing_rate_qm_low;num_spikes_qm_low
HG,428,HG_unit428,30,30,0.0661,8.6454,,0.0661,0.2857,30,False,isi>0.02;n_spikes<100;fr<0.2;presence<0.8;firing_rate_qm_low;num_spikes_qm_low
HG,429,HG_unit429,30,17,0.0375,14.6091,,0.0375,0.2857,17,False,isi>0.02;n_spikes<100;fr<0.2;presence<0.8;firing_rate_qm_low;num_spikes_qm_low
HG,430,HG_unit430,27,11,0.0243,11.9289,,0.0243,0.1429,11,False,isi>0.02;n_spikes<100;fr<0.2;presence<0.8;firing_rate_qm_low;num_spikes_qm_low
HG,431,HG_unit431,19,36,0.0794,5.1091,,0.0794,0.0,36,False,isi>0.02;n_spikes<100;fr<0.2;presence<0.8;firing_rate_qm_low;num_spikes_qm_low
HG,432,HG_unit432,27,34,0.075,6.6603,,0.075,0.1429,34,False,isi>0.02;n_spikes<100;fr<0.2;presence<0.8;firing_rate_qm_low;num_spikes_qm_low
HG,433,HG_unit433,30,36,0.0794,13.7405,,0.0794,0.2857,36,False,isi>0.02;n_spikes<100;fr<0.2;presence<0.8;firing_rate_qm_low;num_spikes_qm_low
HG,434,HG_unit434,30,44,0.097,13.8221,,0.097,0.1429,44,False,isi>0.02;n_spikes<100;fr<0.2;presence<0.8;firing_rate_qm_low;num_spikes_qm_low
HG,435,HG_unit435,19,44,0.097,5.8519,,0.097,0.1429,44,False,isi>0.02;n_spikes<100;fr<0.2;presence<0.8;firing_rate_qm_low;num_spikes_qm_low
HG,436,HG_unit436,27,51,0.1124,14.499,,0.1124,0.1429,51,False,isi>0.02;n_spikes<100;fr<0.2;presence<0.8;firing_rate_qm_low;num_spikes_qm_low
HG,437,HG_unit437,27,18,0.0397,14.0696,,0.0397,0.1429,18,False,isi>0.02;n_spikes<100;fr<0.2;presence<0.8;firing_rate_qm_low;num_spikes_qm_low
HG,438,HG_unit438,24,39,0.086,6.499,,0.086,0.0,39,False,isi>0.02;n_spikes<100;fr<0.2;presence<0.8;firing_rate_qm_low;num_spikes_qm_low
HG,439,HG_unit439,30,12,0.0265,10.5866,,0.0265,0.2857,12,False,isi>0.02;n_spikes<100;fr<0.2;presence<0.8;firing_rate_qm_low;num_spikes_qm_low
HG,440,HG_unit440,29,10,0.022,8.1811,,0.022,0.1429,10,False,isi>0.02;n_spikes<100;fr<0.2;presence<0.8;firing_rate_qm_low;num_spikes_qm_low
HG,441,HG_unit441,27,22,0.0485,11.8255,,0.0485,0.1429,22,False,isi>0.02;n_spikes<100;fr<0.2;presence<0.8;firing_rate_qm_low;num_spikes_qm_low
HG,442,HG_unit442,30,26,0.0573,12.0965,,0.0573,0.1429,26,False,isi>0.02;n_spikes<100;fr<0.2;presence<0.8;firing_rate_qm_low;num_spikes_qm_low
HG,443,HG_unit443,30,73,0.1609,9.8288,,0.1609,0.7143,73,False,isi>0.02;n_spikes<100;fr<0.2;presence<0.8;firing_rate_qm_low;num_spikes_qm_low
HG,444,HG_unit444,19,39,0.086,7.9421,,0.086,0.0,39,False,isi>0.02;n_spikes<100;fr<0.2;presence<0.8;firing_rate_qm_low;num_spikes_qm_low
HG,445,HG_unit445,24,36,0.0794,7.0193,,0.0794,0.0,36,False,isi>0.02;n_spikes<100;fr<0.2;presence<0.8;firing_rate_qm_low;num_spikes_qm_low
HG,446,HG_unit446,19,36,0.0794,7.225,,0.0794,0.0,36,False,isi>0.02;n_spikes<100;fr<0.2;presence<0.8;firing_rate_qm_low;num_spikes_qm_low
HG,447,HG_unit447,30,27,0.0595,22.0827,,0.0595,0.1429,27,False,isi>0.02;n_spikes<100;fr<0.2;presence<0.8;firing_rate_qm_low;num_spikes_qm_low
HG,448,HG_unit448,19,16,0.0353,12.1147,,0.0353,0.0,16,False,isi>0.02;n_spikes<100;fr<0.2;presence<0.8;firing_rate_qm_low;num_spikes_qm_low
HG,449,HG_unit449,20,30,0.0661,5.9707,,0.0661,0.1429,30,False,isi>0.02;n_spikes<100;fr<0.2;presence<0.8;firing_rate_qm_low;num_spikes_qm_low
HG,450,HG_unit450,29,30,0.0661,7.4976,,0.0661,0.1429,30,False,isi>0.02;n_spikes<100;fr<0.2;presence<0.8;firing_rate_qm_low;num_spikes_qm_low
HG,451,HG_unit451,27,35,0.0772,15.8217,,0.0772,0.1429,35,False,isi>0.02;n_spikes<100;fr<0.2;presence<0.8;firing_rate_qm_low;num_spikes_qm_low
HG,452,HG_unit452,30,61,0.1345,19.8791,,0.1345,0.1429,61,False,isi>0.02;n_spikes<100;fr<0.2;presence<0.8;firing_rate_qm_low;num_spikes_qm_low
HG,453,HG_unit453,19,15,0.0331,12.8457,,0.0331,0.1429,15,False,isi>0.02;n_spikes<100;fr<0.2;presence<0.8;firing_rate_qm_low;num_spikes_qm_low
HG,454,HG_unit454,27,31,0.0683,8.1177,,0.0683,0.1429,31,False,isi>0.02;n_spikes<100;fr<0.2;presence<0.8;firing_rate_qm_low;num_spikes_qm_low
HG,455,HG_unit455,30,21,0.0463,14.4925,,0.0463,0.1429,21,False,isi>0.02;n_spikes<100;fr<0.2;presence<0.8;firing_rate_qm_low;num_spikes_qm_low
HG,456,HG_unit456,20,28,0.0617,7.2276,,0.0617,0.0,28,False,isi>0.02;n_spikes<100;fr<0.2;presence<0.8;firing_rate_qm_low;num_spikes_qm_low
HG,457,HG_unit457,19,54,0.119,11.5359,,0.119,0.1429,54,False,isi>0.02;n_spikes<100;fr<0.2;presence<0.8;firing_rate_qm_low;num_spikes_qm_low
HG,458,HG_unit458,19,24,0.0529,10.3643,,0.0529,0.0,24,False,isi>0.02;n_spikes<100;fr<0.2;presence<0.8;firing_rate_qm_low;num_spikes_qm_low
HG,459,HG_unit459,20,16,0.0353,9.2366,,0.0353,0.0,16,False,isi>0.02;n_spikes<100;fr<0.2;presence<0.8;firing_rate_qm_low;num_spikes_qm_low
HG,460,HG_unit460,30,41,0.0904,17.7105,,0.0904,0.2857,41,False,isi>0.02;n_spikes<100;fr<0.2;presence<0.8;firing_rate_qm_low;num_spikes_qm_low
HG,461,HG_unit461,27,19,0.0419,15.2638,,0.0419,0.2857,19,False,isi>0.02;n_spikes<100;fr<0.2;presence<0.8;firing_rate_qm_low;num_spikes_qm_low
HG,462,HG_unit462,27,21,0.0463,14.4551,,0.0463,0.2857,21,False,isi>0.02;n_spikes<100;fr<0.2;presence<0.8;firing_rate_qm_low;num_spikes_qm_low
HG,463,HG_unit463,19,12,0.0265,14.0094,,0.0265,0.0,12,False,isi>0.02;n_spikes<100;fr<0.2;presence<0.8;firing_rate_qm_low;num_spikes_qm_low
HG,464,HG_unit464,19,18,0.0397,7.5213,,0.0397,0.0,18,False,isi>0.02;n_spikes<100;fr<0.2;presence<0.8;firing_rate_qm_low;num_spikes_qm_low
HG,465,HG_unit465,31,31,0.0683,12.8763,,0.0683,0.2857,31,False,isi>0.02;n_spikes<100;fr<0.2;presence<0.8;firing_rate_qm_low;num_spikes_qm_low
HG,466,HG_unit466,19,24,0.0529,8.8944,,0.0529,0.0,24,False,isi>0.02;n_spikes<100;fr<0.2;presence<0.8;firing_rate_qm_low;num_spikes_qm_low
HG,467,HG_unit467,31,66,0.1455,14.0151,,0.1455,0.4286,66,False,isi>0.02;n_spikes<100;fr<0.2;presence<0.8;firing_rate_qm_low;num_spikes_qm_low
HG,468,HG_unit468,31,47,0.1036,12.7494,,0.1036,0.1429,47,False,isi>0.02;n_spikes<100;fr<0.2;presence<0.8;firing_rate_qm_low;num_spikes_qm_low
HG,469,HG_unit469,27,39,0.086,7.6288,,0.086,0.2857,39,False,isi>0.02;n_spikes<100;fr<0.2;presence<0.8;firing_rate_qm_low;num_spikes_qm_low
HG,470,HG_unit470,27,27,0.0595,22.3785,,0.0595,0.1429,27,False,isi>0.02;n_spikes<100;fr<0.2;presence<0.8;firing_rate_qm_low;num_spikes_qm_low
HG,471,HG_unit471,27,20,0.0441,24.5537,,0.0441,0.1429,20,False,isi>0.02;n_spikes<100;fr<0.2;presence<0.8;firing_rate_qm_low;num_spikes_qm_low
HG,472,HG_unit472,31,49,0.108,12.6789,,0.108,0.2857,49,False,isi>0.02;n_spikes<100;fr<0.2;presence<0.8;firing_rate_qm_low;num_spikes_qm_low
HG,473,HG_unit473,27,70,0.1543,16.577,,0.1543,0.1429,70,False,isi>0.02;n_spikes<100;fr<0.2;presence<0.8;firing_rate_qm_low;num_spikes_qm_low
HG,474,HG_unit474,27,32,0.0705,25.1022,,0.0705,0.0,32,False,isi>0.02;n_spikes<100;fr<0.2;presence<0.8;firing_rate_qm_low;num_spikes_qm_low
HG,475,HG_unit475,31,35,0.0772,14.3219,,0.0772,0.1429,35,False,isi>0.02;n_spikes<100;fr<0.2;presence<0.8;firing_rate_qm_low;num_spikes_qm_low
HG,476,HG_unit476,31,69,0.1521,19.5824,,0.1521,0.1429,69,False,isi>0.02;n_spikes<100;fr<0.2;presence<0.8;firing_rate_qm_low;num_spikes_qm_low
HG,477,HG_unit477,31,22,0.0485,17.3753,,0.0485,0.0,22,False,isi>0.02;n_spikes<100;fr<0.2;presence<0.8;firing_rate_qm_low;num_spikes_qm_low
HG,478,HG_unit478,31,47,0.1036,13.8565,,0.1036,0.0,47,False,isi>0.02;n_spikes<100;fr<0.2;presence<0.8;firing_rate_qm_low;num_spikes_qm_low
HG,479,HG_unit479,24,19,0.0419,20.4948,,0.0419,0.0,19,False,isi>0.02;n_spikes<100;fr<0.2;presence<0.8;firing_rate_qm_low;num_spikes_qm_low
HG,480,HG_unit480,31,17,0.0375,23.9403,,0.0375,0.0,17,False,isi>0.02;n_spikes<100;fr<0.2;presence<0.8;firing_rate_qm_low;num_spikes_qm_low
HG,481,HG_unit481,31,38,0.0838,21.1972,,0.0838,0.1429,38,False,isi>0.02;n_spikes<100;fr<0.2;presence<0.8;firing_rate_qm_low;num_spikes_qm_low
HG,482,HG_unit482,31,279,0.6151,11.8538,,0.6151,0.7143,279,False,isi>0.02;presence<0.8
HG,483,HG_unit483,31,51,0.1124,11.0993,,0.1124,0.5714,51,False,isi>0.02;n_spikes<100;fr<0.2;presence<0.8;firing_rate_qm_low;num_spikes_qm_low
HG,484,HG_unit484,31,89,0.1962,17.4317,,0.1962,0.1429,89,False,isi>0.02;n_spikes<100;fr<0.2;presence<0.8;firing_rate_qm_low;num_spikes_qm_low
HG,485,HG_unit485,31,35,0.0772,13.1936,,0.0772,0.1429,35,False,isi>0.02;n_spikes<100;fr<0.2;presence<0.8;firing_rate_qm_low;num_spikes_qm_low
HG,486,HG_unit486,27,24,0.0529,8.7132,,0.0529,0.1429,24,False,isi>0.02;n_spikes<100;fr<0.2;presence<0.8;firing_rate_qm_low;num_spikes_qm_low
HG,487,HG_unit487,27,50,0.1102,17.0472,,0.1102,0.0,50,False,isi>0.02;n_spikes<100;fr<0.2;presence<0.8;firing_rate_qm_low;num_spikes_qm_low
HG,488,HG_unit488,31,27,0.0595,12.2558,,0.0595,0.1429,27,False,isi>0.02;n_spikes<100;fr<0.2;presence<0.8;firing_rate_qm_low;num_spikes_qm_low
HG,489,HG_unit489,31,46,0.1014,10.8701,,0.1014,0.2857,46,False,isi>0.02;n_spikes<100;fr<0.2;presence<0.8;firing_rate_qm_low;num_spikes_qm_low
HG,490,HG_unit490,31,83,0.183,18.1509,,0.183,0.1429,83,False,isi>0.02;n_spikes<100;fr<0.2;presence<0.8;firing_rate_qm_low;num_spikes_qm_low
HG,491,HG_unit491,19,25,0.0551,12.5375,,0.0551,0.1429,25,False,isi>0.02;n_spikes<100;fr<0.2;presence<0.8;firing_rate_qm_low;num_spikes_qm_low
HG,492,HG_unit492,20,11,0.0243,20.4723,,0.0243,0.1429,11,False,isi>0.02;n_spikes<100;fr<0.2;presence<0.8;firing_rate_qm_low;num_spikes_qm_low
HG,493,HG_unit493,31,45,0.0992,23.757,,0.0992,0.1429,45,False,isi>0.02;n_spikes<100;fr<0.2;presence<0.8;firing_rate_qm_low;num_spikes_qm_low
HG,494,HG_unit494,31,25,0.0551,25.0333,,0.0551,0.1429,25,False,isi>0.02;n_spikes<100;fr<0.2;presence<0.8;firing_rate_qm_low;num_spikes_qm_low
HG,495,HG_unit495,31,12,0.0265,20.0619,,0.0265,0.0,12,False,isi>0.02;n_spikes<100;fr<0.2;presence<0.8;firing_rate_qm_low;num_spikes_qm_low
HG,496,HG_unit496,31,24,0.0529,21.2713,,0.0529,0.1429,24,False,isi>0.02;n_spikes<100;fr<0.2;presence<0.8;firing_rate_qm_low;num_spikes_qm_low
HG,497,HG_unit497,27,21,0.0463,28.2082,,0.0463,0.0,21,False,isi>0.02;n_spikes<100;fr<0.2;presence<0.8;firing_rate_qm_low;num_spikes_qm_low
HG,498,HG_unit498,31,39,0.086,13.6167,,0.086,0.0,39,False,isi>0.02;n_spikes<100;fr<0.2;presence<0.8;firing_rate_qm_low;num_spikes_qm_low
HG,499,HG_unit499,31,13,0.0287,21.0421,,0.0287,0.0,13,False,isi>0.02;n_spikes<100;fr<0.2;presence<0.8;firing_rate_qm_low;num_spikes_qm_low
HG,500,HG_unit500,29,29,0.0639,9.0611,,0.0639,0.1429,29,False,isi>0.02;n_spikes<100;fr<0.2;presence<0.8;firing_rate_qm_low;num_spikes_qm_low
HG,501,HG_unit501,31,56,0.1235,27.9139,,0.1235,0.0,56,False,isi>0.02;n_spikes<100;fr<0.2;presence<0.8;firing_rate_qm_low;num_spikes_qm_low
HG,502,HG_unit502,31,42,0.0926,10.3448,,0.0926,0.1429,42,False,isi>0.02;n_spikes<100;fr<0.2;presence<0.8;firing_rate_qm_low;num_spikes_qm_low
HG,503,HG_unit503,31,28,0.0617,14.1139,,0.0617,0.1429,28,False,isi>0.02;n_spikes<100;fr<0.2;presence<0.8;firing_rate_qm_low;num_spikes_qm_low
HG,504,HG_unit504,31,87,0.1918,12.4038,,0.1918,0.5714,87,False,isi>0.02;n_spikes<100;fr<0.2;presence<0.8;firing_rate_qm_low;num_spikes_qm_low
HG,505,HG_unit505,31,25,0.0551,16.9522,,0.0551,0.1429,25,False,isi>0.02;n_spikes<100;fr<0.2;presence<0.8;firing_rate_qm_low;num_spikes_qm_low
HG,506,HG_unit506,31,34,0.075,16.5608,,0.075,0.2857,34,False,isi>0.02;n_spikes<100;fr<0.2;presence<0.8;firing_rate_qm_low;num_spikes_qm_low
HG,507,HG_unit507,31,38,0.0838,14.4488,,0.0838,0.0,38,False,isi>0.02;n_spikes<100;fr<0.2;presence<0.8;firing_rate_qm_low;num_spikes_qm_low
HG,508,HG_unit508,31,50,0.1102,10.2566,,0.1102,0.2857,50,False,isi>0.02;n_spikes<100;fr<0.2;presence<0.8;firing_rate_qm_low;num_spikes_qm_low
HG,509,HG_unit509,31,74,0.1631,12.8551,,0.1631,0.1429,74,False,isi>0.02;n_spikes<100;fr<0.2;presence<0.8;firing_rate_qm_low;num_spikes_qm_low
HG,510,HG_unit510,31,55,0.1213,15.9367,,0.1213,0.2857,55,False,isi>0.02;n_spikes<100;fr<0.2;presence<0.8;firing_rate_qm_low;num_spikes_qm_low
HG,511,HG_unit511,31,23,0.0507,14.5828,,0.0507,0.2857,23,False,isi>0.02;n_spikes<100;fr<0.2;presence<0.8;firing_rate_qm_low;num_spikes_qm_low
HG,512,HG_unit512,19,16,0.0353,9.821,,0.0353,0.1429,16,False,isi>0.02;n_spikes<100;fr<0.2;presence<0.8;firing_rate_qm_low;num_spikes_qm_low
HG,513,HG_unit513,27,10,0.022,22.5822,,0.022,0.0,10,False,isi>0.02;n_spikes<100;fr<0.2;presence<0.8;firing_rate_qm_low;num_spikes_qm_low
HG,514,HG_unit514,31,108,0.2381,10.6832,,0.2381,0.2857,108,False,isi>0.02;presence<0.8
HG,515,HG_unit515,31,28,0.0617,13.7119,,0.0617,0.1429,28,False,isi>0.02;n_spikes<100;fr<0.2;presence<0.8;firing_rate_qm_low;num_spikes_qm_low
HG,516,HG_unit516,27,44,0.097,22.5352,,0.097,0.0,44,False,isi>0.02;n_spikes<100;fr<0.2;presence<0.8;firing_rate_qm_low;num_spikes_qm_low
HG,517,HG_unit517,31,53,0.1168,14.2514,,0.1168,0.2857,53,False,isi>0.02;n_spikes<100;fr<0.2;presence<0.8;firing_rate_qm_low;num_spikes_qm_low
HG,518,HG_unit518,31,62,0.1367,19.8045,,0.1367,0.2857,62,False,isi>0.02;n_spikes<100;fr<0.2;presence<0.8;firing_rate_qm_low;num_spikes_qm_low
HG,519,HG_unit519,31,26,0.0573,22.4242,,0.0573,0.0,26,False,isi>0.02;n_spikes<100;fr<0.2;presence<0.8;firing_rate_qm_low;num_spikes_qm_low
HG,520,HG_unit520,31,17,0.0375,11.1204,,0.0375,0.2857,17,False,isi>0.02;n_spikes<100;fr<0.2;presence<0.8;firing_rate_qm_low;num_spikes_qm_low
HG,521,HG_unit521,31,33,0.0728,27.7412,,0.0728,0.1429,33,False,isi>0.02;n_spikes<100;fr<0.2;presence<0.8;firing_rate_qm_low;num_spikes_qm_low
HG,522,HG_unit522,31,19,0.0419,19.385,,0.0419,0.1429,19,False,isi>0.02;n_spikes<100;fr<0.2;presence<0.8;firing_rate_qm_low;num_spikes_qm_low
HG,523,HG_unit523,31,19,0.0419,14.47,,0.0419,0.1429,19,False,isi>0.02;n_spikes<100;fr<0.2;presence<0.8;firing_rate_qm_low;num_spikes_qm_low
HG,524,HG_unit524,31,27,0.0595,19.1734,,0.0595,0.1429,27,False,isi>0.02;n_spikes<100;fr<0.2;presence<0.8;firing_rate_qm_low;num_spikes_qm_low
HG,525,HG_unit525,24,104,0.2293,2.8338,,0.2293,0.5714,104,False,snr<5.0;isi>0.02;presence<0.8
HG,526,HG_unit526,24,12,0.0265,6.2306,,0.0265,0.0,12,False,isi>0.02;n_spikes<100;fr<0.2;presence<0.8;firing_rate_qm_low;num_spikes_qm_low
HG,527,HG_unit527,24,20,0.0441,4.5655,,0.0441,0.0,20,False,snr<5.0;isi>0.02;n_spikes<100;fr<0.2;presence<0.8;firing_rate_qm_low;num_spikes_qm_low
HG,528,HG_unit528,27,17,0.0375,15.9784,,0.0375,0.1429,17,False,isi>0.02;n_spikes<100;fr<0.2;presence<0.8;firing_rate_qm_low;num_spikes_qm_low
HG,529,HG_unit529,31,17,0.0375,18.6869,,0.0375,0.1429,17,False,isi>0.02;n_spikes<100;fr<0.2;presence<0.8;firing_rate_qm_low;num_spikes_qm_low
HG,530,HG_unit530,24,10,0.022,6.2306,,0.022,0.1429,10,False,isi>0.02;n_spikes<100;fr<0.2;presence<0.8;firing_rate_qm_low;num_spikes_qm_low
HG,531,HG_unit531,24,28,0.0617,9.017,,0.0617,0.1429,28,False,isi>0.02;n_spikes<100;fr<0.2;presence<0.8;firing_rate_qm_low;num_spikes_qm_low
HG,532,HG_unit532,27,53,0.1168,7.7729,,0.1168,0.1429,53,False,isi>0.02;n_spikes<100;fr<0.2;presence<0.8;firing_rate_qm_low;num_spikes_qm_low
HG,533,HG_unit533,19,19,0.0419,6.334,,0.0419,0.0,19,False,isi>0.02;n_spikes<100;fr<0.2;presence<0.8;firing_rate_qm_low;num_spikes_qm_low
VMPFC,1,VMPFC_unit1,49,54,0.119,16.3527,,0.119,0.5714,54,False,isi>0.02;n_spikes<100;fr<0.2;presence<0.8;firing_rate_qm_low;num_spikes_qm_low
VMPFC,2,VMPFC_unit2,49,65,0.1433,15.7947,,0.1433,0.5714,65,False,isi>0.02;n_spikes<100;fr<0.2;presence<0.8;firing_rate_qm_low;num_spikes_qm_low
VMPFC,3,VMPFC_unit3,49,45,0.0992,15.2852,,0.0992,0.5714,45,False,isi>0.02;n_spikes<100;fr<0.2;presence<0.8;firing_rate_qm_low;num_spikes_qm_low
VMPFC,4,VMPFC_unit4,50,130,0.2866,14.1079,,0.2866,0.8571,130,False,isi>0.02
VMPFC,5,VMPFC_unit5,51,63,0.1389,11.5404,,0.1389,0.1429,63,False,isi>0.02;n_spikes<100;fr<0.2;presence<0.8;firing_rate_qm_low;num_spikes_qm_low
VMPFC,6,VMPFC_unit6,51,21,0.0463,23.972,,0.0463,0.1429,21,False,isi>0.02;n_spikes<100;fr<0.2;presence<0.8;firing_rate_qm_low;num_spikes_qm_low
VMPFC,7,VMPFC_unit7,51,23,0.0507,13.2336,,0.0507,0.2857,23,False,isi>0.02;n_spikes<100;fr<0.2;presence<0.8;firing_rate_qm_low;num_spikes_qm_low
VMPFC,8,VMPFC_unit8,51,27,0.0595,14.9602,,0.0595,0.1429,27,False,isi>0.02;n_spikes<100;fr<0.2;presence<0.8;firing_rate_qm_low;num_spikes_qm_low
VMPFC,9,VMPFC_unit9,51,37,0.0816,13.8128,,0.0816,0.2857,37,False,isi>0.02;n_spikes<100;fr<0.2;presence<0.8;firing_rate_qm_low;num_spikes_qm_low
VMPFC,10,VMPFC_unit10,51,25,0.0551,12.8549,,0.0551,0.1429,25,False,isi>0.02;n_spikes<100;fr<0.2;presence<0.8;firing_rate_qm_low;num_spikes_qm_low
VMPFC,11,VMPFC_unit11,51,18,0.0397,15.0799,,0.0397,0.1429,18,False,isi>0.02;n_spikes<100;fr<0.2;presence<0.8;firing_rate_qm_low;num_spikes_qm_low
VMPFC,12,VMPFC_unit12,51,15,0.0331,16.2635,,0.0331,0.1429,15,False,isi>0.02;n_spikes<100;fr<0.2;presence<0.8;firing_rate_qm_low;num_spikes_qm_low
VMPFC,13,VMPFC_unit13,51,19,0.0419,20.1289,,0.0419,0.1429,19,False,isi>0.02;n_spikes<100;fr<0.2;presence<0.8;firing_rate_qm_low;num_spikes_qm_low
VMPFC,14,VMPFC_unit14,51,20,0.0441,20.4046,,0.0441,0.0,20,False,isi>0.02;n_spikes<100;fr<0.2;presence<0.8;firing_rate_qm_low;num_spikes_qm_low
VMPFC,15,VMPFC_unit15,51,38,0.0838,17.1658,,0.0838,0.0,38,False,isi>0.02;n_spikes<100;fr<0.2;presence<0.8;firing_rate_qm_low;num_spikes_qm_low
VMPFC,16,VMPFC_unit16,51,76,0.1675,13.0498,,0.1675,0.0,76,False,isi>0.02;n_spikes<100;fr<0.2;presence<0.8;firing_rate_qm_low;num_spikes_qm_low
VMPFC,17,VMPFC_unit17,51,63,0.1389,13.267,,0.1389,0.1429,63,False,isi>0.02;n_spikes<100;fr<0.2;presence<0.8;firing_rate_qm_low;num_spikes_qm_low
VMPFC,18,VMPFC_unit18,51,58,0.1279,19.7891,,0.1279,0.0,58,False,isi>0.02;n_spikes<100;fr<0.2;presence<0.8;firing_rate_qm_low;num_spikes_qm_low
VMPFC,19,VMPFC_unit19,51,33,0.0728,18.4245,,0.0728,0.1429,33,False,isi>0.02;n_spikes<100;fr<0.2;presence<0.8;firing_rate_qm_low;num_spikes_qm_low
VMPFC,20,VMPFC_unit20,51,27,0.0595,16.9653,,0.0595,0.0,27,False,isi>0.02;n_spikes<100;fr<0.2;presence<0.8;firing_rate_qm_low;num_spikes_qm_low
VMPFC,21,VMPFC_unit21,51,31,0.0683,22.6575,,0.0683,0.1429,31,False,isi>0.02;n_spikes<100;fr<0.2;presence<0.8;firing_rate_qm_low;num_spikes_qm_low
VMPFC,22,VMPFC_unit22,51,33,0.0728,19.7223,,0.0728,0.1429,33,False,isi>0.02;n_spikes<100;fr<0.2;presence<0.8;firing_rate_qm_low;num_spikes_qm_low
VMPFC,23,VMPFC_unit23,51,31,0.0683,19.7668,,0.0683,0.1429,31,False,isi>0.02;n_spikes<100;fr<0.2;presence<0.8;firing_rate_qm_low;num_spikes_qm_low
VMPFC,24,VMPFC_unit24,51,44,0.097,24.8158,,0.097,0.1429,44,False,isi>0.02;n_spikes<100;fr<0.2;presence<0.8;firing_rate_qm_low;num_spikes_qm_low
VMPFC,25,VMPFC_unit25,51,27,0.0595,16.1577,,0.0595,0.1429,27,False,isi>0.02;n_spikes<100;fr<0.2;presence<0.8;firing_rate_qm_low;num_spikes_qm_low
VMPFC,26,VMPFC_unit26,51,33,0.0728,14.6204,,0.0728,0.1429,33,False,isi>0.02;n_spikes<100;fr<0.2;presence<0.8;firing_rate_qm_low;num_spikes_qm_low
VMPFC,27,VMPFC_unit27,51,28,0.0617,14.6149,,0.0617,0.1429,28,False,isi>0.02;n_spikes<100;fr<0.2;presence<0.8;firing_rate_qm_low;num_spikes_qm_low
VMPFC,28,VMPFC_unit28,51,43,0.0948,14.6928,,0.0948,0.0,43,False,isi>0.02;n_spikes<100;fr<0.2;presence<0.8;firing_rate_qm_low;num_spikes_qm_low
VMPFC,29,VMPFC_unit29,51,46,0.1014,14.0301,,0.1014,0.2857,46,False,isi>0.02;n_spikes<100;fr<0.2;presence<0.8;firing_rate_qm_low;num_spikes_qm_low
VMPFC,30,VMPFC_unit30,51,40,0.0882,18.0848,,0.0882,0.1429,40,False,isi>0.02;n_spikes<100;fr<0.2;presence<0.8;firing_rate_qm_low;num_spikes_qm_low
VMPFC,31,VMPFC_unit31,51,29,0.0639,17.745,,0.0639,0.1429,29,False,isi>0.02;n_spikes<100;fr<0.2;presence<0.8;firing_rate_qm_low;num_spikes_qm_low
VMPFC,32,VMPFC_unit32,51,22,0.0485,25.3894,,0.0485,0.0,22,False,isi>0.02;n_spikes<100;fr<0.2;presence<0.8;firing_rate_qm_low;num_spikes_qm_low
VMPFC,33,VMPFC_unit33,51,79,0.1742,19.2544,,0.1742,0.1429,79,False,isi>0.02;n_spikes<100;fr<0.2;presence<0.8;firing_rate_qm_low;num_spikes_qm_low
VMPFC,34,VMPFC_unit34,51,26,0.0573,12.4065,,0.0573,0.0,26,False,isi>0.02;n_spikes<100;fr<0.2;presence<0.8;firing_rate_qm_low;num_spikes_qm_low
VMPFC,35,VMPFC_unit35,52,60,0.1323,22.5984,,0.1323,0.0,60,False,isi>0.02;n_spikes<100;fr<0.2;presence<0.8;firing_rate_qm_low;num_spikes_qm_low
VMPFC,36,VMPFC_unit36,51,37,0.0816,21.5881,,0.0816,0.1429,37,False,isi>0.02;n_spikes<100;fr<0.2;presence<0.8;firing_rate_qm_low;num_spikes_qm_low
VMPFC,37,VMPFC_unit37,52,43,0.0948,12.779,,0.0948,0.2857,43,False,isi>0.02;n_spikes<100;fr<0.2;presence<0.8;firing_rate_qm_low;num_spikes_qm_low
VMPFC,38,VMPFC_unit38,52,42,0.0926,18.5198,,0.0926,0.1429,42,False,isi>0.02;n_spikes<100;fr<0.2;presence<0.8;firing_rate_qm_low;num_spikes_qm_low
VMPFC,39,VMPFC_unit39,52,44,0.097,15.0863,,0.097,0.1429,44,False,isi>0.02;n_spikes<100;fr<0.2;presence<0.8;firing_rate_qm_low;num_spikes_qm_low
VMPFC,40,VMPFC_unit40,52,11,0.0243,11.7585,,0.0243,0.0,11,False,isi>0.02;n_spikes<100;fr<0.2;presence<0.8;firing_rate_qm_low;num_spikes_qm_low
VMPFC,41,VMPFC_unit41,52,93,0.205,12.9467,,0.205,0.1429,93,False,isi>0.02;n_spikes<100;presence<0.8;num_spikes_qm_low
VMPFC,42,VMPFC_unit42,52,48,0.1058,13.4023,,0.1058,0.1429,48,False,isi>0.02;n_spikes<100;fr<0.2;presence<0.8;firing_rate_qm_low;num_spikes_qm_low
VMPFC,43,VMPFC_unit43,52,34,0.075,17.5101,,0.075,0.1429,34,False,isi>0.02;n_spikes<100;fr<0.2;presence<0.8;firing_rate_qm_low;num_spikes_qm_low
VMPFC,44,VMPFC_unit44,52,23,0.0507,13.2602,,0.0507,0.2857,23,False,isi>0.02;n_spikes<100;fr<0.2;presence<0.8;firing_rate_qm_low;num_spikes_qm_low
VMPFC,45,VMPFC_unit45,56,41,0.0904,12.4536,,0.0904,0.1429,41,False,isi>0.02;n_spikes<100;fr<0.2;presence<0.8;firing_rate_qm_low;num_spikes_qm_low
VMPFC,46,VMPFC_unit46,52,42,0.0926,11.9699,,0.0926,0.0,42,False,isi>0.02;n_spikes<100;fr<0.2;presence<0.8;firing_rate_qm_low;num_spikes_qm_low
VMPFC,47,VMPFC_unit47,51,11,0.0243,17.8899,,0.0243,0.0,11,False,isi>0.02;n_spikes<100;fr<0.2;presence<0.8;firing_rate_qm_low;num_spikes_qm_low
VMPFC,48,VMPFC_unit48,51,31,0.0683,21.1871,,0.0683,0.0,31,False,isi>0.02;n_spikes<100;fr<0.2;presence<0.8;firing_rate_qm_low;num_spikes_qm_low
VMPFC,49,VMPFC_unit49,52,28,0.0617,19.5002,,0.0617,0.1429,28,False,isi>0.02;n_spikes<100;fr<0.2;presence<0.8;firing_rate_qm_low;num_spikes_qm_low
VMPFC,50,VMPFC_unit50,52,31,0.0683,26.3672,,0.0683,0.1429,31,False,isi>0.02;n_spikes<100;fr<0.2;presence<0.8;firing_rate_qm_low;num_spikes_qm_low
VMPFC,51,VMPFC_unit51,52,22,0.0485,15.6585,,0.0485,0.1429,22,False,isi>0.02;n_spikes<100;fr<0.2;presence<0.8;firing_rate_qm_low;num_spikes_qm_low
VMPFC,52,VMPFC_unit52,52,17,0.0375,15.4981,,0.0375,0.1429,17,False,isi>0.02;n_spikes<100;fr<0.2;presence<0.8;firing_rate_qm_low;num_spikes_qm_low
VMPFC,53,VMPFC_unit53,52,42,0.0926,12.9394,,0.0926,0.1429,42,False,isi>0.02;n_spikes<100;fr<0.2;presence<0.8;firing_rate_qm_low;num_spikes_qm_low
VMPFC,54,VMPFC_unit54,51,53,0.1168,22.0393,,0.1168,0.1429,53,False,isi>0.02;n_spikes<100;fr<0.2;presence<0.8;firing_rate_qm_low;num_spikes_qm_low
VMPFC,55,VMPFC_unit55,52,34,0.075,21.4576,,0.075,0.1429,34,False,isi>0.02;n_spikes<100;fr<0.2;presence<0.8;firing_rate_qm_low;num_spikes_qm_low
VMPFC,56,VMPFC_unit56,51,42,0.0926,18.9314,,0.0926,0.1429,42,False,isi>0.02;n_spikes<100;fr<0.2;presence<0.8;firing_rate_qm_low;num_spikes_qm_low
VMPFC,57,VMPFC_unit57,51,24,0.0529,28.0156,,0.0529,0.1429,24,False,isi>0.02;n_spikes<100;fr<0.2;presence<0.8;firing_rate_qm_low;num_spikes_qm_low
VMPFC,58,VMPFC_unit58,51,24,0.0529,24.4426,,0.0529,0.1429,24,False,isi>0.02;n_spikes<100;fr<0.2;presence<0.8;firing_rate_qm_low;num_spikes_qm_low
VMPFC,59,VMPFC_unit59,52,54,0.119,31.5284,,0.119,0.1429,54,False,isi>0.02;n_spikes<100;fr<0.2;presence<0.8;firing_rate_qm_low;num_spikes_qm_low
VMPFC,60,VMPFC_unit60,55,26,0.0573,20.5454,,0.0573,0.0,26,False,isi>0.02;n_spikes<100;fr<0.2;presence<0.8;firing_rate_qm_low;num_spikes_qm_low
VMPFC,61,VMPFC_unit61,55,13,0.0287,19.6241,,0.0287,0.0,13,False,isi>0.02;n_spikes<100;fr<0.2;presence<0.8;firing_rate_qm_low;num_spikes_qm_low
VMPFC,62,VMPFC_unit62,52,11,0.0243,16.8905,,0.0243,0.1429,11,False,isi>0.02;n_spikes<100;fr<0.2;presence<0.8;firing_rate_qm_low;num_spikes_qm_low
VMPFC,63,VMPFC_unit63,52,18,0.0397,14.4703,,0.0397,0.1429,18,False,isi>0.02;n_spikes<100;fr<0.2;presence<0.8;firing_rate_qm_low;num_spikes_qm_low
VMPFC,64,VMPFC_unit64,52,11,0.0243,30.6318,,0.0243,0.1429,11,False,isi>0.02;n_spikes<100;fr<0.2;presence<0.8;firing_rate_qm_low;num_spikes_qm_low
VMPFC,65,VMPFC_unit65,53,210,0.463,11.6118,,0.463,0.1429,210,False,isi>0.02;presence<0.8
VMPFC,66,VMPFC_unit66,63,28,0.0617,24.8853,,0.0617,0.1429,28,False,isi>0.02;n_spikes<100;fr<0.2;presence<0.8;firing_rate_qm_low;num_spikes_qm_low
VMPFC,67,VMPFC_unit67,53,57,0.1257,24.1178,,0.1257,0.1429,57,False,isi>0.02;n_spikes<100;fr<0.2;presence<0.8;firing_rate_qm_low;num_spikes_qm_low
VMPFC,68,VMPFC_unit68,53,30,0.0661,11.2117,,0.0661,0.1429,30,False,isi>0.02;n_spikes<100;fr<0.2;presence<0.8;firing_rate_qm_low;num_spikes_qm_low
VMPFC,69,VMPFC_unit69,53,41,0.0904,11.4376,,0.0904,0.1429,41,False,isi>0.02;n_spikes<100;fr<0.2;presence<0.8;firing_rate_qm_low;num_spikes_qm_low
VMPFC,70,VMPFC_unit70,60,62,0.1367,7.2051,,0.1367,0.1429,62,False,isi>0.02;n_spikes<100;fr<0.2;presence<0.8;firing_rate_qm_low;num_spikes_qm_low
VMPFC,71,VMPFC_unit71,59,27,0.0595,16.517,,0.0595,0.1429,27,False,isi>0.02;n_spikes<100;fr<0.2;presence<0.8;firing_rate_qm_low;num_spikes_qm_low
VMPFC,72,VMPFC_unit72,53,78,0.172,10.1903,,0.172,0.2857,78,False,isi>0.02;n_spikes<100;fr<0.2;presence<0.8;firing_rate_qm_low;num_spikes_qm_low
VMPFC,73,VMPFC_unit73,59,29,0.0639,20.074,,0.0639,0.1429,29,False,isi>0.02;n_spikes<100;fr<0.2;presence<0.8;firing_rate_qm_low;num_spikes_qm_low
VMPFC,74,VMPFC_unit74,53,41,0.0904,32.383,,0.0904,0.1429,41,False,isi>0.02;n_spikes<100;fr<0.2;presence<0.8;firing_rate_qm_low;num_spikes_qm_low
VMPFC,75,VMPFC_unit75,51,24,0.0529,12.0417,,0.0529,0.1429,24,False,isi>0.02;n_spikes<100;fr<0.2;presence<0.8;firing_rate_qm_low;num_spikes_qm_low
VMPFC,76,VMPFC_unit76,56,18,0.0397,29.4735,,0.0397,0.1429,18,False,isi>0.02;n_spikes<100;fr<0.2;presence<0.8;firing_rate_qm_low;num_spikes_qm_low
VMPFC,77,VMPFC_unit77,59,41,0.0904,18.8733,,0.0904,0.1429,41,False,isi>0.02;n_spikes<100;fr<0.2;presence<0.8;firing_rate_qm_low;num_spikes_qm_low
VMPFC,78,VMPFC_unit78,53,28,0.0617,9.569,,0.0617,0.1429,28,False,isi>0.02;n_spikes<100;fr<0.2;presence<0.8;firing_rate_qm_low;num_spikes_qm_low
VMPFC,79,VMPFC_unit79,56,45,0.0992,13.818,,0.0992,0.0,45,False,isi>0.02;n_spikes<100;fr<0.2;presence<0.8;firing_rate_qm_low;num_spikes_qm_low
VMPFC,80,VMPFC_unit80,61,50,0.1102,8.9193,,0.1102,0.1429,50,False,isi>0.02;n_spikes<100;fr<0.2;presence<0.8;firing_rate_qm_low;num_spikes_qm_low
VMPFC,81,VMPFC_unit81,59,108,0.2381,11.5619,,0.2381,0.2857,108,False,isi>0.02;presence<0.8
VMPFC,82,VMPFC_unit82,51,59,0.1301,10.0032,,0.1301,0.1429,59,False,isi>0.02;n_spikes<100;fr<0.2;presence<0.8;firing_rate_qm_low;num_spikes_qm_low
VMPFC,83,VMPFC_unit83,60,68,0.1499,12.2963,,0.1499,0.1429,68,False,isi>0.02;n_spikes<100;fr<0.2;presence<0.8;firing_rate_qm_low;num_spikes_qm_low
VMPFC,84,VMPFC_unit84,60,75,0.1653,11.5388,,0.1653,0.1429,75,False,isi>0.02;n_spikes<100;fr<0.2;presence<0.8;firing_rate_qm_low;num_spikes_qm_low
VMPFC,85,VMPFC_unit85,56,56,0.1235,12.6048,,0.1235,0.0,56,False,isi>0.02;n_spikes<100;fr<0.2;presence<0.8;firing_rate_qm_low;num_spikes_qm_low
VMPFC,86,VMPFC_unit86,56,21,0.0463,26.4905,,0.0463,0.1429,21,False,isi>0.02;n_spikes<100;fr<0.2;presence<0.8;firing_rate_qm_low;num_spikes_qm_low
VMPFC,87,VMPFC_unit87,63,51,0.1124,16.2027,,0.1124,0.1429,51,False,isi>0.02;n_spikes<100;fr<0.2;presence<0.8;firing_rate_qm_low;num_spikes_qm_low
VMPFC,88,VMPFC_unit88,53,59,0.1301,22.2257,,0.1301,0.1429,59,False,isi>0.02;n_spikes<100;fr<0.2;presence<0.8;firing_rate_qm_low;num_spikes_qm_low
VMPFC,89,VMPFC_unit89,59,97,0.2138,6.8548,,0.2138,0.1429,97,False,isi>0.02;n_spikes<100;presence<0.8;num_spikes_qm_low
VMPFC,90,VMPFC_unit90,53,32,0.0705,21.8256,,0.0705,0.1429,32,False,isi>0.02;n_spikes<100;fr<0.2;presence<0.8;firing_rate_qm_low;num_spikes_qm_low
VMPFC,91,VMPFC_unit91,53,100,0.2205,16.0974,,0.2205,0.1429,100,False,isi>0.02;presence<0.8
VMPFC,92,VMPFC_unit92,53,70,0.1543,9.9832,,0.1543,0.1429,70,False,isi>0.02;n_spikes<100;fr<0.2;presence<0.8;firing_rate_qm_low;num_spikes_qm_low
VMPFC,93,VMPFC_unit93,61,16,0.0353,19.2648,,0.0353,0.2857,16,False,isi>0.02;n_spikes<100;fr<0.2;presence<0.8;firing_rate_qm_low;num_spikes_qm_low
VMPFC,94,VMPFC_unit94,53,28,0.0617,19.3545,,0.0617,0.1429,28,False,isi>0.02;n_spikes<100;fr<0.2;presence<0.8;firing_rate_qm_low;num_spikes_qm_low
VMPFC,95,VMPFC_unit95,51,31,0.0683,9.0619,,0.0683,0.1429,31,False,isi>0.02;n_spikes<100;fr<0.2;presence<0.8;firing_rate_qm_low;num_spikes_qm_low
VMPFC,96,VMPFC_unit96,53,40,0.0882,16.0032,,0.0882,0.1429,40,False,isi>0.02;n_spikes<100;fr<0.2;presence<0.8;firing_rate_qm_low;num_spikes_qm_low
VMPFC,97,VMPFC_unit97,56,57,0.1257,13.6314,,0.1257,0.1429,57,False,isi>0.02;n_spikes<100;fr<0.2;presence<0.8;firing_rate_qm_low;num_spikes_qm_low
VMPFC,98,VMPFC_unit98,56,24,0.0529,18.5292,,0.0529,0.1429,24,False,isi>0.02;n_spikes<100;fr<0.2;presence<0.8;firing_rate_qm_low;num_spikes_qm_low
VMPFC,99,VMPFC_unit99,56,12,0.0265,14.1913,,0.0265,0.1429,12,False,isi>0.02;n_spikes<100;fr<0.2;presence<0.8;firing_rate_qm_low;num_spikes_qm_low
VMPFC,100,VMPFC_unit100,55,44,0.097,13.8186,,0.097,0.1429,44,False,isi>0.02;n_spikes<100;fr<0.2;presence<0.8;firing_rate_qm_low;num_spikes_qm_low
VMPFC,101,VMPFC_unit101,55,32,0.0705,16.7737,,0.0705,0.1429,32,False,isi>0.02;n_spikes<100;fr<0.2;presence<0.8;firing_rate_qm_low;num_spikes_qm_low
VMPFC,102,VMPFC_unit102,51,15,0.0331,11.791,,0.0331,0.1429,15,False,isi>0.02;n_spikes<100;fr<0.2;presence<0.8;firing_rate_qm_low;num_spikes_qm_low
VMPFC,103,VMPFC_unit103,56,22,0.0485,13.7987,,0.0485,0.1429,22,False,isi>0.02;n_spikes<100;fr<0.2;presence<0.8;firing_rate_qm_low;num_spikes_qm_low
VMPFC,104,VMPFC_unit104,59,23,0.0507,13.5687,,0.0507,0.1429,23,False,isi>0.02;n_spikes<100;fr<0.2;presence<0.8;firing_rate_qm_low;num_spikes_qm_low
VMPFC,105,VMPFC_unit105,51,53,0.1168,9.3292,,0.1168,0.0,53,False,isi>0.02;n_spikes<100;fr<0.2;presence<0.8;firing_rate_qm_low;num_spikes_qm_low
VMPFC,106,VMPFC_unit106,53,19,0.0419,24.1931,,0.0419,0.1429,19,False,isi>0.02;n_spikes<100;fr<0.2;presence<0.8;firing_rate_qm_low;num_spikes_qm_low
VMPFC,107,VMPFC_unit107,56,11,0.0243,16.6627,,0.0243,0.1429,11,False,isi>0.02;n_spikes<100;fr<0.2;presence<0.8;firing_rate_qm_low;num_spikes_qm_low
VMPFC,108,VMPFC_unit108,56,54,0.119,11.4689,,0.119,0.1429,54,False,isi>0.02;n_spikes<100;fr<0.2;presence<0.8;firing_rate_qm_low;num_spikes_qm_low
VMPFC,109,VMPFC_unit109,59,79,0.1742,15.1922,,0.1742,0.1429,79,False,isi>0.02;n_spikes<100;fr<0.2;presence<0.8;firing_rate_qm_low;num_spikes_qm_low
VMPFC,110,VMPFC_unit110,52,96,0.2116,12.513,,0.2116,0.1429,96,False,isi>0.02;n_spikes<100;presence<0.8;num_spikes_qm_low
VMPFC,111,VMPFC_unit111,63,67,0.1477,23.4245,,0.1477,0.1429,67,False,isi>0.02;n_spikes<100;fr<0.2;presence<0.8;firing_rate_qm_low;num_spikes_qm_low
VMPFC,112,VMPFC_unit112,53,25,0.0551,33.7104,,0.0551,0.1429,25,False,isi>0.02;n_spikes<100;fr<0.2;presence<0.8;firing_rate_qm_low;num_spikes_qm_low
VMPFC,113,VMPFC_unit113,63,103,0.2271,12.6998,,0.2271,0.1429,103,False,isi>0.02;presence<0.8
VMPFC,114,VMPFC_unit114,59,48,0.1058,8.2528,,0.1058,0.1429,48,False,isi>0.02;n_spikes<100;fr<0.2;presence<0.8;firing_rate_qm_low;num_spikes_qm_low
VMPFC,115,VMPFC_unit115,63,15,0.0331,24.2518,,0.0331,0.1429,15,False,isi>0.02;n_spikes<100;fr<0.2;presence<0.8;firing_rate_qm_low;num_spikes_qm_low
VMPFC,116,VMPFC_unit116,51,35,0.0772,6.834,,0.0772,0.1429,35,False,isi>0.02;n_spikes<100;fr<0.2;presence<0.8;firing_rate_qm_low;num_spikes_qm_low
VMPFC,117,VMPFC_unit117,63,34,0.075,12.7818,,0.075,0.0,34,False,isi>0.02;n_spikes<100;fr<0.2;presence<0.8;firing_rate_qm_low;num_spikes_qm_low
VMPFC,118,VMPFC_unit118,52,24,0.0529,17.4627,,0.0529,0.2857,24,False,isi>0.02;n_spikes<100;fr<0.2;presence<0.8;firing_rate_qm_low;num_spikes_qm_low
VMPFC,119,VMPFC_unit119,61,61,0.1345,25.28,,0.1345,0.0,61,False,isi>0.02;n_spikes<100;fr<0.2;presence<0.8;firing_rate_qm_low;num_spikes_qm_low
VMPFC,120,VMPFC_unit120,53,21,0.0463,17.7165,,0.0463,0.1429,21,False,isi>0.02;n_spikes<100;fr<0.2;presence<0.8;firing_rate_qm_low;num_spikes_qm_low
VMPFC,121,VMPFC_unit121,53,31,0.0683,14.9113,,0.0683,0.1429,31,False,isi>0.02;n_spikes<100;fr<0.2;presence<0.8;firing_rate_qm_low;num_spikes_qm_low
VMPFC,122,VMPFC_unit122,59,58,0.1279,8.5206,,0.1279,0.1429,58,False,isi>0.02;n_spikes<100;fr<0.2;presence<0.8;firing_rate_qm_low;num_spikes_qm_low
VMPFC,123,VMPFC_unit123,53,23,0.0507,17.2082,,0.0507,0.1429,23,False,isi>0.02;n_spikes<100;fr<0.2;presence<0.8;firing_rate_qm_low;num_spikes_qm_low
VMPFC,124,VMPFC_unit124,52,15,0.0331,13.0779,,0.0331,0.1429,15,False,isi>0.02;n_spikes<100;fr<0.2;presence<0.8;firing_rate_qm_low;num_spikes_qm_low
VMPFC,125,VMPFC_unit125,63,24,0.0529,17.9988,,0.0529,0.0,24,False,isi>0.02;n_spikes<100;fr<0.2;presence<0.8;firing_rate_qm_low;num_spikes_qm_low
VMPFC,126,VMPFC_unit126,51,22,0.0485,11.7632,,0.0485,0.1429,22,False,isi>0.02;n_spikes<100;fr<0.2;presence<0.8;firing_rate_qm_low;num_spikes_qm_low
VMPFC,127,VMPFC_unit127,52,84,0.1852,13.4679,,0.1852,0.1429,84,False,isi>0.02;n_spikes<100;fr<0.2;presence<0.8;firing_rate_qm_low;num_spikes_qm_low
VMPFC,128,VMPFC_unit128,56,354,0.7804,9.3579,,0.7804,0.2857,354,False,isi>0.02;presence<0.8
VMPFC,129,VMPFC_unit129,53,430,0.948,8.83,,0.948,0.4286,430,False,isi>0.02;presence<0.8
VMPFC,130,VMPFC_unit130,54,112,0.2469,9.9749,,0.2469,0.1429,112,False,isi>0.02;presence<0.8
VMPFC,131,VMPFC_unit131,51,150,0.3307,10.7384,,0.3307,0.0,150,False,isi>0.02;presence<0.8
VMPFC,132,VMPFC_unit132,51,53,0.1168,7.1236,,0.1168,0.0,53,False,isi>0.02;n_spikes<100;fr<0.2;presence<0.8;firing_rate_qm_low;num_spikes_qm_low
VMPFC,133,VMPFC_unit133,59,62,0.1367,12.9571,,0.1367,0.1429,62,False,isi>0.02;n_spikes<100;fr<0.2;presence<0.8;firing_rate_qm_low;num_spikes_qm_low
VMPFC,134,VMPFC_unit134,52,67,0.1477,18.538,,0.1477,0.0,67,False,isi>0.02;n_spikes<100;fr<0.2;presence<0.8;firing_rate_qm_low;num_spikes_qm_low
VMPFC,135,VMPFC_unit135,59,61,0.1345,13.9351,,0.1345,0.1429,61,False,isi>0.02;n_spikes<100;fr<0.2;presence<0.8;firing_rate_qm_low;num_spikes_qm_low
VMPFC,136,VMPFC_unit136,56,16,0.0353,18.3296,,0.0353,0.0,16,False,isi>0.02;n_spikes<100;fr<0.2;presence<0.8;firing_rate_qm_low;num_spikes_qm_low
VMPFC,137,VMPFC_unit137,56,72,0.1587,15.4978,,0.1587,0.0,72,False,isi>0.02;n_spikes<100;fr<0.2;presence<0.8;firing_rate_qm_low;num_spikes_qm_low
VMPFC,138,VMPFC_unit138,56,54,0.119,7.9581,,0.119,0.1429,54,False,isi>0.02;n_spikes<100;fr<0.2;presence<0.8;firing_rate_qm_low;num_spikes_qm_low
VMPFC,139,VMPFC_unit139,51,29,0.0639,8.5773,,0.0639,0.0,29,False,isi>0.02;n_spikes<100;fr<0.2;presence<0.8;firing_rate_qm_low;num_spikes_qm_low
VMPFC,140,VMPFC_unit140,63,139,0.3064,15.8151,,0.3064,0.1429,139,False,isi>0.02;presence<0.8
VMPFC,141,VMPFC_unit141,51,105,0.2315,15.907,,0.2315,0.1429,105,False,isi>0.02;presence<0.8
VMPFC,142,VMPFC_unit142,56,42,0.0926,22.0368,,0.0926,0.0,42,False,isi>0.02;n_spikes<100;fr<0.2;presence<0.8;firing_rate_qm_low;num_spikes_qm_low
VMPFC,143,VMPFC_unit143,60,17,0.0375,31.5863,,0.0375,0.1429,17,False,isi>0.02;n_spikes<100;fr<0.2;presence<0.8;firing_rate_qm_low;num_spikes_qm_low
VMPFC,144,VMPFC_unit144,60,107,0.2359,13.4237,,0.2359,0.1429,107,False,isi>0.02;presence<0.8
VMPFC,145,VMPFC_unit145,52,72,0.1587,12.8301,,0.1587,0.1429,72,False,isi>0.02;n_spikes<100;fr<0.2;presence<0.8;firing_rate_qm_low;num_spikes_qm_low
VMPFC,146,VMPFC_unit146,59,32,0.0705,16.5141,,0.0705,0.1429,32,False,isi>0.02;n_spikes<100;fr<0.2;presence<0.8;firing_rate_qm_low;num_spikes_qm_low
VMPFC,147,VMPFC_unit147,51,59,0.1301,9.0452,,0.1301,0.2857,59,False,isi>0.02;n_spikes<100;fr<0.2;presence<0.8;firing_rate_qm_low;num_spikes_qm_low
VMPFC,148,VMPFC_unit148,61,23,0.0507,27.9698,,0.0507,0.0,23,False,isi>0.02;n_spikes<100;fr<0.2;presence<0.8;firing_rate_qm_low;num_spikes_qm_low
VMPFC,149,VMPFC_unit149,51,28,0.0617,9.371,,0.0617,0.2857,28,False,isi>0.02;n_spikes<100;fr<0.2;presence<0.8;firing_rate_qm_low;num_spikes_qm_low
VMPFC,150,VMPFC_unit150,53,89,0.1962,19.571,,0.1962,0.1429,89,False,isi>0.02;n_spikes<100;fr<0.2;presence<0.8;firing_rate_qm_low;num_spikes_qm_low
VMPFC,151,VMPFC_unit151,53,193,0.4255,7.7286,,0.4255,0.1429,193,False,isi>0.02;presence<0.8
VMPFC,152,VMPFC_unit152,53,50,0.1102,28.4717,,0.1102,0.1429,50,False,isi>0.02;n_spikes<100;fr<0.2;presence<0.8;firing_rate_qm_low;num_spikes_qm_low
VMPFC,153,VMPFC_unit153,61,39,0.086,19.3978,,0.086,0.1429,39,False,isi>0.02;n_spikes<100;fr<0.2;presence<0.8;firing_rate_qm_low;num_spikes_qm_low
VMPFC,154,VMPFC_unit154,51,38,0.0838,13.3004,,0.0838,0.1429,38,False,isi>0.02;n_spikes<100;fr<0.2;presence<0.8;firing_rate_qm_low;num_spikes_qm_low
VMPFC,155,VMPFC_unit155,56,23,0.0507,19.8743,,0.0507,0.1429,23,False,isi>0.02;n_spikes<100;fr<0.2;presence<0.8;firing_rate_qm_low;num_spikes_qm_low
VMPFC,156,VMPFC_unit156,61,17,0.0375,18.681,,0.0375,0.1429,17,False,isi>0.02;n_spikes<100;fr<0.2;presence<0.8;firing_rate_qm_low;num_spikes_qm_low
VMPFC,157,VMPFC_unit157,52,24,0.0529,13.8142,,0.0529,0.1429,24,False,isi>0.02;n_spikes<100;fr<0.2;presence<0.8;firing_rate_qm_low;num_spikes_qm_low
VMPFC,158,VMPFC_unit158,56,40,0.0882,5.5156,,0.0882,0.1429,40,False,isi>0.02;n_spikes<100;fr<0.2;presence<0.8;firing_rate_qm_low;num_spikes_qm_low
VMPFC,159,VMPFC_unit159,56,52,0.1146,7.2791,,0.1146,0.2857,52,False,isi>0.02;n_spikes<100;fr<0.2;presence<0.8;firing_rate_qm_low;num_spikes_qm_low
VMPFC,160,VMPFC_unit160,51,27,0.0595,9.2847,,0.0595,0.1429,27,False,isi>0.02;n_spikes<100;fr<0.2;presence<0.8;firing_rate_qm_low;num_spikes_qm_low
VMPFC,161,VMPFC_unit161,63,17,0.0375,21.3377,,0.0375,0.1429,17,False,isi>0.02;n_spikes<100;fr<0.2;presence<0.8;firing_rate_qm_low;num_spikes_qm_low
VMPFC,162,VMPFC_unit162,56,44,0.097,7.7039,,0.097,0.0,44,False,isi>0.02;n_spikes<100;fr<0.2;presence<0.8;firing_rate_qm_low;num_spikes_qm_low
VMPFC,163,VMPFC_unit163,56,37,0.0816,17.8019,,0.0816,0.0,37,False,isi>0.02;n_spikes<100;fr<0.2;presence<0.8;firing_rate_qm_low;num_spikes_qm_low
VMPFC,164,VMPFC_unit164,53,22,0.0485,41.7214,,0.0485,0.0,22,False,isi>0.02;n_spikes<100;fr<0.2;presence<0.8;firing_rate_qm_low;num_spikes_qm_low
VMPFC,165,VMPFC_unit165,56,63,0.1389,24.8815,,0.1389,0.0,63,False,isi>0.02;n_spikes<100;fr<0.2;presence<0.8;firing_rate_qm_low;num_spikes_qm_low
VMPFC,166,VMPFC_unit166,51,34,0.075,16.8901,,0.075,0.0,34,False,isi>0.02;n_spikes<100;fr<0.2;presence<0.8;firing_rate_qm_low;num_spikes_qm_low
VMPFC,167,VMPFC_unit167,51,29,0.0639,16.3359,,0.0639,0.0,29,False,isi>0.02;n_spikes<100;fr<0.2;presence<0.8;firing_rate_qm_low;num_spikes_qm_low
VMPFC,168,VMPFC_unit168,63,50,0.1102,13.8736,,0.1102,0.0,50,False,isi>0.02;n_spikes<100;fr<0.2;presence<0.8;firing_rate_qm_low;num_spikes_qm_low
VMPFC,169,VMPFC_unit169,54,933,2.0569,7.2712,,2.0569,0.5714,933,False,isi>0.02;presence<0.8
VMPFC,170,VMPFC_unit170,54,741,1.6336,9.4486,,1.6336,0.4286,741,False,isi>0.02;presence<0.8
VMPFC,171,VMPFC_unit171,51,77,0.1698,18.6529,,0.1698,0.0,77,False,isi>0.02;n_spikes<100;fr<0.2;presence<0.8;firing_rate_qm_low;num_spikes_qm_low
VMPFC,172,VMPFC_unit172,54,155,0.3417,9.8416,,0.3417,0.2857,155,False,isi>0.02;presence<0.8
VMPFC,173,VMPFC_unit173,54,27,0.0595,8.688,,0.0595,0.1429,27,False,isi>0.02;n_spikes<100;fr<0.2;presence<0.8;firing_rate_qm_low;num_spikes_qm_low
VMPFC,174,VMPFC_unit174,54,126,0.2778,12.2929,,0.2778,0.1429,126,False,isi>0.02;presence<0.8
VMPFC,175,VMPFC_unit175,51,112,0.2469,10.0115,,0.2469,0.2857,112,False,isi>0.02;presence<0.8
VMPFC,176,VMPFC_unit176,59,89,0.1962,9.0082,,0.1962,0.2857,89,False,isi>0.02;n_spikes<100;fr<0.2;presence<0.8;firing_rate_qm_low;num_spikes_qm_low
VMPFC,177,VMPFC_unit177,55,122,0.269,16.109,,0.269,0.0,122,False,isi>0.02;presence<0.8
VMPFC,178,VMPFC_unit178,54,659,1.4528,8.0823,,1.4528,0.2857,659,False,isi>0.02;presence<0.8
VMPFC,179,VMPFC_unit179,56,56,0.1235,18.3908,,0.1235,0.1429,56,False,isi>0.02;n_spikes<100;fr<0.2;presence<0.8;firing_rate_qm_low;num_spikes_qm_low
VMPFC,180,VMPFC_unit180,54,161,0.3549,11.7738,,0.3549,0.2857,161,False,isi>0.02;presence<0.8
VMPFC,181,VMPFC_unit181,54,1131,2.4934,7.8336,,2.4934,0.5714,1131,False,isi>0.02;presence<0.8
VMPFC,182,VMPFC_unit182,63,85,0.1874,13.0426,,0.1874,0.1429,85,False,isi>0.02;n_spikes<100;fr<0.2;presence<0.8;firing_rate_qm_low;num_spikes_qm_low
VMPFC,183,VMPFC_unit183,63,144,0.3175,8.7833,,0.3175,0.1429,144,False,isi>0.02;presence<0.8
VMPFC,184,VMPFC_unit184,61,47,0.1036,10.0647,,0.1036,0.2857,47,False,isi>0.02;n_spikes<100;fr<0.2;presence<0.8;firing_rate_qm_low;num_spikes_qm_low
VMPFC,185,VMPFC_unit185,59,94,0.2072,7.737,,0.2072,0.2857,94,False,isi>0.02;n_spikes<100;presence<0.8;num_spikes_qm_low
VMPFC,186,VMPFC_unit186,61,54,0.119,13.9812,,0.119,0.1429,54,False,isi>0.02;n_spikes<100;fr<0.2;presence<0.8;firing_rate_qm_low;num_spikes_qm_low
VMPFC,187,VMPFC_unit187,59,49,0.108,19.0875,,0.108,0.0,49,False,isi>0.02;n_spikes<100;fr<0.2;presence<0.8;firing_rate_qm_low;num_spikes_qm_low
VMPFC,188,VMPFC_unit188,59,177,0.3902,10.2766,,0.3902,0.2857,177,False,isi>0.02;presence<0.8
VMPFC,189,VMPFC_unit189,54,173,0.3814,10.6923,,0.3814,0.2857,173,False,isi>0.02;presence<0.8
VMPFC,190,VMPFC_unit190,61,22,0.0485,22.9227,,0.0485,0.1429,22,False,isi>0.02;n_spikes<100;fr<0.2;presence<0.8;firing_rate_qm_low;num_spikes_qm_low
VMPFC,191,VMPFC_unit191,60,46,0.1014,21.0693,,0.1014,0.1429,46,False,isi>0.02;n_spikes<100;fr<0.2;presence<0.8;firing_rate_qm_low;num_spikes_qm_low
VMPFC,192,VMPFC_unit192,54,37,0.0816,21.7956,,0.0816,0.1429,37,False,isi>0.02;n_spikes<100;fr<0.2;presence<0.8;firing_rate_qm_low;num_spikes_qm_low
VMPFC,193,VMPFC_unit193,52,43,0.0948,27.92,,0.0948,0.1429,43,False,isi>0.02;n_spikes<100;fr<0.2;presence<0.8;firing_rate_qm_low;num_spikes_qm_low
VMPFC,194,VMPFC_unit194,60,34,0.075,24.0949,,0.075,0.1429,34,False,isi>0.02;n_spikes<100;fr<0.2;presence<0.8;firing_rate_qm_low;num_spikes_qm_low
VMPFC,195,VMPFC_unit195,56,123,0.2712,22.4165,,0.2712,0.1429,123,False,isi>0.02;presence<0.8
VMPFC,196,VMPFC_unit196,54,24,0.0529,29.7158,,0.0529,0.1429,24,False,isi>0.02;n_spikes<100;fr<0.2;presence<0.8;firing_rate_qm_low;num_spikes_qm_low
VMPFC,197,VMPFC_unit197,51,51,0.1124,16.8984,,0.1124,0.1429,51,False,isi>0.02;n_spikes<100;fr<0.2;presence<0.8;firing_rate_qm_low;num_spikes_qm_low
VMPFC,198,VMPFC_unit198,54,17,0.0375,11.8603,,0.0375,0.4286,17,False,isi>0.02;n_spikes<100;fr<0.2;presence<0.8;firing_rate_qm_low;num_spikes_qm_low
VMPFC,199,VMPFC_unit199,56,33,0.0728,16.2959,,0.0728,0.1429,33,False,isi>0.02;n_spikes<100;fr<0.2;presence<0.8;firing_rate_qm_low;num_spikes_qm_low
VMPFC,200,VMPFC_unit200,56,41,0.0904,22.9571,,0.0904,0.1429,41,False,isi>0.02;n_spikes<100;fr<0.2;presence<0.8;firing_rate_qm_low;num_spikes_qm_low
VMPFC,201,VMPFC_unit201,51,32,0.0705,22.9945,,0.0705,0.1429,32,False,isi>0.02;n_spikes<100;fr<0.2;presence<0.8;firing_rate_qm_low;num_spikes_qm_low
VMPFC,202,VMPFC_unit202,55,106,0.2337,14.9638,,0.2337,0.2857,106,False,isi>0.02;presence<0.8
VMPFC,203,VMPFC_unit203,52,22,0.0485,18.4979,,0.0485,0.1429,22,False,isi>0.02;n_spikes<100;fr<0.2;presence<0.8;firing_rate_qm_low;num_spikes_qm_low
VMPFC,204,VMPFC_unit204,55,48,0.1058,10.4732,,0.1058,0.1429,48,False,isi>0.02;n_spikes<100;fr<0.2;presence<0.8;firing_rate_qm_low;num_spikes_qm_low
VMPFC,205,VMPFC_unit205,56,24,0.0529,28.1606,,0.0529,0.1429,24,False,isi>0.02;n_spikes<100;fr<0.2;presence<0.8;firing_rate_qm_low;num_spikes_qm_low
VMPFC,206,VMPFC_unit206,59,61,0.1345,16.5733,,0.1345,0.1429,61,False,isi>0.02;n_spikes<100;fr<0.2;presence<0.8;firing_rate_qm_low;num_spikes_qm_low
VMPFC,207,VMPFC_unit207,54,31,0.0683,10.1372,,0.0683,0.2857,31,False,isi>0.02;n_spikes<100;fr<0.2;presence<0.8;firing_rate_qm_low;num_spikes_qm_low
VMPFC,208,VMPFC_unit208,51,16,0.0353,11.4123,,0.0353,0.1429,16,False,isi>0.02;n_spikes<100;fr<0.2;presence<0.8;firing_rate_qm_low;num_spikes_qm_low
VMPFC,209,VMPFC_unit209,59,27,0.0595,11.731,,0.0595,0.1429,27,False,isi>0.02;n_spikes<100;fr<0.2;presence<0.8;firing_rate_qm_low;num_spikes_qm_low
VMPFC,210,VMPFC_unit210,54,35,0.0772,17.1524,,0.0772,0.1429,35,False,isi>0.02;n_spikes<100;fr<0.2;presence<0.8;firing_rate_qm_low;num_spikes_qm_low
VMPFC,211,VMPFC_unit211,54,31,0.0683,17.0659,,0.0683,0.1429,31,False,isi>0.02;n_spikes<100;fr<0.2;presence<0.8;firing_rate_qm_low;num_spikes_qm_low
VMPFC,212,VMPFC_unit212,51,24,0.0529,12.5151,,0.0529,0.1429,24,False,isi>0.02;n_spikes<100;fr<0.2;presence<0.8;firing_rate_qm_low;num_spikes_qm_low
VMPFC,213,VMPFC_unit213,54,72,0.1587,10.4256,,0.1587,0.0,72,False,isi>0.02;n_spikes<100;fr<0.2;presence<0.8;firing_rate_qm_low;num_spikes_qm_low
VMPFC,214,VMPFC_unit214,54,29,0.0639,29.5968,,0.0639,0.0,29,False,isi>0.02;n_spikes<100;fr<0.2;presence<0.8;firing_rate_qm_low;num_spikes_qm_low
VMPFC,215,VMPFC_unit215,59,15,0.0331,28.9695,,0.0331,0.1429,15,False,isi>0.02;n_spikes<100;fr<0.2;presence<0.8;firing_rate_qm_low;num_spikes_qm_low
VMPFC,216,VMPFC_unit216,51,28,0.0617,23.117,,0.0617,0.0,28,False,isi>0.02;n_spikes<100;fr<0.2;presence<0.8;firing_rate_qm_low;num_spikes_qm_low
VMPFC,217,VMPFC_unit217,56,37,0.0816,19.2693,,0.0816,0.1429,37,False,isi>0.02;n_spikes<100;fr<0.2;presence<0.8;firing_rate_qm_low;num_spikes_qm_low
VMPFC,218,VMPFC_unit218,54,26,0.0573,24.0055,,0.0573,0.1429,26,False,isi>0.02;n_spikes<100;fr<0.2;presence<0.8;firing_rate_qm_low;num_spikes_qm_low
VMPFC,219,VMPFC_unit219,56,42,0.0926,17.4061,,0.0926,0.0,42,False,isi>0.02;n_spikes<100;fr<0.2;presence<0.8;firing_rate_qm_low;num_spikes_qm_low
VMPFC,220,VMPFC_unit220,55,49,0.108,13.591,,0.108,0.4286,49,False,isi>0.02;n_spikes<100;fr<0.2;presence<0.8;firing_rate_qm_low;num_spikes_qm_low
VMPFC,221,VMPFC_unit221,55,25,0.0551,16.6762,,0.0551,0.2857,25,False,isi>0.02;n_spikes<100;fr<0.2;presence<0.8;firing_rate_qm_low;num_spikes_qm_low
VMPFC,222,VMPFC_unit222,55,22,0.0485,14.6097,,0.0485,0.1429,22,False,isi>0.02;n_spikes<100;fr<0.2;presence<0.8;firing_rate_qm_low;num_spikes_qm_low
VMPFC,223,VMPFC_unit223,55,30,0.0661,20.4587,,0.0661,0.1429,30,False,isi>0.02;n_spikes<100;fr<0.2;presence<0.8;firing_rate_qm_low;num_spikes_qm_low
VMPFC,224,VMPFC_unit224,55,25,0.0551,18.9666,,0.0551,0.1429,25,False,isi>0.02;n_spikes<100;fr<0.2;presence<0.8;firing_rate_qm_low;num_spikes_qm_low
VMPFC,225,VMPFC_unit225,55,21,0.0463,30.6645,,0.0463,0.1429,21,False,isi>0.02;n_spikes<100;fr<0.2;presence<0.8;firing_rate_qm_low;num_spikes_qm_low
VMPFC,226,VMPFC_unit226,55,16,0.0353,15.13,,0.0353,0.1429,16,False,isi>0.02;n_spikes<100;fr<0.2;presence<0.8;firing_rate_qm_low;num_spikes_qm_low
VMPFC,227,VMPFC_unit227,55,20,0.0441,12.3699,,0.0441,0.1429,20,False,isi>0.02;n_spikes<100;fr<0.2;presence<0.8;firing_rate_qm_low;num_spikes_qm_low
VMPFC,228,VMPFC_unit228,55,40,0.0882,20.7838,,0.0882,0.1429,40,False,isi>0.02;n_spikes<100;fr<0.2;presence<0.8;firing_rate_qm_low;num_spikes_qm_low
VMPFC,229,VMPFC_unit229,55,24,0.0529,26.1848,,0.0529,0.1429,24,False,isi>0.02;n_spikes<100;fr<0.2;presence<0.8;firing_rate_qm_low;num_spikes_qm_low
VMPFC,230,VMPFC_unit230,51,29,0.0639,16.2524,,0.0639,0.0,29,False,isi>0.02;n_spikes<100;fr<0.2;presence<0.8;firing_rate_qm_low;num_spikes_qm_low
VMPFC,231,VMPFC_unit231,55,27,0.0595,16.6328,,0.0595,0.2857,27,False,isi>0.02;n_spikes<100;fr<0.2;presence<0.8;firing_rate_qm_low;num_spikes_qm_low
VMPFC,232,VMPFC_unit232,55,35,0.0772,19.0895,,0.0772,0.0,35,False,isi>0.02;n_spikes<100;fr<0.2;presence<0.8;firing_rate_qm_low;num_spikes_qm_low
VMPFC,233,VMPFC_unit233,55,22,0.0485,13.4537,,0.0485,0.0,22,False,isi>0.02;n_spikes<100;fr<0.2;presence<0.8;firing_rate_qm_low;num_spikes_qm_low
VMPFC,234,VMPFC_unit234,56,46,0.1014,13.3482,,0.1014,0.2857,46,False,isi>0.02;n_spikes<100;fr<0.2;presence<0.8;firing_rate_qm_low;num_spikes_qm_low
VMPFC,235,VMPFC_unit235,56,52,0.1146,13.6314,,0.1146,0.2857,52,False,isi>0.02;n_spikes<100;fr<0.2;presence<0.8;firing_rate_qm_low;num_spikes_qm_low
VMPFC,236,VMPFC_unit236,56,25,0.0551,20.0738,,0.0551,0.1429,25,False,isi>0.02;n_spikes<100;fr<0.2;presence<0.8;firing_rate_qm_low;num_spikes_qm_low
VMPFC,237,VMPFC_unit237,51,24,0.0529,16.8706,,0.0529,0.0,24,False,isi>0.02;n_spikes<100;fr<0.2;presence<0.8;firing_rate_qm_low;num_spikes_qm_low
VMPFC,238,VMPFC_unit238,56,44,0.097,16.3956,,0.097,0.1429,44,False,isi>0.02;n_spikes<100;fr<0.2;presence<0.8;firing_rate_qm_low;num_spikes_qm_low
VMPFC,239,VMPFC_unit239,56,26,0.0573,23.9643,,0.0573,0.1429,26,False,isi>0.02;n_spikes<100;fr<0.2;presence<0.8;firing_rate_qm_low;num_spikes_qm_low
VMPFC,240,VMPFC_unit240,56,28,0.0617,22.0593,,0.0617,0.1429,28,False,isi>0.02;n_spikes<100;fr<0.2;presence<0.8;firing_rate_qm_low;num_spikes_qm_low
VMPFC,241,VMPFC_unit241,56,31,0.0683,18.6128,,0.0683,0.1429,31,False,isi>0.02;n_spikes<100;fr<0.2;presence<0.8;firing_rate_qm_low;num_spikes_qm_low
VMPFC,242,VMPFC_unit242,56,47,0.1036,18.1945,,0.1036,0.1429,47,False,isi>0.02;n_spikes<100;fr<0.2;presence<0.8;firing_rate_qm_low;num_spikes_qm_low
VMPFC,243,VMPFC_unit243,56,31,0.0683,12.4472,,0.0683,0.1429,31,False,isi>0.02;n_spikes<100;fr<0.2;presence<0.8;firing_rate_qm_low;num_spikes_qm_low
VMPFC,244,VMPFC_unit244,56,34,0.075,24.0126,,0.075,0.1429,34,False,isi>0.02;n_spikes<100;fr<0.2;presence<0.8;firing_rate_qm_low;num_spikes_qm_low
VMPFC,245,VMPFC_unit245,56,260,0.5732,12.9202,,0.5732,0.4286,260,False,isi>0.02;presence<0.8
VMPFC,246,VMPFC_unit246,56,24,0.0529,23.0601,,0.0529,0.1429,24,False,isi>0.02;n_spikes<100;fr<0.2;presence<0.8;firing_rate_qm_low;num_spikes_qm_low
VMPFC,247,VMPFC_unit247,56,26,0.0573,13.1809,,0.0573,0.1429,26,False,isi>0.02;n_spikes<100;fr<0.2;presence<0.8;firing_rate_qm_low;num_spikes_qm_low
VMPFC,248,VMPFC_unit248,56,14,0.0309,22.6514,,0.0309,0.0,14,False,isi>0.02;n_spikes<100;fr<0.2;presence<0.8;firing_rate_qm_low;num_spikes_qm_low
VMPFC,249,VMPFC_unit249,56,95,0.2094,12.0353,,0.2094,0.4286,95,False,isi>0.02;n_spikes<100;presence<0.8;num_spikes_qm_low
VMPFC,250,VMPFC_unit250,56,19,0.0419,22.4937,,0.0419,0.1429,19,False,isi>0.02;n_spikes<100;fr<0.2;presence<0.8;firing_rate_qm_low;num_spikes_qm_low
VMPFC,251,VMPFC_unit251,56,66,0.1455,11.4689,,0.1455,0.2857,66,False,isi>0.02;n_spikes<100;fr<0.2;presence<0.8;firing_rate_qm_low;num_spikes_qm_low
VMPFC,252,VMPFC_unit252,56,22,0.0485,13.419,,0.0485,0.2857,22,False,isi>0.02;n_spikes<100;fr<0.2;presence<0.8;firing_rate_qm_low;num_spikes_qm_low
VMPFC,253,VMPFC_unit253,51,32,0.0705,18.3048,,0.0705,0.0,32,False,isi>0.02;n_spikes<100;fr<0.2;presence<0.8;firing_rate_qm_low;num_spikes_qm_low
VMPFC,254,VMPFC_unit254,56,33,0.0728,11.9645,,0.0728,0.0,33,False,isi>0.02;n_spikes<100;fr<0.2;presence<0.8;firing_rate_qm_low;num_spikes_qm_low
VMPFC,255,VMPFC_unit255,51,14,0.0309,12.6098,,0.0309,0.0,14,False,isi>0.02;n_spikes<100;fr<0.2;presence<0.8;firing_rate_qm_low;num_spikes_qm_low
VMPFC,256,VMPFC_unit256,56,61,0.1345,11.5526,,0.1345,0.4286,61,False,isi>0.02;n_spikes<100;fr<0.2;presence<0.8;firing_rate_qm_low;num_spikes_qm_low
VMPFC,257,VMPFC_unit257,56,48,0.1058,16.0931,,0.1058,0.1429,48,False,isi>0.02;n_spikes<100;fr<0.2;presence<0.8;firing_rate_qm_low;num_spikes_qm_low
VMPFC,258,VMPFC_unit258,56,31,0.0683,20.3827,,0.0683,0.0,31,False,isi>0.02;n_spikes<100;fr<0.2;presence<0.8;firing_rate_qm_low;num_spikes_qm_low
VMPFC,259,VMPFC_unit259,56,41,0.0904,16.9202,,0.0904,0.4286,41,False,isi>0.02;n_spikes<100;fr<0.2;presence<0.8;firing_rate_qm_low;num_spikes_qm_low
VMPFC,260,VMPFC_unit260,56,39,0.086,16.6048,,0.086,0.2857,39,False,isi>0.02;n_spikes<100;fr<0.2;presence<0.8;firing_rate_qm_low;num_spikes_qm_low
VMPFC,261,VMPFC_unit261,56,40,0.0882,10.9315,,0.0882,0.0,40,False,isi>0.02;n_spikes<100;fr<0.2;presence<0.8;firing_rate_qm_low;num_spikes_qm_low
VMPFC,262,VMPFC_unit262,56,40,0.0882,13.0071,,0.0882,0.1429,40,False,isi>0.02;n_spikes<100;fr<0.2;presence<0.8;firing_rate_qm_low;num_spikes_qm_low
VMPFC,263,VMPFC_unit263,56,54,0.119,14.3104,,0.119,0.1429,54,False,isi>0.02;n_spikes<100;fr<0.2;presence<0.8;firing_rate_qm_low;num_spikes_qm_low
VMPFC,264,VMPFC_unit264,56,78,0.172,18.5517,,0.172,0.1429,78,False,isi>0.02;n_spikes<100;fr<0.2;presence<0.8;firing_rate_qm_low;num_spikes_qm_low
VMPFC,265,VMPFC_unit265,56,34,0.075,13.5059,,0.075,0.2857,34,False,isi>0.02;n_spikes<100;fr<0.2;presence<0.8;firing_rate_qm_low;num_spikes_qm_low
VMPFC,266,VMPFC_unit266,56,26,0.0573,12.2444,,0.0573,0.2857,26,False,isi>0.02;n_spikes<100;fr<0.2;presence<0.8;firing_rate_qm_low;num_spikes_qm_low
VMPFC,267,VMPFC_unit267,52,19,0.0419,17.8965,,0.0419,0.0,19,False,isi>0.02;n_spikes<100;fr<0.2;presence<0.8;firing_rate_qm_low;num_spikes_qm_low
VMPFC,268,VMPFC_unit268,56,20,0.0441,9.8535,,0.0441,0.0,20,False,isi>0.02;n_spikes<100;fr<0.2;presence<0.8;firing_rate_qm_low;num_spikes_qm_low
VMPFC,269,VMPFC_unit269,56,127,0.28,10.6773,,0.28,0.5714,127,False,isi>0.02;presence<0.8
VMPFC,270,VMPFC_unit270,56,31,0.0683,13.2774,,0.0683,0.1429,31,False,isi>0.02;n_spikes<100;fr<0.2;presence<0.8;firing_rate_qm_low;num_spikes_qm_low
VMPFC,271,VMPFC_unit271,56,30,0.0661,12.3892,,0.0661,0.2857,30,False,isi>0.02;n_spikes<100;fr<0.2;presence<0.8;firing_rate_qm_low;num_spikes_qm_low
VMPFC,272,VMPFC_unit272,56,22,0.0485,14.9765,,0.0485,0.1429,22,False,isi>0.02;n_spikes<100;fr<0.2;presence<0.8;firing_rate_qm_low;num_spikes_qm_low
VMPFC,273,VMPFC_unit273,56,21,0.0463,14.7706,,0.0463,0.0,21,False,isi>0.02;n_spikes<100;fr<0.2;presence<0.8;firing_rate_qm_low;num_spikes_qm_low
VMPFC,274,VMPFC_unit274,56,23,0.0507,13.8245,,0.0507,0.0,23,False,isi>0.02;n_spikes<100;fr<0.2;presence<0.8;firing_rate_qm_low;num_spikes_qm_low
VMPFC,275,VMPFC_unit275,56,35,0.0772,21.1035,,0.0772,0.1429,35,False,isi>0.02;n_spikes<100;fr<0.2;presence<0.8;firing_rate_qm_low;num_spikes_qm_low
VMPFC,276,VMPFC_unit276,56,30,0.0661,13.9596,,0.0661,0.0,30,False,isi>0.02;n_spikes<100;fr<0.2;presence<0.8;firing_rate_qm_low;num_spikes_qm_low
VMPFC,277,VMPFC_unit277,56,58,0.1279,13.0747,,0.1279,0.1429,58,False,isi>0.02;n_spikes<100;fr<0.2;presence<0.8;firing_rate_qm_low;num_spikes_qm_low
VMPFC,278,VMPFC_unit278,58,51,0.1124,13.4476,,0.1124,0.5714,51,False,isi>0.02;n_spikes<100;fr<0.2;presence<0.8;firing_rate_qm_low;num_spikes_qm_low
VMPFC,279,VMPFC_unit279,59,31,0.0683,18.7831,,0.0683,0.2857,31,False,isi>0.02;n_spikes<100;fr<0.2;presence<0.8;firing_rate_qm_low;num_spikes_qm_low
VMPFC,280,VMPFC_unit280,59,79,0.1742,16.2238,,0.1742,0.1429,79,False,isi>0.02;n_spikes<100;fr<0.2;presence<0.8;firing_rate_qm_low;num_spikes_qm_low
VMPFC,281,VMPFC_unit281,59,21,0.0463,15.6094,,0.0463,0.1429,21,False,isi>0.02;n_spikes<100;fr<0.2;presence<0.8;firing_rate_qm_low;num_spikes_qm_low
VMPFC,282,VMPFC_unit282,59,207,0.4563,15.0231,,0.4563,0.5714,207,False,isi>0.02;presence<0.8
VMPFC,283,VMPFC_unit283,59,82,0.1808,17.5176,,0.1808,0.4286,82,False,isi>0.02;n_spikes<100;fr<0.2;presence<0.8;firing_rate_qm_low;num_spikes_qm_low
VMPFC,284,VMPFC_unit284,59,222,0.4894,22.002,,0.4894,0.1429,222,False,isi>0.02;presence<0.8
VMPFC,285,VMPFC_unit285,59,38,0.0838,30.3563,,0.0838,0.0,38,False,isi>0.02;n_spikes<100;fr<0.2;presence<0.8;firing_rate_qm_low;num_spikes_qm_low
VMPFC,286,VMPFC_unit286,59,57,0.1257,18.9184,,0.1257,0.2857,57,False,isi>0.02;n_spikes<100;fr<0.2;presence<0.8;firing_rate_qm_low;num_spikes_qm_low
VMPFC,287,VMPFC_unit287,59,51,0.1124,22.2049,,0.1124,0.1429,51,False,isi>0.02;n_spikes<100;fr<0.2;presence<0.8;firing_rate_qm_low;num_spikes_qm_low
VMPFC,288,VMPFC_unit288,59,77,0.1698,16.3648,,0.1698,0.2857,77,False,isi>0.02;n_spikes<100;fr<0.2;presence<0.8;firing_rate_qm_low;num_spikes_qm_low
VMPFC,289,VMPFC_unit289,59,310,0.6834,15.336,,0.6834,0.5714,310,False,isi>0.02;presence<0.8
VMPFC,290,VMPFC_unit290,59,54,0.119,22.8926,,0.119,0.1429,54,False,isi>0.02;n_spikes<100;fr<0.2;presence<0.8;firing_rate_qm_low;num_spikes_qm_low
VMPFC,291,VMPFC_unit291,59,15,0.0331,21.8046,,0.0331,0.1429,15,False,isi>0.02;n_spikes<100;fr<0.2;presence<0.8;firing_rate_qm_low;num_spikes_qm_low
VMPFC,292,VMPFC_unit292,59,50,0.1102,13.3404,,0.1102,0.0,50,False,isi>0.02;n_spikes<100;fr<0.2;presence<0.8;firing_rate_qm_low;num_spikes_qm_low
VMPFC,293,VMPFC_unit293,56,31,0.0683,18.6836,,0.0683,0.0,31,False,isi>0.02;n_spikes<100;fr<0.2;presence<0.8;firing_rate_qm_low;num_spikes_qm_low
VMPFC,294,VMPFC_unit294,59,82,0.1808,20.0797,,0.1808,0.0,82,False,isi>0.02;n_spikes<100;fr<0.2;presence<0.8;firing_rate_qm_low;num_spikes_qm_low
VMPFC,295,VMPFC_unit295,59,32,0.0705,16.3168,,0.0705,0.1429,32,False,isi>0.02;n_spikes<100;fr<0.2;presence<0.8;firing_rate_qm_low;num_spikes_qm_low
VMPFC,296,VMPFC_unit296,59,21,0.0463,16.827,,0.0463,0.1429,21,False,isi>0.02;n_spikes<100;fr<0.2;presence<0.8;firing_rate_qm_low;num_spikes_qm_low
VMPFC,297,VMPFC_unit297,59,62,0.1367,25.5196,,0.1367,0.1429,62,False,isi>0.02;n_spikes<100;fr<0.2;presence<0.8;firing_rate_qm_low;num_spikes_qm_low
VMPFC,298,VMPFC_unit298,51,54,0.119,15.9934,,0.119,0.1429,54,False,isi>0.02;n_spikes<100;fr<0.2;presence<0.8;firing_rate_qm_low;num_spikes_qm_low
VMPFC,299,VMPFC_unit299,59,54,0.119,18.8705,,0.119,0.1429,54,False,isi>0.02;n_spikes<100;fr<0.2;presence<0.8;firing_rate_qm_low;num_spikes_qm_low
VMPFC,300,VMPFC_unit300,60,28,0.0617,16.2644,,0.0617,0.1429,28,False,isi>0.02;n_spikes<100;fr<0.2;presence<0.8;firing_rate_qm_low;num_spikes_qm_low
VMPFC,301,VMPFC_unit301,52,34,0.075,19.7153,,0.075,0.1429,34,False,isi>0.02;n_spikes<100;fr<0.2;presence<0.8;firing_rate_qm_low;num_spikes_qm_low
VMPFC,302,VMPFC_unit302,52,29,0.0639,20.1709,,0.0639,0.1429,29,False,isi>0.02;n_spikes<100;fr<0.2;presence<0.8;firing_rate_qm_low;num_spikes_qm_low
VMPFC,303,VMPFC_unit303,60,21,0.0463,20.0387,,0.0463,0.1429,21,False,isi>0.02;n_spikes<100;fr<0.2;presence<0.8;firing_rate_qm_low;num_spikes_qm_low
VMPFC,304,VMPFC_unit304,51,55,0.1213,13.1779,,0.1213,0.4286,55,False,isi>0.02;n_spikes<100;fr<0.2;presence<0.8;firing_rate_qm_low;num_spikes_qm_low
VMPFC,305,VMPFC_unit305,55,37,0.0816,16.1054,,0.0816,0.1429,37,False,isi>0.02;n_spikes<100;fr<0.2;presence<0.8;firing_rate_qm_low;num_spikes_qm_low
VMPFC,306,VMPFC_unit306,60,30,0.0661,12.0144,,0.0661,0.1429,30,False,isi>0.02;n_spikes<100;fr<0.2;presence<0.8;firing_rate_qm_low;num_spikes_qm_low
VMPFC,307,VMPFC_unit307,63,26,0.0573,22.6979,,0.0573,0.1429,26,False,isi>0.02;n_spikes<100;fr<0.2;presence<0.8;firing_rate_qm_low;num_spikes_qm_low
VMPFC,308,VMPFC_unit308,59,93,0.205,9.8425,,0.205,0.1429,93,False,isi>0.02;n_spikes<100;presence<0.8;num_spikes_qm_low
VMPFC,309,VMPFC_unit309,60,142,0.313,11.2129,,0.313,0.4286,142,False,isi>0.02;presence<0.8
VMPFC,310,VMPFC_unit310,60,137,0.302,9.0725,,0.302,0.7143,137,False,isi>0.02;presence<0.8
VMPFC,311,VMPFC_unit311,51,111,0.2447,9.2791,,0.2447,0.2857,111,False,isi>0.02;presence<0.8
VMPFC,312,VMPFC_unit312,60,33,0.0728,13.8994,,0.0728,0.1429,33,False,isi>0.02;n_spikes<100;fr<0.2;presence<0.8;firing_rate_qm_low;num_spikes_qm_low
VMPFC,313,VMPFC_unit313,60,81,0.1786,8.6937,,0.1786,0.8571,81,False,isi>0.02;n_spikes<100;fr<0.2;firing_rate_qm_low;num_spikes_qm_low
VMPFC,314,VMPFC_unit314,61,48,0.1058,10.3344,,0.1058,0.1429,48,False,isi>0.02;n_spikes<100;fr<0.2;presence<0.8;firing_rate_qm_low;num_spikes_qm_low
VMPFC,315,VMPFC_unit315,60,87,0.1918,10.5434,,0.1918,0.4286,87,False,isi>0.02;n_spikes<100;fr<0.2;presence<0.8;firing_rate_qm_low;num_spikes_qm_low
VMPFC,316,VMPFC_unit316,51,24,0.0529,12.7295,,0.0529,0.1429,24,False,isi>0.02;n_spikes<100;fr<0.2;presence<0.8;firing_rate_qm_low;num_spikes_qm_low
VMPFC,317,VMPFC_unit317,51,45,0.0992,11.2452,,0.0992,0.2857,45,False,isi>0.02;n_spikes<100;fr<0.2;presence<0.8;firing_rate_qm_low;num_spikes_qm_low
VMPFC,318,VMPFC_unit318,51,57,0.1257,9.992,,0.1257,0.1429,57,False,isi>0.02;n_spikes<100;fr<0.2;presence<0.8;firing_rate_qm_low;num_spikes_qm_low
VMPFC,319,VMPFC_unit319,59,73,0.1609,21.8272,,0.1609,0.1429,73,False,isi>0.02;n_spikes<100;fr<0.2;presence<0.8;firing_rate_qm_low;num_spikes_qm_low
VMPFC,320,VMPFC_unit320,60,33,0.0728,24.0641,,0.0728,0.1429,33,False,isi>0.02;n_spikes<100;fr<0.2;presence<0.8;firing_rate_qm_low;num_spikes_qm_low
VMPFC,321,VMPFC_unit321,60,43,0.0948,10.4201,,0.0948,0.1429,43,False,isi>0.02;n_spikes<100;fr<0.2;presence<0.8;firing_rate_qm_low;num_spikes_qm_low
VMPFC,322,VMPFC_unit322,59,21,0.0463,11.3138,,0.0463,0.1429,21,False,isi>0.02;n_spikes<100;fr<0.2;presence<0.8;firing_rate_qm_low;num_spikes_qm_low
VMPFC,323,VMPFC_unit323,56,37,0.0816,21.007,,0.0816,0.1429,37,False,isi>0.02;n_spikes<100;fr<0.2;presence<0.8;firing_rate_qm_low;num_spikes_qm_low
VMPFC,324,VMPFC_unit324,56,76,0.1675,10.3941,,0.1675,0.1429,76,False,isi>0.02;n_spikes<100;fr<0.2;presence<0.8;firing_rate_qm_low;num_spikes_qm_low
VMPFC,325,VMPFC_unit325,59,14,0.0309,11.6774,,0.0309,0.1429,14,False,isi>0.02;n_spikes<100;fr<0.2;presence<0.8;firing_rate_qm_low;num_spikes_qm_low
VMPFC,326,VMPFC_unit326,60,57,0.1257,12.3227,,0.1257,0.1429,57,False,isi>0.02;n_spikes<100;fr<0.2;presence<0.8;firing_rate_qm_low;num_spikes_qm_low
VMPFC,327,VMPFC_unit327,63,12,0.0265,8.8168,,0.0265,0.1429,12,False,isi>0.02;n_spikes<100;fr<0.2;presence<0.8;firing_rate_qm_low;num_spikes_qm_low
VMPFC,328,VMPFC_unit328,59,45,0.0992,12.1651,,0.0992,0.2857,45,False,isi>0.02;n_spikes<100;fr<0.2;presence<0.8;firing_rate_qm_low;num_spikes_qm_low
VMPFC,329,VMPFC_unit329,60,26,0.0573,15.3836,,0.0573,0.1429,26,False,isi>0.02;n_spikes<100;fr<0.2;presence<0.8;firing_rate_qm_low;num_spikes_qm_low
VMPFC,330,VMPFC_unit330,63,18,0.0397,18.4833,,0.0397,0.1429,18,False,isi>0.02;n_spikes<100;fr<0.2;presence<0.8;firing_rate_qm_low;num_spikes_qm_low
VMPFC,331,VMPFC_unit331,55,43,0.0948,12.6589,,0.0948,0.1429,43,False,isi>0.02;n_spikes<100;fr<0.2;presence<0.8;firing_rate_qm_low;num_spikes_qm_low
VMPFC,332,VMPFC_unit332,51,58,0.1279,7.4049,,0.1279,0.1429,58,False,isi>0.02;n_spikes<100;fr<0.2;presence<0.8;firing_rate_qm_low;num_spikes_qm_low
VMPFC,333,VMPFC_unit333,60,18,0.0397,25.6187,,0.0397,0.1429,18,False,isi>0.02;n_spikes<100;fr<0.2;presence<0.8;firing_rate_qm_low;num_spikes_qm_low
VMPFC,334,VMPFC_unit334,60,21,0.0463,22.091,,0.0463,0.1429,21,False,isi>0.02;n_spikes<100;fr<0.2;presence<0.8;firing_rate_qm_low;num_spikes_qm_low
VMPFC,335,VMPFC_unit335,51,43,0.0948,12.71,,0.0948,0.1429,43,False,isi>0.02;n_spikes<100;fr<0.2;presence<0.8;firing_rate_qm_low;num_spikes_qm_low
VMPFC,336,VMPFC_unit336,55,27,0.0595,22.8828,,0.0595,0.1429,27,False,isi>0.02;n_spikes<100;fr<0.2;presence<0.8;firing_rate_qm_low;num_spikes_qm_low
VMPFC,337,VMPFC_unit337,61,44,0.097,22.6714,,0.097,0.2857,44,False,isi>0.02;n_spikes<100;fr<0.2;presence<0.8;firing_rate_qm_low;num_spikes_qm_low
VMPFC,338,VMPFC_unit338,61,72,0.1587,20.0814,,0.1587,0.2857,72,False,isi>0.02;n_spikes<100;fr<0.2;presence<0.8;firing_rate_qm_low;num_spikes_qm_low
VMPFC,339,VMPFC_unit339,61,27,0.0595,12.7767,,0.0595,0.1429,27,False,isi>0.02;n_spikes<100;fr<0.2;presence<0.8;firing_rate_qm_low;num_spikes_qm_low
VMPFC,340,VMPFC_unit340,61,40,0.0882,20.776,,0.0882,0.1429,40,False,isi>0.02;n_spikes<100;fr<0.2;presence<0.8;firing_rate_qm_low;num_spikes_qm_low
VMPFC,341,VMPFC_unit341,59,21,0.0463,11.6013,,0.0463,0.1429,21,False,isi>0.02;n_spikes<100;fr<0.2;presence<0.8;firing_rate_qm_low;num_spikes_qm_low
VMPFC,342,VMPFC_unit342,61,28,0.0617,18.814,,0.0617,0.2857,28,False,isi>0.02;n_spikes<100;fr<0.2;presence<0.8;firing_rate_qm_low;num_spikes_qm_low
VMPFC,343,VMPFC_unit343,61,37,0.0816,20.4915,,0.0816,0.1429,37,False,isi>0.02;n_spikes<100;fr<0.2;presence<0.8;firing_rate_qm_low;num_spikes_qm_low
VMPFC,344,VMPFC_unit344,61,18,0.0397,24.1641,,0.0397,0.0,18,False,isi>0.02;n_spikes<100;fr<0.2;presence<0.8;firing_rate_qm_low;num_spikes_qm_low
VMPFC,345,VMPFC_unit345,61,25,0.0551,18.718,,0.0551,0.1429,25,False,isi>0.02;n_spikes<100;fr<0.2;presence<0.8;firing_rate_qm_low;num_spikes_qm_low
VMPFC,346,VMPFC_unit346,61,90,0.1984,17.9162,,0.1984,0.1429,90,False,isi>0.02;n_spikes<100;fr<0.2;presence<0.8;firing_rate_qm_low;num_spikes_qm_low
VMPFC,347,VMPFC_unit347,59,25,0.0551,14.1493,,0.0551,0.1429,25,False,isi>0.02;n_spikes<100;fr<0.2;presence<0.8;firing_rate_qm_low;num_spikes_qm_low
VMPFC,348,VMPFC_unit348,51,32,0.0705,16.7536,,0.0705,0.2857,32,False,isi>0.02;n_spikes<100;fr<0.2;presence<0.8;firing_rate_qm_low;num_spikes_qm_low
VMPFC,349,VMPFC_unit349,61,30,0.0661,19.7193,,0.0661,0.2857,30,False,isi>0.02;n_spikes<100;fr<0.2;presence<0.8;firing_rate_qm_low;num_spikes_qm_low
VMPFC,350,VMPFC_unit350,61,65,0.1433,13.6117,,0.1433,0.2857,65,False,isi>0.02;n_spikes<100;fr<0.2;presence<0.8;firing_rate_qm_low;num_spikes_qm_low
VMPFC,351,VMPFC_unit351,61,47,0.1036,19.3017,,0.1036,0.0,47,False,isi>0.02;n_spikes<100;fr<0.2;presence<0.8;firing_rate_qm_low;num_spikes_qm_low
VMPFC,352,VMPFC_unit352,61,90,0.1984,17.1181,,0.1984,0.2857,90,False,isi>0.02;n_spikes<100;fr<0.2;presence<0.8;firing_rate_qm_low;num_spikes_qm_low
VMPFC,353,VMPFC_unit353,61,43,0.0948,26.5658,,0.0948,0.1429,43,False,isi>0.02;n_spikes<100;fr<0.2;presence<0.8;firing_rate_qm_low;num_spikes_qm_low
VMPFC,354,VMPFC_unit354,61,258,0.5688,13.2312,,0.5688,0.5714,258,False,isi>0.02;presence<0.8
VMPFC,355,VMPFC_unit355,61,87,0.1918,14.0403,,0.1918,0.8571,87,False,isi>0.02;n_spikes<100;fr<0.2;firing_rate_qm_low;num_spikes_qm_low
VMPFC,356,VMPFC_unit356,61,30,0.0661,21.5815,,0.0661,0.0,30,False,isi>0.02;n_spikes<100;fr<0.2;presence<0.8;firing_rate_qm_low;num_spikes_qm_low
VMPFC,357,VMPFC_unit357,61,267,0.5886,12.4589,,0.5886,0.4286,267,False,isi>0.02;presence<0.8
VMPFC,358,VMPFC_unit358,51,28,0.0617,11.2675,,0.0617,0.1429,28,False,isi>0.02;n_spikes<100;fr<0.2;presence<0.8;firing_rate_qm_low;num_spikes_qm_low
VMPFC,359,VMPFC_unit359,62,45,0.0992,20.6385,,0.0992,0.1429,45,False,isi>0.02;n_spikes<100;fr<0.2;presence<0.8;firing_rate_qm_low;num_spikes_qm_low
VMPFC,360,VMPFC_unit360,62,129,0.2844,15.8647,,0.2844,0.2857,129,False,isi>0.02;presence<0.8
VMPFC,361,VMPFC_unit361,62,79,0.1742,14.7879,,0.1742,0.2857,79,False,isi>0.02;n_spikes<100;fr<0.2;presence<0.8;firing_rate_qm_low;num_spikes_qm_low
VMPFC,362,VMPFC_unit362,51,17,0.0375,14.8599,,0.0375,0.0,17,False,isi>0.02;n_spikes<100;fr<0.2;presence<0.8;firing_rate_qm_low;num_spikes_qm_low
VMPFC,363,VMPFC_unit363,60,57,0.1257,14.19,,0.1257,0.1429,57,False,isi>0.02;n_spikes<100;fr<0.2;presence<0.8;firing_rate_qm_low;num_spikes_qm_low
VMPFC,364,VMPFC_unit364,59,26,0.0573,9.7495,,0.0573,0.2857,26,False,isi>0.02;n_spikes<100;fr<0.2;presence<0.8;firing_rate_qm_low;num_spikes_qm_low
VMPFC,365,VMPFC_unit365,61,26,0.0573,8.8824,,0.0573,0.4286,26,False,isi>0.02;n_spikes<100;fr<0.2;presence<0.8;firing_rate_qm_low;num_spikes_qm_low
VMPFC,366,VMPFC_unit366,51,29,0.0639,8.349,,0.0639,0.2857,29,False,isi>0.02;n_spikes<100;fr<0.2;presence<0.8;firing_rate_qm_low;num_spikes_qm_low
VMPFC,367,VMPFC_unit367,59,28,0.0617,13.3545,,0.0617,0.1429,28,False,isi>0.02;n_spikes<100;fr<0.2;presence<0.8;firing_rate_qm_low;num_spikes_qm_low
VMPFC,368,VMPFC_unit368,62,23,0.0507,14.5486,,0.0507,0.1429,23,False,isi>0.02;n_spikes<100;fr<0.2;presence<0.8;firing_rate_qm_low;num_spikes_qm_low
VMPFC,369,VMPFC_unit369,51,30,0.0661,11.1171,,0.0661,0.0,30,False,isi>0.02;n_spikes<100;fr<0.2;presence<0.8;firing_rate_qm_low;num_spikes_qm_low
VMPFC,370,VMPFC_unit370,51,13,0.0287,12.2923,,0.0287,0.0,13,False,isi>0.02;n_spikes<100;fr<0.2;presence<0.8;firing_rate_qm_low;num_spikes_qm_low
VMPFC,371,VMPFC_unit371,51,26,0.0573,18.3828,,0.0573,0.1429,26,False,isi>0.02;n_spikes<100;fr<0.2;presence<0.8;firing_rate_qm_low;num_spikes_qm_low
VMPFC,372,VMPFC_unit372,62,30,0.0661,13.8607,,0.0661,0.1429,30,False,isi>0.02;n_spikes<100;fr<0.2;presence<0.8;firing_rate_qm_low;num_spikes_qm_low
VMPFC,373,VMPFC_unit373,52,21,0.0463,9.2143,,0.0463,0.0,21,False,isi>0.02;n_spikes<100;fr<0.2;presence<0.8;firing_rate_qm_low;num_spikes_qm_low
VMPFC,374,VMPFC_unit374,59,42,0.0926,12.0382,,0.0926,0.1429,42,False,isi>0.02;n_spikes<100;fr<0.2;presence<0.8;firing_rate_qm_low;num_spikes_qm_low
VMPFC,375,VMPFC_unit375,62,31,0.0683,14.1658,,0.0683,0.1429,31,False,isi>0.02;n_spikes<100;fr<0.2;presence<0.8;firing_rate_qm_low;num_spikes_qm_low
VMPFC,376,VMPFC_unit376,52,22,0.0485,12.2943,,0.0485,0.1429,22,False,isi>0.02;n_spikes<100;fr<0.2;presence<0.8;firing_rate_qm_low;num_spikes_qm_low
VMPFC,377,VMPFC_unit377,63,59,0.1301,18.8559,,0.1301,0.4286,59,False,isi>0.02;n_spikes<100;fr<0.2;presence<0.8;firing_rate_qm_low;num_spikes_qm_low
VMPFC,378,VMPFC_unit378,63,40,0.0882,26.1374,,0.0882,0.1429,40,False,isi>0.02;n_spikes<100;fr<0.2;presence<0.8;firing_rate_qm_low;num_spikes_qm_low
VMPFC,379,VMPFC_unit379,63,11,0.0243,15.122,,0.0243,0.1429,11,False,isi>0.02;n_spikes<100;fr<0.2;presence<0.8;firing_rate_qm_low;num_spikes_qm_low
VMPFC,380,VMPFC_unit380,63,15,0.0331,16.5306,,0.0331,0.1429,15,False,isi>0.02;n_spikes<100;fr<0.2;presence<0.8;firing_rate_qm_low;num_spikes_qm_low
VMPFC,381,VMPFC_unit381,63,232,0.5115,17.1678,,0.5115,0.7143,232,False,isi>0.02;presence<0.8
VMPFC,382,VMPFC_unit382,63,12,0.0265,15.6586,,0.0265,0.1429,12,False,isi>0.02;n_spikes<100;fr<0.2;presence<0.8;firing_rate_qm_low;num_spikes_qm_low
VMPFC,383,VMPFC_unit383,63,50,0.1102,15.3679,,0.1102,0.1429,50,False,isi>0.02;n_spikes<100;fr<0.2;presence<0.8;firing_rate_qm_low;num_spikes_qm_low
VMPFC,384,VMPFC_unit384,63,11,0.0243,10.9856,,0.0243,0.0,11,False,isi>0.02;n_spikes<100;fr<0.2;presence<0.8;firing_rate_qm_low;num_spikes_qm_low
VMPFC,385,VMPFC_unit385,59,20,0.0441,20.8604,,0.0441,0.1429,20,False,isi>0.02;n_spikes<100;fr<0.2;presence<0.8;firing_rate_qm_low;num_spikes_qm_low
VMPFC,386,VMPFC_unit386,63,32,0.0705,29.7036,,0.0705,0.1429,32,False,isi>0.02;n_spikes<100;fr<0.2;presence<0.8;firing_rate_qm_low;num_spikes_qm_low
VMPFC,387,VMPFC_unit387,63,10,0.022,18.0696,,0.022,0.1429,10,False,isi>0.02;n_spikes<100;fr<0.2;presence<0.8;firing_rate_qm_low;num_spikes_qm_low
VMPFC,388,VMPFC_unit388,63,68,0.1499,13.7059,,0.1499,0.1429,68,False,isi>0.02;n_spikes<100;fr<0.2;presence<0.8;firing_rate_qm_low;num_spikes_qm_low
VMPFC,389,VMPFC_unit389,63,21,0.0463,15.5319,,0.0463,0.1429,21,False,isi>0.02;n_spikes<100;fr<0.2;presence<0.8;firing_rate_qm_low;num_spikes_qm_low
VMPFC,390,VMPFC_unit390,63,24,0.0529,15.6884,,0.0529,0.1429,24,False,isi>0.02;n_spikes<100;fr<0.2;presence<0.8;firing_rate_qm_low;num_spikes_qm_low
VMPFC,391,VMPFC_unit391,63,60,0.1323,26.3163,,0.1323,0.1429,60,False,isi>0.02;n_spikes<100;fr<0.2;presence<0.8;firing_rate_qm_low;num_spikes_qm_low
VMPFC,392,VMPFC_unit392,63,55,0.1213,15.5393,,0.1213,0.1429,55,False,isi>0.02;n_spikes<100;fr<0.2;presence<0.8;firing_rate_qm_low;num_spikes_qm_low
VMPFC,393,VMPFC_unit393,63,48,0.1058,20.3316,,0.1058,0.1429,48,False,isi>0.02;n_spikes<100;fr<0.2;presence<0.8;firing_rate_qm_low;num_spikes_qm_low
VMPFC,394,VMPFC_unit394,63,48,0.1058,18.1218,,0.1058,0.2857,48,False,isi>0.02;n_spikes<100;fr<0.2;presence<0.8;firing_rate_qm_low;num_spikes_qm_low
VMPFC,395,VMPFC_unit395,63,30,0.0661,19.4447,,0.0661,0.2857,30,False,isi>0.02;n_spikes<100;fr<0.2;presence<0.8;firing_rate_qm_low;num_spikes_qm_low
VMPFC,396,VMPFC_unit396,51,102,0.2249,12.7323,,0.2249,0.4286,102,False,isi>0.02;presence<0.8
VMPFC,397,VMPFC_unit397,63,35,0.0772,29.1335,,0.0772,0.1429,35,False,isi>0.02;n_spikes<100;fr<0.2;presence<0.8;firing_rate_qm_low;num_spikes_qm_low
VMPFC,398,VMPFC_unit398,63,23,0.0507,18.3118,,0.0507,0.1429,23,False,isi>0.02;n_spikes<100;fr<0.2;presence<0.8;firing_rate_qm_low;num_spikes_qm_low
VMPFC,399,VMPFC_unit399,63,31,0.0683,15.6362,,0.0683,0.2857,31,False,isi>0.02;n_spikes<100;fr<0.2;presence<0.8;firing_rate_qm_low;num_spikes_qm_low
VMPFC,400,VMPFC_unit400,51,23,0.0507,13.8128,,0.0507,0.1429,23,False,isi>0.02;n_spikes<100;fr<0.2;presence<0.8;firing_rate_qm_low;num_spikes_qm_low
VMPFC,401,VMPFC_unit401,56,18,0.0397,14.8446,,0.0397,0.1429,18,False,isi>0.02;n_spikes<100;fr<0.2;presence<0.8;firing_rate_qm_low;num_spikes_qm_low
VMPFC,402,VMPFC_unit402,63,62,0.1367,14.2537,,0.1367,0.2857,62,False,isi>0.02;n_spikes<100;fr<0.2;presence<0.8;firing_rate_qm_low;num_spikes_qm_low
VMPFC,403,VMPFC_unit403,63,48,0.1058,15.7182,,0.1058,0.2857,48,False,isi>0.02;n_spikes<100;fr<0.2;presence<0.8;firing_rate_qm_low;num_spikes_qm_low
VMPFC,404,VMPFC_unit404,63,17,0.0375,17.41,,0.0375,0.0,17,False,isi>0.02;n_spikes<100;fr<0.2;presence<0.8;firing_rate_qm_low;num_spikes_qm_low
VMPFC,405,VMPFC_unit405,54,9,0.0198,21.2477,,0.0198,0.1429,9,False,isi>0.02;n_spikes<100;fr<0.2;presence<0.8;firing_rate_qm_low;num_spikes_qm_low
VMPFC,406,VMPFC_unit406,59,24,0.0529,9.7298,,0.0529,0.2857,24,False,isi>0.02;n_spikes<100;fr<0.2;presence<0.8;firing_rate_qm_low;num_spikes_qm_low
VMPFC,407,VMPFC_unit407,60,13,0.0287,19.2636,,0.0287,0.1429,13,False,isi>0.02;n_spikes<100;fr<0.2;presence<0.8;firing_rate_qm_low;num_spikes_qm_low
VMPFC,408,VMPFC_unit408,59,66,0.1455,10.5556,,0.1455,0.1429,66,False,isi>0.02;n_spikes<100;fr<0.2;presence<0.8;firing_rate_qm_low;num_spikes_qm_low
VMPFC,409,VMPFC_unit409,56,12,0.0265,10.9605,,0.0265,0.0,12,False,isi>0.02;n_spikes<100;fr<0.2;presence<0.8;firing_rate_qm_low;num_spikes_qm_low
VMPFC,410,VMPFC_unit410,59,23,0.0507,7.7793,,0.0507,0.0,23,False,isi>0.02;n_spikes<100;fr<0.2;presence<0.8;firing_rate_qm_low;num_spikes_qm_low
VMPFC,411,VMPFC_unit411,59,48,0.1058,19.437,,0.1058,0.0,48,False,isi>0.02;n_spikes<100;fr<0.2;presence<0.8;firing_rate_qm_low;num_spikes_qm_low
VMPFC,412,VMPFC_unit412,59,51,0.1124,11.9903,,0.1124,0.1429,51,False,isi>0.02;n_spikes<100;fr<0.2;presence<0.8;firing_rate_qm_low;num_spikes_qm_low
VMPFC,413,VMPFC_unit413,61,152,0.3351,5.3649,,0.3351,0.4286,152,False,isi>0.02;presence<0.8
VMPFC,414,VMPFC_unit414,59,34,0.075,7.7229,,0.075,0.1429,34,False,isi>0.02;n_spikes<100;fr<0.2;presence<0.8;firing_rate_qm_low;num_spikes_qm_low
VMPFC,415,VMPFC_unit415,56,41,0.0904,14.3844,,0.0904,0.1429,41,False,isi>0.02;n_spikes<100;fr<0.2;presence<0.8;firing_rate_qm_low;num_spikes_qm_low
VMPFC,416,VMPFC_unit416,59,20,0.0441,5.4906,,0.0441,0.1429,20,False,isi>0.02;n_spikes<100;fr<0.2;presence<0.8;firing_rate_qm_low;num_spikes_qm_low
VMPFC,417,VMPFC_unit417,51,21,0.0463,10.1758,,0.0463,0.0,21,False,isi>0.02;n_spikes<100;fr<0.2;presence<0.8;firing_rate_qm_low;num_spikes_qm_low
VMPFC,418,VMPFC_unit418,51,29,0.0639,8.1039,,0.0639,0.0,29,False,isi>0.02;n_spikes<100;fr<0.2;presence<0.8;firing_rate_qm_low;num_spikes_qm_low
VMPFC,419,VMPFC_unit419,56,28,0.0617,13.2871,,0.0617,0.0,28,False,isi>0.02;n_spikes<100;fr<0.2;presence<0.8;firing_rate_qm_low;num_spikes_qm_low
VMPFC,420,VMPFC_unit420,61,19,0.0419,20.6393,,0.0419,0.1429,19,False,isi>0.02;n_spikes<100;fr<0.2;presence<0.8;firing_rate_qm_low;num_spikes_qm_low
VMPFC,421,VMPFC_unit421,61,15,0.0331,21.8733,,0.0331,0.1429,15,False,isi>0.02;n_spikes<100;fr<0.2;presence<0.8;firing_rate_qm_low;num_spikes_qm_low
VMPFC,422,VMPFC_unit422,59,18,0.0397,14.248,,0.0397,0.1429,18,False,isi>0.02;n_spikes<100;fr<0.2;presence<0.8;firing_rate_qm_low;num_spikes_qm_low
VMPFC,423,VMPFC_unit423,56,54,0.119,11.4496,,0.119,0.1429,54,False,isi>0.02;n_spikes<100;fr<0.2;presence<0.8;firing_rate_qm_low;num_spikes_qm_low
VMPFC,424,VMPFC_unit424,56,69,0.1521,5.5349,,0.1521,0.1429,69,False,isi>0.02;n_spikes<100;fr<0.2;presence<0.8;firing_rate_qm_low;num_spikes_qm_low
VMPFC,425,VMPFC_unit425,51,19,0.0419,14.7931,,0.0419,0.1429,19,False,isi>0.02;n_spikes<100;fr<0.2;presence<0.8;firing_rate_qm_low;num_spikes_qm_low
VMPFC,426,VMPFC_unit426,54,33,0.0728,6.7052,,0.0728,0.2857,33,False,isi>0.02;n_spikes<100;fr<0.2;presence<0.8;firing_rate_qm_low;num_spikes_qm_low
VMPFC,427,VMPFC_unit427,56,29,0.0639,9.4094,,0.0639,0.0,29,False,isi>0.02;n_spikes<100;fr<0.2;presence<0.8;firing_rate_qm_low;num_spikes_qm_low
VMPFC,428,VMPFC_unit428,61,34,0.075,12.3259,,0.075,0.2857,34,False,isi>0.02;n_spikes<100;fr<0.2;presence<0.8;firing_rate_qm_low;num_spikes_qm_low
VMPFC,429,VMPFC_unit429,63,12,0.0265,9.0329,,0.0265,0.2857,12,False,isi>0.02;n_spikes<100;fr<0.2;presence<0.8;firing_rate_qm_low;num_spikes_qm_low
VMPFC,430,VMPFC_unit430,52,60,0.1323,3.8199,,0.1323,0.4286,60,False,snr<5.0;isi>0.02;n_spikes<100;fr<0.2;presence<0.8;firing_rate_qm_low;num_spikes_qm_low
VMPFC,431,VMPFC_unit431,56,22,0.0485,7.8229,,0.0485,0.0,22,False,isi>0.02;n_spikes<100;fr<0.2;presence<0.8;firing_rate_qm_low;num_spikes_qm_low
VMPFC,432,VMPFC_unit432,56,27,0.0595,8.4182,,0.0595,0.1429,27,False,isi>0.02;n_spikes<100;fr<0.2;presence<0.8;firing_rate_qm_low;num_spikes_qm_low
VMPFC,433,VMPFC_unit433,56,20,0.0441,10.8768,,0.0441,0.0,20,False,isi>0.02;n_spikes<100;fr<0.2;presence<0.8;firing_rate_qm_low;num_spikes_qm_low
VMPFC,434,VMPFC_unit434,55,22,0.0485,16.8821,,0.0485,0.1429,22,False,isi>0.02;n_spikes<100;fr<0.2;presence<0.8;firing_rate_qm_low;num_spikes_qm_low
VMPFC,435,VMPFC_unit435,55,24,0.0529,11.6509,,0.0529,0.1429,24,False,isi>0.02;n_spikes<100;fr<0.2;presence<0.8;firing_rate_qm_low;num_spikes_qm_low
VMPFC,436,VMPFC_unit436,56,92,0.2028,6.0756,,0.2028,0.4286,92,False,isi>0.02;n_spikes<100;presence<0.8;num_spikes_qm_low
VMPFC,437,VMPFC_unit437,51,35,0.0772,12.4705,,0.0772,0.0,35,False,isi>0.02;n_spikes<100;fr<0.2;presence<0.8;firing_rate_qm_low;num_spikes_qm_low
VMPFC,438,VMPFC_unit438,56,22,0.0485,11.7875,,0.0485,0.0,22,False,isi>0.02;n_spikes<100;fr<0.2;presence<0.8;firing_rate_qm_low;num_spikes_qm_low
VMPFC,439,VMPFC_unit439,61,53,0.1168,7.8109,,0.1168,0.0,53,False,isi>0.02;n_spikes<100;fr<0.2;presence<0.8;firing_rate_qm_low;num_spikes_qm_low
VMPFC,440,VMPFC_unit440,63,42,0.0926,13.3035,,0.0926,0.4286,42,False,isi>0.02;n_spikes<100;fr<0.2;presence<0.8;firing_rate_qm_low;num_spikes_qm_low
VMPFC,441,VMPFC_unit441,54,40,0.0882,8.4104,,0.0882,0.1429,40,False,isi>0.02;n_spikes<100;fr<0.2;presence<0.8;firing_rate_qm_low;num_spikes_qm_low
VMPFC,442,VMPFC_unit442,59,15,0.0331,11.5562,,0.0331,0.1429,15,False,isi>0.02;n_spikes<100;fr<0.2;presence<0.8;firing_rate_qm_low;num_spikes_qm_low
VMPFC,443,VMPFC_unit443,51,17,0.0375,6.2603,,0.0375,0.0,17,False,isi>0.02;n_spikes<100;fr<0.2;presence<0.8;firing_rate_qm_low;num_spikes_qm_low
VMPFC,444,VMPFC_unit444,59,25,0.0551,8.6925,,0.0551,0.1429,25,False,isi>0.02;n_spikes<100;fr<0.2;presence<0.8;firing_rate_qm_low;num_spikes_qm_low
VMPFC,445,VMPFC_unit445,59,29,0.0639,6.8661,,0.0639,0.2857,29,False,isi>0.02;n_spikes<100;fr<0.2;presence<0.8;firing_rate_qm_low;num_spikes_qm_low
VMPFC,446,VMPFC_unit446,59,36,0.0794,7.0014,,0.0794,0.1429,36,False,isi>0.02;n_spikes<100;fr<0.2;presence<0.8;firing_rate_qm_low;num_spikes_qm_low
VMPFC,447,VMPFC_unit447,52,37,0.0816,7.7709,,0.0816,0.1429,37,False,isi>0.02;n_spikes<100;fr<0.2;presence<0.8;firing_rate_qm_low;num_spikes_qm_low
VMPFC,448,VMPFC_unit448,52,23,0.0507,8.9373,,0.0507,0.0,23,False,isi>0.02;n_spikes<100;fr<0.2;presence<0.8;firing_rate_qm_low;num_spikes_qm_low
VMPFC,449,VMPFC_unit449,63,63,0.1389,7.9672,,0.1389,0.0,63,False,isi>0.02;n_spikes<100;fr<0.2;presence<0.8;firing_rate_qm_low;num_spikes_qm_low
Amygdala,1,Amygdala_unit1,1,98,0.216,15.1929,,0.216,0.8571,98,False,isi>0.02;n_spikes<100;num_spikes_qm_low
Amygdala,2,Amygdala_unit2,2,20,0.0441,16.5468,,0.0441,0.8571,20,False,isi>0.02;n_spikes<100;fr<0.2;firing_rate_qm_low;num_spikes_qm_low
Amygdala,3,Amygdala_unit3,2,43,0.0948,16.3285,,0.0948,0.4286,43,False,isi>0.02;n_spikes<100;fr<0.2;presence<0.8;firing_rate_qm_low;num_spikes_qm_low
Amygdala,4,Amygdala_unit4,2,27,0.0595,16.6439,,0.0595,0.4286,27,False,isi>0.02;n_spikes<100;fr<0.2;presence<0.8;firing_rate_qm_low;num_spikes_qm_low
Amygdala,5,Amygdala_unit5,3,60,0.1323,5.4079,,0.1323,0.1429,60,False,isi>0.02;n_spikes<100;fr<0.2;presence<0.8;firing_rate_qm_low;num_spikes_qm_low
Amygdala,6,Amygdala_unit6,3,150,0.3307,8.02,,0.3307,0.2857,150,False,isi>0.02;presence<0.8
Amygdala,7,Amygdala_unit7,3,39,0.086,9.1781,,0.086,0.1429,39,False,isi>0.02;n_spikes<100;fr<0.2;presence<0.8;firing_rate_qm_low;num_spikes_qm_low
Amygdala,8,Amygdala_unit8,3,32,0.0705,11.7846,,0.0705,0.1429,32,False,isi>0.02;n_spikes<100;fr<0.2;presence<0.8;firing_rate_qm_low;num_spikes_qm_low
Amygdala,9,Amygdala_unit9,3,85,0.1874,8.451,,0.1874,0.1429,85,False,isi>0.02;n_spikes<100;fr<0.2;presence<0.8;firing_rate_qm_low;num_spikes_qm_low
Amygdala,10,Amygdala_unit10,3,27,0.0595,11.5841,,0.0595,0.0,27,False,isi>0.02;n_spikes<100;fr<0.2;presence<0.8;firing_rate_qm_low;num_spikes_qm_low
Amygdala,11,Amygdala_unit11,3,77,0.1698,7.5254,,0.1698,0.1429,77,False,isi>0.02;n_spikes<100;fr<0.2;presence<0.8;firing_rate_qm_low;num_spikes_qm_low
Amygdala,12,Amygdala_unit12,3,22,0.0485,6.2792,,0.0485,0.2857,22,False,isi>0.02;n_spikes<100;fr<0.2;presence<0.8;firing_rate_qm_low;num_spikes_qm_low
Amygdala,13,Amygdala_unit13,3,80,0.1764,8.1025,,0.1764,0.0,80,False,isi>0.02;n_spikes<100;fr<0.2;presence<0.8;firing_rate_qm_low;num_spikes_qm_low
Amygdala,14,Amygdala_unit14,3,28,0.0617,6.8639,,0.0617,0.1429,28,False,isi>0.02;n_spikes<100;fr<0.2;presence<0.8;firing_rate_qm_low;num_spikes_qm_low
Amygdala,15,Amygdala_unit15,3,45,0.0992,10.0288,,0.0992,0.1429,45,False,isi>0.02;n_spikes<100;fr<0.2;presence<0.8;firing_rate_qm_low;num_spikes_qm_low
Amygdala,16,Amygdala_unit16,3,47,0.1036,6.3973,,0.1036,0.1429,47,False,isi>0.02;n_spikes<100;fr<0.2;presence<0.8;firing_rate_qm_low;num_spikes_qm_low
Amygdala,17,Amygdala_unit17,3,31,0.0683,9.1444,,0.0683,0.0,31,False,isi>0.02;n_spikes<100;fr<0.2;presence<0.8;firing_rate_qm_low;num_spikes_qm_low
Amygdala,18,Amygdala_unit18,3,12,0.0265,10.2274,,0.0265,0.1429,12,False,isi>0.02;n_spikes<100;fr<0.2;presence<0.8;firing_rate_qm_low;num_spikes_qm_low
Amygdala,19,Amygdala_unit19,3,147,0.3241,7.634,,0.3241,0.1429,147,False,isi>0.02;presence<0.8
Amygdala,20,Amygdala_unit20,3,27,0.0595,10.4785,,0.0595,0.1429,27,False,isi>0.02;n_spikes<100;fr<0.2;presence<0.8;firing_rate_qm_low;num_spikes_qm_low
Amygdala,21,Amygdala_unit21,3,38,0.0838,18.0882,,0.0838,0.1429,38,False,isi>0.02;n_spikes<100;fr<0.2;presence<0.8;firing_rate_qm_low;num_spikes_qm_low
Amygdala,22,Amygdala_unit22,3,68,0.1499,9.9838,,0.1499,0.1429,68,False,isi>0.02;n_spikes<100;fr<0.2;presence<0.8;firing_rate_qm_low;num_spikes_qm_low
Amygdala,23,Amygdala_unit23,3,54,0.119,6.3786,,0.119,0.1429,54,False,isi>0.02;n_spikes<100;fr<0.2;presence<0.8;firing_rate_qm_low;num_spikes_qm_low
Amygdala,24,Amygdala_unit24,3,100,0.2205,7.4017,,0.2205,0.2857,100,False,isi>0.02;presence<0.8
Amygdala,25,Amygdala_unit25,3,25,0.0551,10.7634,,0.0551,0.1429,25,False,isi>0.02;n_spikes<100;fr<0.2;presence<0.8;firing_rate_qm_low;num_spikes_qm_low
Amygdala,26,Amygdala_unit26,3,15,0.0331,10.2537,,0.0331,0.1429,15,False,isi>0.02;n_spikes<100;fr<0.2;presence<0.8;firing_rate_qm_low;num_spikes_qm_low
Amygdala,27,Amygdala_unit27,3,43,0.0948,5.4716,,0.0948,0.2857,43,False,isi>0.02;n_spikes<100;fr<0.2;presence<0.8;firing_rate_qm_low;num_spikes_qm_low
Amygdala,28,Amygdala_unit28,3,22,0.0485,8.6909,,0.0485,0.0,22,False,isi>0.02;n_spikes<100;fr<0.2;presence<0.8;firing_rate_qm_low;num_spikes_qm_low
Amygdala,29,Amygdala_unit29,3,46,0.1014,8.8989,,0.1014,0.1429,46,False,isi>0.02;n_spikes<100;fr<0.2;presence<0.8;firing_rate_qm_low;num_spikes_qm_low
Amygdala,30,Amygdala_unit30,3,29,0.0639,7.4541,,0.0639,0.2857,29,False,isi>0.02;n_spikes<100;fr<0.2;presence<0.8;firing_rate_qm_low;num_spikes_qm_low
Amygdala,31,Amygdala_unit31,8,26,0.0573,12.1108,,0.0573,0.0,26,False,isi>0.02;n_spikes<100;fr<0.2;presence<0.8;firing_rate_qm_low;num_spikes_qm_low
Amygdala,32,Amygdala_unit32,3,17,0.0375,9.0994,,0.0375,0.2857,17,False,isi>0.02;n_spikes<100;fr<0.2;presence<0.8;firing_rate_qm_low;num_spikes_qm_low
Amygdala,33,Amygdala_unit33,3,34,0.075,7.0044,,0.075,0.2857,34,False,isi>0.02;n_spikes<100;fr<0.2;presence<0.8;firing_rate_qm_low;num_spikes_qm_low
Amygdala,34,Amygdala_unit34,3,32,0.0705,6.5041,,0.0705,0.1429,32,False,isi>0.02;n_spikes<100;fr<0.2;presence<0.8;firing_rate_qm_low;num_spikes_qm_low
Amygdala,35,Amygdala_unit35,3,25,0.0551,14.6609,,0.0551,0.1429,25,False,isi>0.02;n_spikes<100;fr<0.2;presence<0.8;firing_rate_qm_low;num_spikes_qm_low
Amygdala,36,Amygdala_unit36,3,24,0.0529,6.0075,,0.0529,0.1429,24,False,isi>0.02;n_spikes<100;fr<0.2;presence<0.8;firing_rate_qm_low;num_spikes_qm_low
Amygdala,37,Amygdala_unit37,3,27,0.0595,7.2967,,0.0595,0.0,27,False,isi>0.02;n_spikes<100;fr<0.2;presence<0.8;firing_rate_qm_low;num_spikes_qm_low
Amygdala,38,Amygdala_unit38,7,36,0.0794,12.1204,,0.0794,0.1429,36,False,isi>0.02;n_spikes<100;fr<0.2;presence<0.8;firing_rate_qm_low;num_spikes_qm_low
Amygdala,39,Amygdala_unit39,3,24,0.0529,5.7902,,0.0529,0.0,24,False,isi>0.02;n_spikes<100;fr<0.2;presence<0.8;firing_rate_qm_low;num_spikes_qm_low
Amygdala,40,Amygdala_unit40,3,43,0.0948,9.2231,,0.0948,0.1429,43,False,isi>0.02;n_spikes<100;fr<0.2;presence<0.8;firing_rate_qm_low;num_spikes_qm_low
Amygdala,41,Amygdala_unit41,3,52,0.1146,7.8758,,0.1146,0.1429,52,False,isi>0.02;n_spikes<100;fr<0.2;presence<0.8;firing_rate_qm_low;num_spikes_qm_low
Amygdala,42,Amygdala_unit42,3,41,0.0904,7.7165,,0.0904,0.1429,41,False,isi>0.02;n_spikes<100;fr<0.2;presence<0.8;firing_rate_qm_low;num_spikes_qm_low
Amygdala,43,Amygdala_unit43,3,22,0.0485,12.0244,,0.0485,0.1429,22,False,isi>0.02;n_spikes<100;fr<0.2;presence<0.8;firing_rate_qm_low;num_spikes_qm_low
Amygdala,44,Amygdala_unit44,3,32,0.0705,9.4161,,0.0705,0.1429,32,False,isi>0.02;n_spikes<100;fr<0.2;presence<0.8;firing_rate_qm_low;num_spikes_qm_low
Amygdala,45,Amygdala_unit45,3,24,0.0529,6.2905,,0.0529,0.1429,24,False,isi>0.02;n_spikes<100;fr<0.2;presence<0.8;firing_rate_qm_low;num_spikes_qm_low
Amygdala,46,Amygdala_unit46,3,21,0.0463,12.8471,,0.0463,0.1429,21,False,isi>0.02;n_spikes<100;fr<0.2;presence<0.8;firing_rate_qm_low;num_spikes_qm_low
Amygdala,47,Amygdala_unit47,3,27,0.0595,4.6959,,0.0595,0.1429,27,False,snr<5.0;isi>0.02;n_spikes<100;fr<0.2;presence<0.8;firing_rate_qm_low;num_spikes_qm_low
Amygdala,48,Amygdala_unit48,3,22,0.0485,4.2799,,0.0485,0.1429,22,False,snr<5.0;isi>0.02;n_spikes<100;fr<0.2;presence<0.8;firing_rate_qm_low;num_spikes_qm_low
Amygdala,49,Amygdala_unit49,3,38,0.0838,5.2618,,0.0838,0.1429,38,False,isi>0.02;n_spikes<100;fr<0.2;presence<0.8;firing_rate_qm_low;num_spikes_qm_low
Amygdala,50,Amygdala_unit50,3,49,0.108,4.6809,,0.108,0.1429,49,False,snr<5.0;isi>0.02;n_spikes<100;fr<0.2;presence<0.8;firing_rate_qm_low;num_spikes_qm_low
Amygdala,51,Amygdala_unit51,3,32,0.0705,5.4042,,0.0705,0.1429,32,False,isi>0.02;n_spikes<100;fr<0.2;presence<0.8;firing_rate_qm_low;num_spikes_qm_low
Amygdala,52,Amygdala_unit52,3,11,0.0243,4.3885,,0.0243,0.1429,11,False,snr<5.0;isi>0.02;n_spikes<100;fr<0.2;presence<0.8;firing_rate_qm_low;num_spikes_qm_low
Amygdala,53,Amygdala_unit53,3,19,0.0419,4.2574,,0.0419,0.1429,19,False,snr<5.0;isi>0.02;n_spikes<100;fr<0.2;presence<0.8;firing_rate_qm_low;num_spikes_qm_low
Amygdala,54,Amygdala_unit54,3,19,0.0419,7.4429,,0.0419,0.1429,19,False,isi>0.02;n_spikes<100;fr<0.2;presence<0.8;firing_rate_qm_low;num_spikes_qm_low
Amygdala,55,Amygdala_unit55,3,35,0.0772,7.3754,,0.0772,0.1429,35,False,isi>0.02;n_spikes<100;fr<0.2;presence<0.8;firing_rate_qm_low;num_spikes_qm_low
Amygdala,56,Amygdala_unit56,3,26,0.0573,7.9582,,0.0573,0.1429,26,False,isi>0.02;n_spikes<100;fr<0.2;presence<0.8;firing_rate_qm_low;num_spikes_qm_low
Amygdala,57,Amygdala_unit57,3,43,0.0948,15.1819,,0.0948,0.0,43,False,isi>0.02;n_spikes<100;fr<0.2;presence<0.8;firing_rate_qm_low;num_spikes_qm_low
Amygdala,58,Amygdala_unit58,3,27,0.0595,12.9932,,0.0595,0.2857,27,False,isi>0.02;n_spikes<100;fr<0.2;presence<0.8;firing_rate_qm_low;num_spikes_qm_low
Amygdala,59,Amygdala_unit59,3,36,0.0794,7.7746,,0.0794,0.1429,36,False,isi>0.02;n_spikes<100;fr<0.2;presence<0.8;firing_rate_qm_low;num_spikes_qm_low
Amygdala,60,Amygdala_unit60,3,42,0.0926,5.0163,,0.0926,0.0,42,False,isi>0.02;n_spikes<100;fr<0.2;presence<0.8;firing_rate_qm_low;num_spikes_qm_low
Amygdala,61,Amygdala_unit61,3,87,0.1918,9.2006,,0.1918,0.0,87,False,isi>0.02;n_spikes<100;fr<0.2;presence<0.8;firing_rate_qm_low;num_spikes_qm_low
Amygdala,62,Amygdala_unit62,3,71,0.1565,15.4854,,0.1565,0.0,71,False,isi>0.02;n_spikes<100;fr<0.2;presence<0.8;firing_rate_qm_low;num_spikes_qm_low
Amygdala,63,Amygdala_unit63,3,29,0.0639,10.4073,,0.0639,0.1429,29,False,isi>0.02;n_spikes<100;fr<0.2;presence<0.8;firing_rate_qm_low;num_spikes_qm_low
Amygdala,64,Amygdala_unit64,3,36,0.0794,12.1856,,0.0794,0.1429,36,False,isi>0.02;n_spikes<100;fr<0.2;presence<0.8;firing_rate_qm_low;num_spikes_qm_low
Amygdala,65,Amygdala_unit65,3,28,0.0617,13.2668,,0.0617,0.1429,28,False,isi>0.02;n_spikes<100;fr<0.2;presence<0.8;firing_rate_qm_low;num_spikes_qm_low
Amygdala,66,Amygdala_unit66,3,20,0.0441,7.6172,,0.0441,0.1429,20,False,isi>0.02;n_spikes<100;fr<0.2;presence<0.8;firing_rate_qm_low;num_spikes_qm_low
Amygdala,67,Amygdala_unit67,3,55,0.1213,8.8595,,0.1213,0.2857,55,False,isi>0.02;n_spikes<100;fr<0.2;presence<0.8;firing_rate_qm_low;num_spikes_qm_low
Amygdala,68,Amygdala_unit68,3,26,0.0573,8.2543,,0.0573,0.1429,26,False,isi>0.02;n_spikes<100;fr<0.2;presence<0.8;firing_rate_qm_low;num_spikes_qm_low
Amygdala,69,Amygdala_unit69,3,21,0.0463,5.183,,0.0463,0.0,21,False,isi>0.02;n_spikes<100;fr<0.2;presence<0.8;firing_rate_qm_low;num_spikes_qm_low
Amygdala,70,Amygdala_unit70,3,23,0.0507,11.8127,,0.0507,0.1429,23,False,isi>0.02;n_spikes<100;fr<0.2;presence<0.8;firing_rate_qm_low;num_spikes_qm_low
Amygdala,71,Amygdala_unit71,3,19,0.0419,5.0369,,0.0419,0.0,19,False,isi>0.02;n_spikes<100;fr<0.2;presence<0.8;firing_rate_qm_low;num_spikes_qm_low
Amygdala,72,Amygdala_unit72,3,27,0.0595,8.0388,,0.0595,0.1429,27,False,isi>0.02;n_spikes<100;fr<0.2;presence<0.8;firing_rate_qm_low;num_spikes_qm_low
Amygdala,73,Amygdala_unit73,3,109,0.2403,7.1393,,0.2403,0.1429,109,False,isi>0.02;presence<0.8
Amygdala,74,Amygdala_unit74,3,25,0.0551,12.3524,,0.0551,0.1429,25,False,isi>0.02;n_spikes<100;fr<0.2;presence<0.8;firing_rate_qm_low;num_spikes_qm_low
Amygdala,75,Amygdala_unit75,3,61,0.1345,13.293,,0.1345,0.1429,61,False,isi>0.02;n_spikes<100;fr<0.2;presence<0.8;firing_rate_qm_low;num_spikes_qm_low
Amygdala,76,Amygdala_unit76,3,45,0.0992,11.1531,,0.0992,0.2857,45,False,isi>0.02;n_spikes<100;fr<0.2;presence<0.8;firing_rate_qm_low;num_spikes_qm_low
Amygdala,77,Amygdala_unit77,3,22,0.0485,9.922,,0.0485,0.1429,22,False,isi>0.02;n_spikes<100;fr<0.2;presence<0.8;firing_rate_qm_low;num_spikes_qm_low
Amygdala,78,Amygdala_unit78,3,32,0.0705,12.21,,0.0705,0.1429,32,False,isi>0.02;n_spikes<100;fr<0.2;presence<0.8;firing_rate_qm_low;num_spikes_qm_low
Amygdala,79,Amygdala_unit79,4,31,0.0683,6.9037,,0.0683,0.1429,31,False,isi>0.02;n_spikes<100;fr<0.2;presence<0.8;firing_rate_qm_low;num_spikes_qm_low
Amygdala,80,Amygdala_unit80,11,100,0.2205,9.1065,,0.2205,0.1429,100,False,isi>0.02;presence<0.8
Amygdala,81,Amygdala_unit81,4,36,0.0794,7.5209,,0.0794,0.1429,36,False,isi>0.02;n_spikes<100;fr<0.2;presence<0.8;firing_rate_qm_low;num_spikes_qm_low
Amygdala,82,Amygdala_unit82,4,42,0.0926,5.7626,,0.0926,0.2857,42,False,isi>0.02;n_spikes<100;fr<0.2;presence<0.8;firing_rate_qm_low;num_spikes_qm_low
Amygdala,83,Amygdala_unit83,8,32,0.0705,6.6858,,0.0705,0.1429,32,False,isi>0.02;n_spikes<100;fr<0.2;presence<0.8;firing_rate_qm_low;num_spikes_qm_low
Amygdala,84,Amygdala_unit84,8,20,0.0441,19.2179,,0.0441,0.1429,20,False,isi>0.02;n_spikes<100;fr<0.2;presence<0.8;firing_rate_qm_low;num_spikes_qm_low
Amygdala,85,Amygdala_unit85,7,21,0.0463,17.6512,,0.0463,0.0,21,False,isi>0.02;n_spikes<100;fr<0.2;presence<0.8;firing_rate_qm_low;num_spikes_qm_low
Amygdala,86,Amygdala_unit86,3,23,0.0507,4.5197,,0.0507,0.1429,23,False,snr<5.0;isi>0.02;n_spikes<100;fr<0.2;presence<0.8;firing_rate_qm_low;num_spikes_qm_low
Amygdala,87,Amygdala_unit87,3,24,0.0529,11.2599,,0.0529,0.0,24,False,isi>0.02;n_spikes<100;fr<0.2;presence<0.8;firing_rate_qm_low;num_spikes_qm_low
Amygdala,88,Amygdala_unit88,11,18,0.0397,19.5935,,0.0397,0.1429,18,False,isi>0.02;n_spikes<100;fr<0.2;presence<0.8;firing_rate_qm_low;num_spikes_qm_low
Amygdala,89,Amygdala_unit89,4,17,0.0375,9.0647,,0.0375,0.1429,17,False,isi>0.02;n_spikes<100;fr<0.2;presence<0.8;firing_rate_qm_low;num_spikes_qm_low
Amygdala,90,Amygdala_unit90,4,24,0.0529,3.9132,,0.0529,0.1429,24,False,snr<5.0;isi>0.02;n_spikes<100;fr<0.2;presence<0.8;firing_rate_qm_low;num_spikes_qm_low
Amygdala,91,Amygdala_unit91,3,22,0.0485,4.8607,,0.0485,0.1429,22,False,snr<5.0;isi>0.02;n_spikes<100;fr<0.2;presence<0.8;firing_rate_qm_low;num_spikes_qm_low
Amygdala,92,Amygdala_unit92,8,32,0.0705,10.9197,,0.0705,0.1429,32,False,isi>0.02;n_spikes<100;fr<0.2;presence<0.8;firing_rate_qm_low;num_spikes_qm_low
Amygdala,93,Amygdala_unit93,13,39,0.086,16.4071,,0.086,0.1429,39,False,isi>0.02;n_spikes<100;fr<0.2;presence<0.8;firing_rate_qm_low;num_spikes_qm_low
Amygdala,94,Amygdala_unit94,7,37,0.0816,17.97,,0.0816,0.1429,37,False,isi>0.02;n_spikes<100;fr<0.2;presence<0.8;firing_rate_qm_low;num_spikes_qm_low
Amygdala,95,Amygdala_unit95,4,12,0.0265,4.8358,,0.0265,0.1429,12,False,snr<5.0;isi>0.02;n_spikes<100;fr<0.2;presence<0.8;firing_rate_qm_low;num_spikes_qm_low
Amygdala,96,Amygdala_unit96,4,36,0.0794,2.7862,,0.0794,0.2857,36,False,snr<5.0;isi>0.02;n_spikes<100;fr<0.2;presence<0.8;firing_rate_qm_low;num_spikes_qm_low
Amygdala,97,Amygdala_unit97,8,32,0.0705,8.2224,,0.0705,0.1429,32,False,isi>0.02;n_spikes<100;fr<0.2;presence<0.8;firing_rate_qm_low;num_spikes_qm_low
Amygdala,98,Amygdala_unit98,8,47,0.1036,12.4139,,0.1036,0.1429,47,False,isi>0.02;n_spikes<100;fr<0.2;presence<0.8;firing_rate_qm_low;num_spikes_qm_low
Amygdala,99,Amygdala_unit99,11,15,0.0331,10.953,,0.0331,0.1429,15,False,isi>0.02;n_spikes<100;fr<0.2;presence<0.8;firing_rate_qm_low;num_spikes_qm_low
Amygdala,100,Amygdala_unit100,4,44,0.097,6.4889,,0.097,0.1429,44,False,isi>0.02;n_spikes<100;fr<0.2;presence<0.8;firing_rate_qm_low;num_spikes_qm_low
Amygdala,101,Amygdala_unit101,4,39,0.086,7.0413,,0.086,0.0,39,False,isi>0.02;n_spikes<100;fr<0.2;presence<0.8;firing_rate_qm_low;num_spikes_qm_low
Amygdala,102,Amygdala_unit102,4,41,0.0904,5.2365,,0.0904,0.1429,41,False,isi>0.02;n_spikes<100;fr<0.2;presence<0.8;firing_rate_qm_low;num_spikes_qm_low
Amygdala,103,Amygdala_unit103,4,105,0.2315,5.714,,0.2315,0.2857,105,False,isi>0.02;presence<0.8
Amygdala,104,Amygdala_unit104,4,56,0.1235,4.585,,0.1235,0.1429,56,False,snr<5.0;isi>0.02;n_spikes<100;fr<0.2;presence<0.8;firing_rate_qm_low;num_spikes_qm_low
Amygdala,105,Amygdala_unit105,4,31,0.0683,10.3273,,0.0683,0.1429,31,False,isi>0.02;n_spikes<100;fr<0.2;presence<0.8;firing_rate_qm_low;num_spikes_qm_low
Amygdala,106,Amygdala_unit106,4,84,0.1852,4.9512,,0.1852,0.1429,84,False,snr<5.0;isi>0.02;n_spikes<100;fr<0.2;presence<0.8;firing_rate_qm_low;num_spikes_qm_low
Amygdala,107,Amygdala_unit107,4,27,0.0595,7.6969,,0.0595,0.1429,27,False,isi>0.02;n_spikes<100;fr<0.2;presence<0.8;firing_rate_qm_low;num_spikes_qm_low
Amygdala,108,Amygdala_unit108,4,44,0.097,6.4829,,0.097,0.1429,44,False,isi>0.02;n_spikes<100;fr<0.2;presence<0.8;firing_rate_qm_low;num_spikes_qm_low
Amygdala,109,Amygdala_unit109,4,33,0.0728,5.1717,,0.0728,0.0,33,False,isi>0.02;n_spikes<100;fr<0.2;presence<0.8;firing_rate_qm_low;num_spikes_qm_low
Amygdala,110,Amygdala_unit110,4,28,0.0617,8.8603,,0.0617,0.0,28,False,isi>0.02;n_spikes<100;fr<0.2;presence<0.8;firing_rate_qm_low;num_spikes_qm_low
Amygdala,111,Amygdala_unit111,4,33,0.0728,8.4901,,0.0728,0.1429,33,False,isi>0.02;n_spikes<100;fr<0.2;presence<0.8;firing_rate_qm_low;num_spikes_qm_low
Amygdala,112,Amygdala_unit112,4,26,0.0573,7.1303,,0.0573,0.1429,26,False,isi>0.02;n_spikes<100;fr<0.2;presence<0.8;firing_rate_qm_low;num_spikes_qm_low
Amygdala,113,Amygdala_unit113,4,59,0.1301,4.0508,,0.1301,0.1429,59,False,snr<5.0;isi>0.02;n_spikes<100;fr<0.2;presence<0.8;firing_rate_qm_low;num_spikes_qm_low
Amygdala,114,Amygdala_unit114,4,22,0.0485,9.4916,,0.0485,0.1429,22,False,isi>0.02;n_spikes<100;fr<0.2;presence<0.8;firing_rate_qm_low;num_spikes_qm_low
Amygdala,115,Amygdala_unit115,4,18,0.0397,10.8129,,0.0397,0.1429,18,False,isi>0.02;n_spikes<100;fr<0.2;presence<0.8;firing_rate_qm_low;num_spikes_qm_low
Amygdala,116,Amygdala_unit116,4,19,0.0419,8.053,,0.0419,0.1429,19,False,isi>0.02;n_spikes<100;fr<0.2;presence<0.8;firing_rate_qm_low;num_spikes_qm_low
Amygdala,117,Amygdala_unit117,4,25,0.0551,4.6173,,0.0551,0.1429,25,False,snr<5.0;isi>0.02;n_spikes<100;fr<0.2;presence<0.8;firing_rate_qm_low;num_spikes_qm_low
Amygdala,118,Amygdala_unit118,11,27,0.0595,13.0413,,0.0595,0.0,27,False,isi>0.02;n_spikes<100;fr<0.2;presence<0.8;firing_rate_qm_low;num_spikes_qm_low
Amygdala,119,Amygdala_unit119,4,24,0.0529,7.0191,,0.0529,0.1429,24,False,isi>0.02;n_spikes<100;fr<0.2;presence<0.8;firing_rate_qm_low;num_spikes_qm_low
Amygdala,120,Amygdala_unit120,4,34,0.075,9.8012,,0.075,0.1429,34,False,isi>0.02;n_spikes<100;fr<0.2;presence<0.8;firing_rate_qm_low;num_spikes_qm_low
Amygdala,121,Amygdala_unit121,4,41,0.0904,5.7342,,0.0904,0.1429,41,False,isi>0.02;n_spikes<100;fr<0.2;presence<0.8;firing_rate_qm_low;num_spikes_qm_low
Amygdala,122,Amygdala_unit122,4,39,0.086,6.754,,0.086,0.0,39,False,isi>0.02;n_spikes<100;fr<0.2;presence<0.8;firing_rate_qm_low;num_spikes_qm_low
Amygdala,123,Amygdala_unit123,4,23,0.0507,5.0827,,0.0507,0.0,23,False,isi>0.02;n_spikes<100;fr<0.2;presence<0.8;firing_rate_qm_low;num_spikes_qm_low
Amygdala,124,Amygdala_unit124,8,33,0.0728,9.3953,,0.0728,0.1429,33,False,isi>0.02;n_spikes<100;fr<0.2;presence<0.8;firing_rate_qm_low;num_spikes_qm_low
Amygdala,125,Amygdala_unit125,4,55,0.1213,9.526,,0.1213,0.1429,55,False,isi>0.02;n_spikes<100;fr<0.2;presence<0.8;firing_rate_qm_low;num_spikes_qm_low
Amygdala,126,Amygdala_unit126,3,56,0.1235,7.0681,,0.1235,0.2857,56,False,isi>0.02;n_spikes<100;fr<0.2;presence<0.8;firing_rate_qm_low;num_spikes_qm_low
Amygdala,127,Amygdala_unit127,8,16,0.0353,11.6986,,0.0353,0.1429,16,False,isi>0.02;n_spikes<100;fr<0.2;presence<0.8;firing_rate_qm_low;num_spikes_qm_low
Amygdala,128,Amygdala_unit128,4,70,0.1543,3.6805,,0.1543,0.2857,70,False,snr<5.0;isi>0.02;n_spikes<100;fr<0.2;presence<0.8;firing_rate_qm_low;num_spikes_qm_low
Amygdala,129,Amygdala_unit129,4,270,0.5952,4.2754,,0.5952,0.4286,270,False,snr<5.0;isi>0.02;presence<0.8
Amygdala,130,Amygdala_unit130,4,165,0.3638,4.8075,,0.3638,0.1429,165,False,snr<5.0;isi>0.02;presence<0.8
Amygdala,131,Amygdala_unit131,3,55,0.1213,7.769,,0.1213,0.1429,55,False,isi>0.02;n_spikes<100;fr<0.2;presence<0.8;firing_rate_qm_low;num_spikes_qm_low
Amygdala,132,Amygdala_unit132,4,32,0.0705,5.0584,,0.0705,0.1429,32,False,isi>0.02;n_spikes<100;fr<0.2;presence<0.8;firing_rate_qm_low;num_spikes_qm_low
Amygdala,133,Amygdala_unit133,8,25,0.0551,9.1771,,0.0551,0.1429,25,False,isi>0.02;n_spikes<100;fr<0.2;presence<0.8;firing_rate_qm_low;num_spikes_qm_low
Amygdala,134,Amygdala_unit134,4,60,0.1323,4.9046,,0.1323,0.1429,60,False,snr<5.0;isi>0.02;n_spikes<100;fr<0.2;presence<0.8;firing_rate_qm_low;num_spikes_qm_low
Amygdala,135,Amygdala_unit135,4,47,0.1036,8.6276,,0.1036,0.1429,47,False,isi>0.02;n_spikes<100;fr<0.2;presence<0.8;firing_rate_qm_low;num_spikes_qm_low
Amygdala,136,Amygdala_unit136,4,82,0.1808,6.6326,,0.1808,0.1429,82,False,isi>0.02;n_spikes<100;fr<0.2;presence<0.8;firing_rate_qm_low;num_spikes_qm_low
Amygdala,137,Amygdala_unit137,4,45,0.0992,4.0427,,0.0992,0.1429,45,False,snr<5.0;isi>0.02;n_spikes<100;fr<0.2;presence<0.8;firing_rate_qm_low;num_spikes_qm_low
Amygdala,138,Amygdala_unit138,4,76,0.1675,4.4514,,0.1675,0.1429,76,False,snr<5.0;isi>0.02;n_spikes<100;fr<0.2;presence<0.8;firing_rate_qm_low;num_spikes_qm_low
Amygdala,139,Amygdala_unit139,4,102,0.2249,3.4276,,0.2249,0.4286,102,False,snr<5.0;isi>0.02;presence<0.8
Amygdala,140,Amygdala_unit140,4,31,0.0683,8.6519,,0.0683,0.1429,31,False,isi>0.02;n_spikes<100;fr<0.2;presence<0.8;firing_rate_qm_low;num_spikes_qm_low
Amygdala,141,Amygdala_unit141,6,21,0.0463,35.4732,,0.0463,0.0,21,False,isi>0.02;n_spikes<100;fr<0.2;presence<0.8;firing_rate_qm_low;num_spikes_qm_low
Amygdala,142,Amygdala_unit142,8,18,0.0397,16.7418,,0.0397,0.1429,18,False,isi>0.02;n_spikes<100;fr<0.2;presence<0.8;firing_rate_qm_low;num_spikes_qm_low
Amygdala,143,Amygdala_unit143,4,58,0.1279,7.7839,,0.1279,0.0,58,False,isi>0.02;n_spikes<100;fr<0.2;presence<0.8;firing_rate_qm_low;num_spikes_qm_low
Amygdala,144,Amygdala_unit144,7,27,0.0595,22.4503,,0.0595,0.0,27,False,isi>0.02;n_spikes<100;fr<0.2;presence<0.8;firing_rate_qm_low;num_spikes_qm_low
Amygdala,145,Amygdala_unit145,11,23,0.0507,28.6614,,0.0507,0.0,23,False,isi>0.02;n_spikes<100;fr<0.2;presence<0.8;firing_rate_qm_low;num_spikes_qm_low
Amygdala,146,Amygdala_unit146,3,15,0.0331,14.2974,,0.0331,0.0,15,False,isi>0.02;n_spikes<100;fr<0.2;presence<0.8;firing_rate_qm_low;num_spikes_qm_low
Amygdala,147,Amygdala_unit147,8,12,0.0265,14.1262,,0.0265,0.0,12,False,isi>0.02;n_spikes<100;fr<0.2;presence<0.8;firing_rate_qm_low;num_spikes_qm_low
Amygdala,148,Amygdala_unit148,8,27,0.0595,15.7538,,0.0595,0.1429,27,False,isi>0.02;n_spikes<100;fr<0.2;presence<0.8;firing_rate_qm_low;num_spikes_qm_low
Amygdala,149,Amygdala_unit149,8,22,0.0485,16.1447,,0.0485,0.0,22,False,isi>0.02;n_spikes<100;fr<0.2;presence<0.8;firing_rate_qm_low;num_spikes_qm_low
Amygdala,150,Amygdala_unit150,3,21,0.0463,12.3749,,0.0463,0.0,21,False,isi>0.02;n_spikes<100;fr<0.2;presence<0.8;firing_rate_qm_low;num_spikes_qm_low
Amygdala,151,Amygdala_unit151,4,19,0.0419,11.9905,,0.0419,0.0,19,False,isi>0.02;n_spikes<100;fr<0.2;presence<0.8;firing_rate_qm_low;num_spikes_qm_low
Amygdala,152,Amygdala_unit152,7,24,0.0529,21.7717,,0.0529,0.0,24,False,isi>0.02;n_spikes<100;fr<0.2;presence<0.8;firing_rate_qm_low;num_spikes_qm_low
Amygdala,153,Amygdala_unit153,8,13,0.0287,20.5302,,0.0287,0.1429,13,False,isi>0.02;n_spikes<100;fr<0.2;presence<0.8;firing_rate_qm_low;num_spikes_qm_low
Amygdala,154,Amygdala_unit154,8,41,0.0904,16.2265,,0.0904,0.1429,41,False,isi>0.02;n_spikes<100;fr<0.2;presence<0.8;firing_rate_qm_low;num_spikes_qm_low
Amygdala,155,Amygdala_unit155,4,48,0.1058,8.7632,,0.1058,0.1429,48,False,isi>0.02;n_spikes<100;fr<0.2;presence<0.8;firing_rate_qm_low;num_spikes_qm_low
Amygdala,156,Amygdala_unit156,4,22,0.0485,13.9673,,0.0485,0.0,22,False,isi>0.02;n_spikes<100;fr<0.2;presence<0.8;firing_rate_qm_low;num_spikes_qm_low
Amygdala,157,Amygdala_unit157,4,48,0.1058,11.7274,,0.1058,0.1429,48,False,isi>0.02;n_spikes<100;fr<0.2;presence<0.8;firing_rate_qm_low;num_spikes_qm_low
Amygdala,158,Amygdala_unit158,11,15,0.0331,20.5816,,0.0331,0.1429,15,False,isi>0.02;n_spikes<100;fr<0.2;presence<0.8;firing_rate_qm_low;num_spikes_qm_low
Amygdala,159,Amygdala_unit159,7,19,0.0419,17.1934,,0.0419,0.1429,19,False,isi>0.02;n_spikes<100;fr<0.2;presence<0.8;firing_rate_qm_low;num_spikes_qm_low
Amygdala,160,Amygdala_unit160,4,17,0.0375,11.4037,,0.0375,0.1429,17,False,isi>0.02;n_spikes<100;fr<0.2;presence<0.8;firing_rate_qm_low;num_spikes_qm_low
Amygdala,161,Amygdala_unit161,4,57,0.1257,17.1743,,0.1257,0.1429,57,False,isi>0.02;n_spikes<100;fr<0.2;presence<0.8;firing_rate_qm_low;num_spikes_qm_low
Amygdala,162,Amygdala_unit162,4,31,0.0683,10.5296,,0.0683,0.0,31,False,isi>0.02;n_spikes<100;fr<0.2;presence<0.8;firing_rate_qm_low;num_spikes_qm_low
Amygdala,163,Amygdala_unit163,4,26,0.0573,8.6742,,0.0573,0.0,26,False,isi>0.02;n_spikes<100;fr<0.2;presence<0.8;firing_rate_qm_low;num_spikes_qm_low
Amygdala,164,Amygdala_unit164,8,29,0.0639,16.4508,,0.0639,0.0,29,False,isi>0.02;n_spikes<100;fr<0.2;presence<0.8;firing_rate_qm_low;num_spikes_qm_low
Amygdala,165,Amygdala_unit165,4,75,0.1653,7.3772,,0.1653,0.1429,75,False,isi>0.02;n_spikes<100;fr<0.2;presence<0.8;firing_rate_qm_low;num_spikes_qm_low
Amygdala,166,Amygdala_unit166,4,53,0.1168,7.6079,,0.1168,0.1429,53,False,isi>0.02;n_spikes<100;fr<0.2;presence<0.8;firing_rate_qm_low;num_spikes_qm_low
Amygdala,167,Amygdala_unit167,4,250,0.5511,4.7286,,0.5511,0.4286,250,False,snr<5.0;isi>0.02;presence<0.8
Amygdala,168,Amygdala_unit168,4,21,0.0463,6.3008,,0.0463,0.0,21,False,isi>0.02;n_spikes<100;fr<0.2;presence<0.8;firing_rate_qm_low;num_spikes_qm_low
Amygdala,169,Amygdala_unit169,13,39,0.086,16.4645,,0.086,0.1429,39,False,isi>0.02;n_spikes<100;fr<0.2;presence<0.8;firing_rate_qm_low;num_spikes_qm_low
Amygdala,170,Amygdala_unit170,4,18,0.0397,10.6935,,0.0397,0.2857,18,False,isi>0.02;n_spikes<100;fr<0.2;presence<0.8;firing_rate_qm_low;num_spikes_qm_low
Amygdala,171,Amygdala_unit171,4,43,0.0948,6.7864,,0.0948,0.1429,43,False,isi>0.02;n_spikes<100;fr<0.2;presence<0.8;firing_rate_qm_low;num_spikes_qm_low
Amygdala,172,Amygdala_unit172,8,18,0.0397,14.7506,,0.0397,0.0,18,False,isi>0.02;n_spikes<100;fr<0.2;presence<0.8;firing_rate_qm_low;num_spikes_qm_low
Amygdala,173,Amygdala_unit173,3,37,0.0816,14.0913,,0.0816,0.1429,37,False,isi>0.02;n_spikes<100;fr<0.2;presence<0.8;firing_rate_qm_low;num_spikes_qm_low
Amygdala,174,Amygdala_unit174,4,48,0.1058,7.2801,,0.1058,0.1429,48,False,isi>0.02;n_spikes<100;fr<0.2;presence<0.8;firing_rate_qm_low;num_spikes_qm_low
Amygdala,175,Amygdala_unit175,15,20,0.0441,12.4147,,0.0441,0.1429,20,False,isi>0.02;n_spikes<100;fr<0.2;presence<0.8;firing_rate_qm_low;num_spikes_qm_low
Amygdala,176,Amygdala_unit176,3,23,0.0507,7.9713,,0.0507,0.0,23,False,isi>0.02;n_spikes<100;fr<0.2;presence<0.8;firing_rate_qm_low;num_spikes_qm_low
Amygdala,177,Amygdala_unit177,4,31,0.0683,7.0089,,0.0683,0.1429,31,False,isi>0.02;n_spikes<100;fr<0.2;presence<0.8;firing_rate_qm_low;num_spikes_qm_low
Amygdala,178,Amygdala_unit178,4,141,0.3108,10.5944,,0.3108,0.1429,141,False,isi>0.02;presence<0.8
Amygdala,179,Amygdala_unit179,4,25,0.0551,7.8223,,0.0551,0.1429,25,False,isi>0.02;n_spikes<100;fr<0.2;presence<0.8;firing_rate_qm_low;num_spikes_qm_low
Amygdala,180,Amygdala_unit180,4,23,0.0507,5.5521,,0.0507,0.1429,23,False,isi>0.02;n_spikes<100;fr<0.2;presence<0.8;firing_rate_qm_low;num_spikes_qm_low
Amygdala,181,Amygdala_unit181,3,12,0.0265,11.258,,0.0265,0.0,12,False,isi>0.02;n_spikes<100;fr<0.2;presence<0.8;firing_rate_qm_low;num_spikes_qm_low
Amygdala,182,Amygdala_unit182,7,25,0.0551,18.5587,,0.0551,0.0,25,False,isi>0.02;n_spikes<100;fr<0.2;presence<0.8;firing_rate_qm_low;num_spikes_qm_low
Amygdala,183,Amygdala_unit183,4,31,0.0683,10.7562,,0.0683,0.0,31,False,isi>0.02;n_spikes<100;fr<0.2;presence<0.8;firing_rate_qm_low;num_spikes_qm_low
Amygdala,184,Amygdala_unit184,4,15,0.0331,7.9883,,0.0331,0.1429,15,False,isi>0.02;n_spikes<100;fr<0.2;presence<0.8;firing_rate_qm_low;num_spikes_qm_low
Amygdala,185,Amygdala_unit185,8,25,0.0551,7.4617,,0.0551,0.0,25,False,isi>0.02;n_spikes<100;fr<0.2;presence<0.8;firing_rate_qm_low;num_spikes_qm_low
Amygdala,186,Amygdala_unit186,4,91,0.2006,7.2882,,0.2006,0.1429,91,False,isi>0.02;n_spikes<100;presence<0.8;num_spikes_qm_low
Amygdala,187,Amygdala_unit187,4,52,0.1146,8.3869,,0.1146,0.1429,52,False,isi>0.02;n_spikes<100;fr<0.2;presence<0.8;firing_rate_qm_low;num_spikes_qm_low
Amygdala,188,Amygdala_unit188,4,61,0.1345,8.1785,,0.1345,0.1429,61,False,isi>0.02;n_spikes<100;fr<0.2;presence<0.8;firing_rate_qm_low;num_spikes_qm_low
Amygdala,189,Amygdala_unit189,11,23,0.0507,14.7302,,0.0507,0.1429,23,False,isi>0.02;n_spikes<100;fr<0.2;presence<0.8;firing_rate_qm_low;num_spikes_qm_low
Amygdala,190,Amygdala_unit190,11,40,0.0882,14.4323,,0.0882,0.1429,40,False,isi>0.02;n_spikes<100;fr<0.2;presence<0.8;firing_rate_qm_low;num_spikes_qm_low
Amygdala,191,Amygdala_unit191,3,13,0.0287,9.0619,,0.0287,0.1429,13,False,isi>0.02;n_spikes<100;fr<0.2;presence<0.8;firing_rate_qm_low;num_spikes_qm_low
Amygdala,192,Amygdala_unit192,4,40,0.0882,8.3525,,0.0882,0.1429,40,False,isi>0.02;n_spikes<100;fr<0.2;presence<0.8;firing_rate_qm_low;num_spikes_qm_low
Amygdala,193,Amygdala_unit193,3,73,0.1609,14.2112,,0.1609,0.1429,73,False,isi>0.02;n_spikes<100;fr<0.2;presence<0.8;firing_rate_qm_low;num_spikes_qm_low
Amygdala,194,Amygdala_unit194,4,16,0.0353,18.2467,,0.0353,0.1429,16,False,isi>0.02;n_spikes<100;fr<0.2;presence<0.8;firing_rate_qm_low;num_spikes_qm_low
Amygdala,195,Amygdala_unit195,4,49,0.108,17.4779,,0.108,0.1429,49,False,isi>0.02;n_spikes<100;fr<0.2;presence<0.8;firing_rate_qm_low;num_spikes_qm_low
Amygdala,196,Amygdala_unit196,4,43,0.0948,10.3313,,0.0948,0.1429,43,False,isi>0.02;n_spikes<100;fr<0.2;presence<0.8;firing_rate_qm_low;num_spikes_qm_low
Amygdala,197,Amygdala_unit197,4,104,0.2293,8.5548,,0.2293,0.1429,104,False,isi>0.02;presence<0.8
Amygdala,198,Amygdala_unit198,3,58,0.1279,7.4073,,0.1279,0.1429,58,False,isi>0.02;n_spikes<100;fr<0.2;presence<0.8;firing_rate_qm_low;num_spikes_qm_low
Amygdala,199,Amygdala_unit199,3,45,0.0992,11.2768,,0.0992,0.1429,45,False,isi>0.02;n_spikes<100;fr<0.2;presence<0.8;firing_rate_qm_low;num_spikes_qm_low
Amygdala,200,Amygdala_unit200,4,64,0.1411,11.2965,,0.1411,0.1429,64,False,isi>0.02;n_spikes<100;fr<0.2;presence<0.8;firing_rate_qm_low;num_spikes_qm_low
Amygdala,201,Amygdala_unit201,3,45,0.0992,15.2044,,0.0992,0.1429,45,False,isi>0.02;n_spikes<100;fr<0.2;presence<0.8;firing_rate_qm_low;num_spikes_qm_low
Amygdala,202,Amygdala_unit202,3,50,0.1102,7.9114,,0.1102,0.1429,50,False,isi>0.02;n_spikes<100;fr<0.2;presence<0.8;firing_rate_qm_low;num_spikes_qm_low
Amygdala,203,Amygdala_unit203,4,48,0.1058,4.6173,,0.1058,0.1429,48,False,snr<5.0;isi>0.02;n_spikes<100;fr<0.2;presence<0.8;firing_rate_qm_low;num_spikes_qm_low
Amygdala,204,Amygdala_unit204,4,18,0.0397,6.2542,,0.0397,0.0,18,False,isi>0.02;n_spikes<100;fr<0.2;presence<0.8;firing_rate_qm_low;num_spikes_qm_low
Amygdala,205,Amygdala_unit205,8,19,0.0419,8.0557,,0.0419,0.1429,19,False,isi>0.02;n_spikes<100;fr<0.2;presence<0.8;firing_rate_qm_low;num_spikes_qm_low
Amygdala,206,Amygdala_unit206,13,12,0.0265,25.4428,,0.0265,0.0,12,False,isi>0.02;n_spikes<100;fr<0.2;presence<0.8;firing_rate_qm_low;num_spikes_qm_low
Amygdala,207,Amygdala_unit207,4,21,0.0463,6.9482,,0.0463,0.2857,21,False,isi>0.02;n_spikes<100;fr<0.2;presence<0.8;firing_rate_qm_low;num_spikes_qm_low
Amygdala,208,Amygdala_unit208,3,50,0.1102,14.0276,,0.1102,0.1429,50,False,isi>0.02;n_spikes<100;fr<0.2;presence<0.8;firing_rate_qm_low;num_spikes_qm_low
Amygdala,209,Amygdala_unit209,4,43,0.0948,4.5607,,0.0948,0.1429,43,False,snr<5.0;isi>0.02;n_spikes<100;fr<0.2;presence<0.8;firing_rate_qm_low;num_spikes_qm_low
Amygdala,210,Amygdala_unit210,4,32,0.0705,6.2097,,0.0705,0.1429,32,False,isi>0.02;n_spikes<100;fr<0.2;presence<0.8;firing_rate_qm_low;num_spikes_qm_low
Amygdala,211,Amygdala_unit211,4,27,0.0595,5.026,,0.0595,0.1429,27,False,isi>0.02;n_spikes<100;fr<0.2;presence<0.8;firing_rate_qm_low;num_spikes_qm_low
Amygdala,212,Amygdala_unit212,5,119,0.2623,14.9907,,0.2623,0.1429,119,False,isi>0.02;presence<0.8
Amygdala,213,Amygdala_unit213,5,121,0.2668,16.2154,,0.2668,0.1429,121,False,isi>0.02;presence<0.8
Amygdala,214,Amygdala_unit214,5,39,0.086,18.1399,,0.086,0.1429,39,False,isi>0.02;n_spikes<100;fr<0.2;presence<0.8;firing_rate_qm_low;num_spikes_qm_low
Amygdala,215,Amygdala_unit215,5,29,0.0639,23.2411,,0.0639,0.1429,29,False,isi>0.02;n_spikes<100;fr<0.2;presence<0.8;firing_rate_qm_low;num_spikes_qm_low
Amygdala,216,Amygdala_unit216,13,22,0.0485,13.7449,,0.0485,0.1429,22,False,isi>0.02;n_spikes<100;fr<0.2;presence<0.8;firing_rate_qm_low;num_spikes_qm_low
Amygdala,217,Amygdala_unit217,3,30,0.0661,9.7084,,0.0661,0.4286,30,False,isi>0.02;n_spikes<100;fr<0.2;presence<0.8;firing_rate_qm_low;num_spikes_qm_low
Amygdala,218,Amygdala_unit218,11,26,0.0573,12.5753,,0.0573,0.1429,26,False,isi>0.02;n_spikes<100;fr<0.2;presence<0.8;firing_rate_qm_low;num_spikes_qm_low
Amygdala,219,Amygdala_unit219,11,28,0.0617,10.2277,,0.0617,0.0,28,False,isi>0.02;n_spikes<100;fr<0.2;presence<0.8;firing_rate_qm_low;num_spikes_qm_low
Amygdala,220,Amygdala_unit220,5,40,0.0882,15.7366,,0.0882,0.1429,40,False,isi>0.02;n_spikes<100;fr<0.2;presence<0.8;firing_rate_qm_low;num_spikes_qm_low
Amygdala,221,Amygdala_unit221,5,48,0.1058,21.4824,,0.1058,0.1429,48,False,isi>0.02;n_spikes<100;fr<0.2;presence<0.8;firing_rate_qm_low;num_spikes_qm_low
Amygdala,222,Amygdala_unit222,11,20,0.0441,9.0189,,0.0441,0.0,20,False,isi>0.02;n_spikes<100;fr<0.2;presence<0.8;firing_rate_qm_low;num_spikes_qm_low
Amygdala,223,Amygdala_unit223,5,33,0.0728,31.7862,,0.0728,0.1429,33,False,isi>0.02;n_spikes<100;fr<0.2;presence<0.8;firing_rate_qm_low;num_spikes_qm_low
Amygdala,224,Amygdala_unit224,5,14,0.0309,15.382,,0.0309,0.1429,14,False,isi>0.02;n_spikes<100;fr<0.2;presence<0.8;firing_rate_qm_low;num_spikes_qm_low
Amygdala,225,Amygdala_unit225,13,20,0.0441,9.2334,,0.0441,0.1429,20,False,isi>0.02;n_spikes<100;fr<0.2;presence<0.8;firing_rate_qm_low;num_spikes_qm_low
Amygdala,226,Amygdala_unit226,3,13,0.0287,13.8777,,0.0287,0.1429,13,False,isi>0.02;n_spikes<100;fr<0.2;presence<0.8;firing_rate_qm_low;num_spikes_qm_low
Amygdala,227,Amygdala_unit227,5,50,0.1102,12.8544,,0.1102,0.1429,50,False,isi>0.02;n_spikes<100;fr<0.2;presence<0.8;firing_rate_qm_low;num_spikes_qm_low
Amygdala,228,Amygdala_unit228,5,18,0.0397,21.5699,,0.0397,0.1429,18,False,isi>0.02;n_spikes<100;fr<0.2;presence<0.8;firing_rate_qm_low;num_spikes_qm_low
Amygdala,229,Amygdala_unit229,11,43,0.0948,10.3363,,0.0948,0.1429,43,False,isi>0.02;n_spikes<100;fr<0.2;presence<0.8;firing_rate_qm_low;num_spikes_qm_low
Amygdala,230,Amygdala_unit230,11,37,0.0816,11.0792,,0.0816,0.1429,37,False,isi>0.02;n_spikes<100;fr<0.2;presence<0.8;firing_rate_qm_low;num_spikes_qm_low
Amygdala,231,Amygdala_unit231,11,25,0.0551,10.6587,,0.0551,0.1429,25,False,isi>0.02;n_spikes<100;fr<0.2;presence<0.8;firing_rate_qm_low;num_spikes_qm_low
Amygdala,232,Amygdala_unit232,5,66,0.1455,12.5644,,0.1455,0.1429,66,False,isi>0.02;n_spikes<100;fr<0.2;presence<0.8;firing_rate_qm_low;num_spikes_qm_low
Amygdala,233,Amygdala_unit233,3,18,0.0397,6.9763,,0.0397,0.1429,18,False,isi>0.02;n_spikes<100;fr<0.2;presence<0.8;firing_rate_qm_low;num_spikes_qm_low
Amygdala,234,Amygdala_unit234,3,55,0.1213,10.561,,0.1213,0.1429,55,False,isi>0.02;n_spikes<100;fr<0.2;presence<0.8;firing_rate_qm_low;num_spikes_qm_low
Amygdala,235,Amygdala_unit235,8,29,0.0639,12.0017,,0.0639,0.1429,29,False,isi>0.02;n_spikes<100;fr<0.2;presence<0.8;firing_rate_qm_low;num_spikes_qm_low
Amygdala,236,Amygdala_unit236,3,25,0.0551,5.9663,,0.0551,0.0,25,False,isi>0.02;n_spikes<100;fr<0.2;presence<0.8;firing_rate_qm_low;num_spikes_qm_low
Amygdala,237,Amygdala_unit237,3,64,0.1411,7.4785,,0.1411,0.0,64,False,isi>0.02;n_spikes<100;fr<0.2;presence<0.8;firing_rate_qm_low;num_spikes_qm_low
Amygdala,238,Amygdala_unit238,5,26,0.0573,19.162,,0.0573,0.1429,26,False,isi>0.02;n_spikes<100;fr<0.2;presence<0.8;firing_rate_qm_low;num_spikes_qm_low
Amygdala,239,Amygdala_unit239,5,25,0.0551,15.046,,0.0551,0.1429,25,False,isi>0.02;n_spikes<100;fr<0.2;presence<0.8;firing_rate_qm_low;num_spikes_qm_low
Amygdala,240,Amygdala_unit240,5,27,0.0595,33.4713,,0.0595,0.1429,27,False,isi>0.02;n_spikes<100;fr<0.2;presence<0.8;firing_rate_qm_low;num_spikes_qm_low
Amygdala,241,Amygdala_unit241,5,38,0.0838,17.0073,,0.0838,0.1429,38,False,isi>0.02;n_spikes<100;fr<0.2;presence<0.8;firing_rate_qm_low;num_spikes_qm_low
Amygdala,242,Amygdala_unit242,3,47,0.1036,7.9301,,0.1036,0.1429,47,False,isi>0.02;n_spikes<100;fr<0.2;presence<0.8;firing_rate_qm_low;num_spikes_qm_low
Amygdala,243,Amygdala_unit243,8,13,0.0287,14.2141,,0.0287,0.1429,13,False,isi>0.02;n_spikes<100;fr<0.2;presence<0.8;firing_rate_qm_low;num_spikes_qm_low
Amygdala,244,Amygdala_unit244,11,22,0.0485,17.2459,,0.0485,0.1429,22,False,isi>0.02;n_spikes<100;fr<0.2;presence<0.8;firing_rate_qm_low;num_spikes_qm_low
Amygdala,245,Amygdala_unit245,11,32,0.0705,15.9004,,0.0705,0.1429,32,False,isi>0.02;n_spikes<100;fr<0.2;presence<0.8;firing_rate_qm_low;num_spikes_qm_low
Amygdala,246,Amygdala_unit246,8,36,0.0794,13.3474,,0.0794,0.0,36,False,isi>0.02;n_spikes<100;fr<0.2;presence<0.8;firing_rate_qm_low;num_spikes_qm_low
Amygdala,247,Amygdala_unit247,8,42,0.0926,12.6139,,0.0926,0.0,42,False,isi>0.02;n_spikes<100;fr<0.2;presence<0.8;firing_rate_qm_low;num_spikes_qm_low
Amygdala,248,Amygdala_unit248,4,58,0.1279,5.7949,,0.1279,0.1429,58,False,isi>0.02;n_spikes<100;fr<0.2;presence<0.8;firing_rate_qm_low;num_spikes_qm_low
Amygdala,249,Amygdala_unit249,6,16,0.0353,30.4447,,0.0353,0.1429,16,False,isi>0.02;n_spikes<100;fr<0.2;presence<0.8;firing_rate_qm_low;num_spikes_qm_low
Amygdala,250,Amygdala_unit250,6,63,0.1389,9.243,,0.1389,0.2857,63,False,isi>0.02;n_spikes<100;fr<0.2;presence<0.8;firing_rate_qm_low;num_spikes_qm_low
Amygdala,251,Amygdala_unit251,6,34,0.075,8.0141,,0.075,0.2857,34,False,isi>0.02;n_spikes<100;fr<0.2;presence<0.8;firing_rate_qm_low;num_spikes_qm_low
Amygdala,252,Amygdala_unit252,6,154,0.3395,10.6814,,0.3395,0.5714,154,False,isi>0.02;presence<0.8
Amygdala,253,Amygdala_unit253,6,99,0.2183,11.169,,0.2183,0.2857,99,False,isi>0.02;n_spikes<100;presence<0.8;num_spikes_qm_low
Amygdala,254,Amygdala_unit254,6,37,0.0816,17.801,,0.0816,0.1429,37,False,isi>0.02;n_spikes<100;fr<0.2;presence<0.8;firing_rate_qm_low;num_spikes_qm_low
Amygdala,255,Amygdala_unit255,6,49,0.108,14.9242,,0.108,0.1429,49,False,isi>0.02;n_spikes<100;fr<0.2;presence<0.8;firing_rate_qm_low;num_spikes_qm_low
Amygdala,256,Amygdala_unit256,6,45,0.0992,13.9491,,0.0992,0.2857,45,False,isi>0.02;n_spikes<100;fr<0.2;presence<0.8;firing_rate_qm_low;num_spikes_qm_low
Amygdala,257,Amygdala_unit257,6,26,0.0573,7.9617,,0.0573,0.1429,26,False,isi>0.02;n_spikes<100;fr<0.2;presence<0.8;firing_rate_qm_low;num_spikes_qm_low
Amygdala,258,Amygdala_unit258,6,34,0.075,13.9451,,0.075,0.1429,34,False,isi>0.02;n_spikes<100;fr<0.2;presence<0.8;firing_rate_qm_low;num_spikes_qm_low
Amygdala,259,Amygdala_unit259,6,15,0.0331,13.8685,,0.0331,0.1429,15,False,isi>0.02;n_spikes<100;fr<0.2;presence<0.8;firing_rate_qm_low;num_spikes_qm_low
Amygdala,260,Amygdala_unit260,6,19,0.0419,20.6698,,0.0419,0.1429,19,False,isi>0.02;n_spikes<100;fr<0.2;presence<0.8;firing_rate_qm_low;num_spikes_qm_low
Amygdala,261,Amygdala_unit261,3,11,0.0243,4.9882,,0.0243,0.1429,11,False,snr<5.0;isi>0.02;n_spikes<100;fr<0.2;presence<0.8;firing_rate_qm_low;num_spikes_qm_low
Amygdala,262,Amygdala_unit262,6,29,0.0639,11.8701,,0.0639,0.0,29,False,isi>0.02;n_spikes<100;fr<0.2;presence<0.8;firing_rate_qm_low;num_spikes_qm_low
Amygdala,263,Amygdala_unit263,6,32,0.0705,19.9124,,0.0705,0.1429,32,False,isi>0.02;n_spikes<100;fr<0.2;presence<0.8;firing_rate_qm_low;num_spikes_qm_low
Amygdala,264,Amygdala_unit264,13,33,0.0728,18.0523,,0.0728,0.1429,33,False,isi>0.02;n_spikes<100;fr<0.2;presence<0.8;firing_rate_qm_low;num_spikes_qm_low
Amygdala,265,Amygdala_unit265,6,54,0.119,10.4195,,0.119,0.2857,54,False,isi>0.02;n_spikes<100;fr<0.2;presence<0.8;firing_rate_qm_low;num_spikes_qm_low
Amygdala,266,Amygdala_unit266,6,49,0.108,14.892,,0.108,0.2857,49,False,isi>0.02;n_spikes<100;fr<0.2;presence<0.8;firing_rate_qm_low;num_spikes_qm_low
Amygdala,267,Amygdala_unit267,6,13,0.0287,17.7043,,0.0287,0.1429,13,False,isi>0.02;n_spikes<100;fr<0.2;presence<0.8;firing_rate_qm_low;num_spikes_qm_low
Amygdala,268,Amygdala_unit268,6,56,0.1235,11.9909,,0.1235,0.2857,56,False,isi>0.02;n_spikes<100;fr<0.2;presence<0.8;firing_rate_qm_low;num_spikes_qm_low
Amygdala,269,Amygdala_unit269,6,23,0.0507,15.2788,,0.0507,0.0,23,False,isi>0.02;n_spikes<100;fr<0.2;presence<0.8;firing_rate_qm_low;num_spikes_qm_low
Amygdala,270,Amygdala_unit270,13,52,0.1146,9.4151,,0.1146,0.1429,52,False,isi>0.02;n_spikes<100;fr<0.2;presence<0.8;firing_rate_qm_low;num_spikes_qm_low
Amygdala,271,Amygdala_unit271,6,72,0.1587,8.9207,,0.1587,0.1429,72,False,isi>0.02;n_spikes<100;fr<0.2;presence<0.8;firing_rate_qm_low;num_spikes_qm_low
Amygdala,272,Amygdala_unit272,6,48,0.1058,9.9924,,0.1058,0.1429,48,False,isi>0.02;n_spikes<100;fr<0.2;presence<0.8;firing_rate_qm_low;num_spikes_qm_low
Amygdala,273,Amygdala_unit273,7,10,0.022,20.8724,,0.022,0.1429,10,False,isi>0.02;n_spikes<100;fr<0.2;presence<0.8;firing_rate_qm_low;num_spikes_qm_low
Amygdala,274,Amygdala_unit274,6,21,0.0463,27.2133,,0.0463,0.1429,21,False,isi>0.02;n_spikes<100;fr<0.2;presence<0.8;firing_rate_qm_low;num_spikes_qm_low
Amygdala,275,Amygdala_unit275,3,10,0.022,11.4229,,0.022,0.1429,10,False,isi>0.02;n_spikes<100;fr<0.2;presence<0.8;firing_rate_qm_low;num_spikes_qm_low
Amygdala,276,Amygdala_unit276,6,22,0.0485,15.1297,,0.0485,0.0,22,False,isi>0.02;n_spikes<100;fr<0.2;presence<0.8;firing_rate_qm_low;num_spikes_qm_low
Amygdala,277,Amygdala_unit277,6,24,0.0529,19.0501,,0.0529,0.0,24,False,isi>0.02;n_spikes<100;fr<0.2;presence<0.8;firing_rate_qm_low;num_spikes_qm_low
Amygdala,278,Amygdala_unit278,6,28,0.0617,13.4777,,0.0617,0.0,28,False,isi>0.02;n_spikes<100;fr<0.2;presence<0.8;firing_rate_qm_low;num_spikes_qm_low
Amygdala,279,Amygdala_unit279,13,34,0.075,11.8191,,0.075,0.1429,34,False,isi>0.02;n_spikes<100;fr<0.2;presence<0.8;firing_rate_qm_low;num_spikes_qm_low
Amygdala,280,Amygdala_unit280,13,25,0.0551,8.0792,,0.0551,0.2857,25,False,isi>0.02;n_spikes<100;fr<0.2;presence<0.8;firing_rate_qm_low;num_spikes_qm_low
Amygdala,281,Amygdala_unit281,6,87,0.1918,11.9103,,0.1918,0.2857,87,False,isi>0.02;n_spikes<100;fr<0.2;presence<0.8;firing_rate_qm_low;num_spikes_qm_low
Amygdala,282,Amygdala_unit282,7,32,0.0705,32.0894,,0.0705,0.2857,32,False,isi>0.02;n_spikes<100;fr<0.2;presence<0.8;firing_rate_qm_low;num_spikes_qm_low
Amygdala,283,Amygdala_unit283,7,37,0.0816,15.1903,,0.0816,0.5714,37,False,isi>0.02;n_spikes<100;fr<0.2;presence<0.8;firing_rate_qm_low;num_spikes_qm_low
Amygdala,284,Amygdala_unit284,7,13,0.0287,14.9205,,0.0287,0.1429,13,False,isi>0.02;n_spikes<100;fr<0.2;presence<0.8;firing_rate_qm_low;num_spikes_qm_low
Amygdala,285,Amygdala_unit285,7,16,0.0353,31.5661,,0.0353,0.1429,16,False,isi>0.02;n_spikes<100;fr<0.2;presence<0.8;firing_rate_qm_low;num_spikes_qm_low
Amygdala,286,Amygdala_unit286,7,80,0.1764,20.5168,,0.1764,0.0,80,False,isi>0.02;n_spikes<100;fr<0.2;presence<0.8;firing_rate_qm_low;num_spikes_qm_low
Amygdala,287,Amygdala_unit287,7,32,0.0705,17.7575,,0.0705,0.1429,32,False,isi>0.02;n_spikes<100;fr<0.2;presence<0.8;firing_rate_qm_low;num_spikes_qm_low
Amygdala,288,Amygdala_unit288,7,22,0.0485,24.7231,,0.0485,0.1429,22,False,isi>0.02;n_spikes<100;fr<0.2;presence<0.8;firing_rate_qm_low;num_spikes_qm_low
Amygdala,289,Amygdala_unit289,7,10,0.022,15.3416,,0.022,0.0,10,False,isi>0.02;n_spikes<100;fr<0.2;presence<0.8;firing_rate_qm_low;num_spikes_qm_low
Amygdala,290,Amygdala_unit290,8,43,0.0948,22.1001,,0.0948,0.1429,43,False,isi>0.02;n_spikes<100;fr<0.2;presence<0.8;firing_rate_qm_low;num_spikes_qm_low
Amygdala,291,Amygdala_unit291,8,24,0.0529,16.9176,,0.0529,0.1429,24,False,isi>0.02;n_spikes<100;fr<0.2;presence<0.8;firing_rate_qm_low;num_spikes_qm_low
Amygdala,292,Amygdala_unit292,8,21,0.0463,23.4154,,0.0463,0.1429,21,False,isi>0.02;n_spikes<100;fr<0.2;presence<0.8;firing_rate_qm_low;num_spikes_qm_low
Amygdala,293,Amygdala_unit293,8,21,0.0463,21.0394,,0.0463,0.1429,21,False,isi>0.02;n_spikes<100;fr<0.2;presence<0.8;firing_rate_qm_low;num_spikes_qm_low
Amygdala,294,Amygdala_unit294,8,66,0.1455,14.0535,,0.1455,0.0,66,False,isi>0.02;n_spikes<100;fr<0.2;presence<0.8;firing_rate_qm_low;num_spikes_qm_low
Amygdala,295,Amygdala_unit295,8,40,0.0882,20.2544,,0.0882,0.0,40,False,isi>0.02;n_spikes<100;fr<0.2;presence<0.8;firing_rate_qm_low;num_spikes_qm_low
Amygdala,296,Amygdala_unit296,15,19,0.0419,10.1454,,0.0419,0.1429,19,False,isi>0.02;n_spikes<100;fr<0.2;presence<0.8;firing_rate_qm_low;num_spikes_qm_low
Amygdala,297,Amygdala_unit297,8,28,0.0617,22.0062,,0.0617,0.1429,28,False,isi>0.02;n_spikes<100;fr<0.2;presence<0.8;firing_rate_qm_low;num_spikes_qm_low
Amygdala,298,Amygdala_unit298,3,49,0.108,7.3155,,0.108,0.2857,49,False,isi>0.02;n_spikes<100;fr<0.2;presence<0.8;firing_rate_qm_low;num_spikes_qm_low
Amygdala,299,Amygdala_unit299,8,23,0.0507,13.5534,,0.0507,0.1429,23,False,isi>0.02;n_spikes<100;fr<0.2;presence<0.8;firing_rate_qm_low;num_spikes_qm_low
Amygdala,300,Amygdala_unit300,8,17,0.0375,11.9593,,0.0375,0.1429,17,False,isi>0.02;n_spikes<100;fr<0.2;presence<0.8;firing_rate_qm_low;num_spikes_qm_low
Amygdala,301,Amygdala_unit301,8,35,0.0772,12.2199,,0.0772,0.1429,35,False,isi>0.02;n_spikes<100;fr<0.2;presence<0.8;firing_rate_qm_low;num_spikes_qm_low
Amygdala,302,Amygdala_unit302,8,20,0.0441,12.3533,,0.0441,0.1429,20,False,isi>0.02;n_spikes<100;fr<0.2;presence<0.8;firing_rate_qm_low;num_spikes_qm_low
Amygdala,303,Amygdala_unit303,8,25,0.0551,9.7711,,0.0551,0.2857,25,False,isi>0.02;n_spikes<100;fr<0.2;presence<0.8;firing_rate_qm_low;num_spikes_qm_low
Amygdala,304,Amygdala_unit304,8,18,0.0397,12.3745,,0.0397,0.0,18,False,isi>0.02;n_spikes<100;fr<0.2;presence<0.8;firing_rate_qm_low;num_spikes_qm_low
Amygdala,305,Amygdala_unit305,8,20,0.0441,10.159,,0.0441,0.1429,20,False,isi>0.02;n_spikes<100;fr<0.2;presence<0.8;firing_rate_qm_low;num_spikes_qm_low
Amygdala,306,Amygdala_unit306,8,24,0.0529,13.2019,,0.0529,0.1429,24,False,isi>0.02;n_spikes<100;fr<0.2;presence<0.8;firing_rate_qm_low;num_spikes_qm_low
Amygdala,307,Amygdala_unit307,8,19,0.0419,12.3472,,0.0419,0.1429,19,False,isi>0.02;n_spikes<100;fr<0.2;presence<0.8;firing_rate_qm_low;num_spikes_qm_low
Amygdala,308,Amygdala_unit308,8,600,1.3227,8.8194,,1.3227,0.5714,600,False,isi>0.02;presence<0.8
Amygdala,309,Amygdala_unit309,8,40,0.0882,10.3742,,0.0882,0.2857,40,False,isi>0.02;n_spikes<100;fr<0.2;presence<0.8;firing_rate_qm_low;num_spikes_qm_low
Amygdala,310,Amygdala_unit310,8,156,0.3439,9.8741,,0.3439,0.2857,156,False,isi>0.02;presence<0.8
Amygdala,311,Amygdala_unit311,8,42,0.0926,10.0984,,0.0926,0.1429,42,False,isi>0.02;n_spikes<100;fr<0.2;presence<0.8;firing_rate_qm_low;num_spikes_qm_low
Amygdala,312,Amygdala_unit312,8,57,0.1257,13.1958,,0.1257,0.4286,57,False,isi>0.02;n_spikes<100;fr<0.2;presence<0.8;firing_rate_qm_low;num_spikes_qm_low
Amygdala,313,Amygdala_unit313,8,189,0.4167,11.2137,,0.4167,0.2857,189,False,isi>0.02;presence<0.8
Amygdala,314,Amygdala_unit314,8,50,0.1102,16.0659,,0.1102,0.2857,50,False,isi>0.02;n_spikes<100;fr<0.2;presence<0.8;firing_rate_qm_low;num_spikes_qm_low
Amygdala,315,Amygdala_unit315,8,182,0.4012,9.7923,,0.4012,0.4286,182,False,isi>0.02;presence<0.8
Amygdala,316,Amygdala_unit316,8,80,0.1764,13.0776,,0.1764,0.2857,80,False,isi>0.02;n_spikes<100;fr<0.2;presence<0.8;firing_rate_qm_low;num_spikes_qm_low
Amygdala,317,Amygdala_unit317,8,32,0.0705,9.5589,,0.0705,0.2857,32,False,isi>0.02;n_spikes<100;fr<0.2;presence<0.8;firing_rate_qm_low;num_spikes_qm_low
Amygdala,318,Amygdala_unit318,8,39,0.086,9.0376,,0.086,0.0,39,False,isi>0.02;n_spikes<100;fr<0.2;presence<0.8;firing_rate_qm_low;num_spikes_qm_low
Amygdala,319,Amygdala_unit319,8,84,0.1852,15.1052,,0.1852,0.2857,84,False,isi>0.02;n_spikes<100;fr<0.2;presence<0.8;firing_rate_qm_low;num_spikes_qm_low
Amygdala,320,Amygdala_unit320,8,70,0.1543,13.0564,,0.1543,0.2857,70,False,isi>0.02;n_spikes<100;fr<0.2;presence<0.8;firing_rate_qm_low;num_spikes_qm_low
Amygdala,321,Amygdala_unit321,8,23,0.0507,18.4087,,0.0507,0.1429,23,False,isi>0.02;n_spikes<100;fr<0.2;presence<0.8;firing_rate_qm_low;num_spikes_qm_low
Amygdala,322,Amygdala_unit322,8,27,0.0595,8.9407,,0.0595,0.1429,27,False,isi>0.02;n_spikes<100;fr<0.2;presence<0.8;firing_rate_qm_low;num_spikes_qm_low
Amygdala,323,Amygdala_unit323,8,42,0.0926,11.4804,,0.0926,0.1429,42,False,isi>0.02;n_spikes<100;fr<0.2;presence<0.8;firing_rate_qm_low;num_spikes_qm_low
Amygdala,324,Amygdala_unit324,7,27,0.0595,23.2924,,0.0595,0.1429,27,False,isi>0.02;n_spikes<100;fr<0.2;presence<0.8;firing_rate_qm_low;num_spikes_qm_low
Amygdala,325,Amygdala_unit325,3,27,0.0595,7.0119,,0.0595,0.2857,27,False,isi>0.02;n_spikes<100;fr<0.2;presence<0.8;firing_rate_qm_low;num_spikes_qm_low
Amygdala,326,Amygdala_unit326,3,23,0.0507,6.922,,0.0507,0.0,23,False,isi>0.02;n_spikes<100;fr<0.2;presence<0.8;firing_rate_qm_low;num_spikes_qm_low
Amygdala,327,Amygdala_unit327,3,63,0.1389,7.4766,,0.1389,0.0,63,False,isi>0.02;n_spikes<100;fr<0.2;presence<0.8;firing_rate_qm_low;num_spikes_qm_low
Amygdala,328,Amygdala_unit328,8,37,0.0816,17.4207,,0.0816,0.1429,37,False,isi>0.02;n_spikes<100;fr<0.2;presence<0.8;firing_rate_qm_low;num_spikes_qm_low
Amygdala,329,Amygdala_unit329,8,25,0.0551,17.9116,,0.0551,0.0,25,False,isi>0.02;n_spikes<100;fr<0.2;presence<0.8;firing_rate_qm_low;num_spikes_qm_low
Amygdala,330,Amygdala_unit330,6,21,0.0463,33.2652,,0.0463,0.1429,21,False,isi>0.02;n_spikes<100;fr<0.2;presence<0.8;firing_rate_qm_low;num_spikes_qm_low
Amygdala,331,Amygdala_unit331,8,20,0.0441,15.675,,0.0441,0.1429,20,False,isi>0.02;n_spikes<100;fr<0.2;presence<0.8;firing_rate_qm_low;num_spikes_qm_low
Amygdala,332,Amygdala_unit332,8,23,0.0507,17.6692,,0.0507,0.1429,23,False,isi>0.02;n_spikes<100;fr<0.2;presence<0.8;firing_rate_qm_low;num_spikes_qm_low
Amygdala,333,Amygdala_unit333,8,30,0.0661,18.0056,,0.0661,0.1429,30,False,isi>0.02;n_spikes<100;fr<0.2;presence<0.8;firing_rate_qm_low;num_spikes_qm_low
Amygdala,334,Amygdala_unit334,8,24,0.0529,20.9151,,0.0529,0.1429,24,False,isi>0.02;n_spikes<100;fr<0.2;presence<0.8;firing_rate_qm_low;num_spikes_qm_low
Amygdala,335,Amygdala_unit335,8,50,0.1102,16.1356,,0.1102,0.2857,50,False,isi>0.02;n_spikes<100;fr<0.2;presence<0.8;firing_rate_qm_low;num_spikes_qm_low
Amygdala,336,Amygdala_unit336,3,33,0.0728,14.4061,,0.0728,0.1429,33,False,isi>0.02;n_spikes<100;fr<0.2;presence<0.8;firing_rate_qm_low;num_spikes_qm_low
Amygdala,337,Amygdala_unit337,8,41,0.0904,21.2757,,0.0904,0.0,41,False,isi>0.02;n_spikes<100;fr<0.2;presence<0.8;firing_rate_qm_low;num_spikes_qm_low
Amygdala,338,Amygdala_unit338,8,22,0.0485,18.4329,,0.0485,0.0,22,False,isi>0.02;n_spikes<100;fr<0.2;presence<0.8;firing_rate_qm_low;num_spikes_qm_low
Amygdala,339,Amygdala_unit339,11,15,0.0331,28.5353,,0.0331,0.1429,15,False,isi>0.02;n_spikes<100;fr<0.2;presence<0.8;firing_rate_qm_low;num_spikes_qm_low
Amygdala,340,Amygdala_unit340,11,61,0.1345,28.8576,,0.1345,0.0,61,False,isi>0.02;n_spikes<100;fr<0.2;presence<0.8;firing_rate_qm_low;num_spikes_qm_low
Amygdala,341,Amygdala_unit341,11,15,0.0331,27.8205,,0.0331,0.1429,15,False,isi>0.02;n_spikes<100;fr<0.2;presence<0.8;firing_rate_qm_low;num_spikes_qm_low
Amygdala,342,Amygdala_unit342,11,228,0.5026,13.213,,0.5026,0.1429,228,False,isi>0.02;presence<0.8
Amygdala,343,Amygdala_unit343,11,30,0.0661,24.3307,,0.0661,0.1429,30,False,isi>0.02;n_spikes<100;fr<0.2;presence<0.8;firing_rate_qm_low;num_spikes_qm_low
Amygdala,344,Amygdala_unit344,11,44,0.097,16.2228,,0.097,0.2857,44,False,isi>0.02;n_spikes<100;fr<0.2;presence<0.8;firing_rate_qm_low;num_spikes_qm_low
Amygdala,345,Amygdala_unit345,11,113,0.2491,18.9558,,0.2491,0.1429,113,False,isi>0.02;presence<0.8
Amygdala,346,Amygdala_unit346,11,69,0.1521,19.4183,,0.1521,0.1429,69,False,isi>0.02;n_spikes<100;fr<0.2;presence<0.8;firing_rate_qm_low;num_spikes_qm_low
Amygdala,347,Amygdala_unit347,11,45,0.0992,30.8198,,0.0992,0.1429,45,False,isi>0.02;n_spikes<100;fr<0.2;presence<0.8;firing_rate_qm_low;num_spikes_qm_low
Amygdala,348,Amygdala_unit348,11,122,0.269,14.2326,,0.269,0.1429,122,False,isi>0.02;presence<0.8
Amygdala,349,Amygdala_unit349,11,55,0.1213,13.707,,0.1213,0.2857,55,False,isi>0.02;n_spikes<100;fr<0.2;presence<0.8;firing_rate_qm_low;num_spikes_qm_low
Amygdala,350,Amygdala_unit350,11,43,0.0948,16.5101,,0.0948,0.2857,43,False,isi>0.02;n_spikes<100;fr<0.2;presence<0.8;firing_rate_qm_low;num_spikes_qm_low
Amygdala,351,Amygdala_unit351,11,41,0.0904,18.1079,,0.0904,0.1429,41,False,isi>0.02;n_spikes<100;fr<0.2;presence<0.8;firing_rate_qm_low;num_spikes_qm_low
Amygdala,352,Amygdala_unit352,11,40,0.0882,25.4169,,0.0882,0.1429,40,False,isi>0.02;n_spikes<100;fr<0.2;presence<0.8;firing_rate_qm_low;num_spikes_qm_low
Amygdala,353,Amygdala_unit353,11,35,0.0772,32.5437,,0.0772,0.1429,35,False,isi>0.02;n_spikes<100;fr<0.2;presence<0.8;firing_rate_qm_low;num_spikes_qm_low
Amygdala,354,Amygdala_unit354,11,85,0.1874,20.5605,,0.1874,0.1429,85,False,isi>0.02;n_spikes<100;fr<0.2;presence<0.8;firing_rate_qm_low;num_spikes_qm_low
Amygdala,355,Amygdala_unit355,11,690,1.5211,10.4239,,1.5211,0.5714,690,False,isi>0.02;presence<0.8
Amygdala,356,Amygdala_unit356,3,86,0.1896,11.8033,,0.1896,0.1429,86,False,isi>0.02;n_spikes<100;fr<0.2;presence<0.8;firing_rate_qm_low;num_spikes_qm_low
Amygdala,357,Amygdala_unit357,11,81,0.1786,11.7659,,0.1786,0.1429,81,False,isi>0.02;n_spikes<100;fr<0.2;presence<0.8;firing_rate_qm_low;num_spikes_qm_low
Amygdala,358,Amygdala_unit358,11,1024,2.2575,10.466,,2.2575,0.8571,1024,False,isi>0.02
Amygdala,359,Amygdala_unit359,11,80,0.1764,11.9937,,0.1764,0.0,80,False,isi>0.02;n_spikes<100;fr<0.2;presence<0.8;firing_rate_qm_low;num_spikes_qm_low
Amygdala,360,Amygdala_unit360,11,64,0.1411,12.3581,,0.1411,0.0,64,False,isi>0.02;n_spikes<100;fr<0.2;presence<0.8;firing_rate_qm_low;num_spikes_qm_low
Amygdala,361,Amygdala_unit361,11,92,0.2028,14.2396,,0.2028,0.1429,92,False,isi>0.02;n_spikes<100;presence<0.8;num_spikes_qm_low
Amygdala,362,Amygdala_unit362,11,92,0.2028,16.2613,,0.2028,0.1429,92,False,isi>0.02;n_spikes<100;presence<0.8;num_spikes_qm_low
Amygdala,363,Amygdala_unit363,11,116,0.2557,12.6033,,0.2557,0.4286,116,False,isi>0.02;presence<0.8
Amygdala,364,Amygdala_unit364,11,95,0.2094,9.3623,,0.2094,0.2857,95,False,isi>0.02;n_spikes<100;presence<0.8;num_spikes_qm_low
Amygdala,365,Amygdala_unit365,11,58,0.1279,18.7561,,0.1279,0.1429,58,False,isi>0.02;n_spikes<100;fr<0.2;presence<0.8;firing_rate_qm_low;num_spikes_qm_low
Amygdala,366,Amygdala_unit366,11,141,0.3108,11.3665,,0.3108,0.4286,141,False,isi>0.02;presence<0.8
Amygdala,367,Amygdala_unit367,11,80,0.1764,17.5998,,0.1764,0.4286,80,False,isi>0.02;n_spikes<100;fr<0.2;presence<0.8;firing_rate_qm_low;num_spikes_qm_low
Amygdala,368,Amygdala_unit368,11,81,0.1786,11.9271,,0.1786,0.1429,81,False,isi>0.02;n_spikes<100;fr<0.2;presence<0.8;firing_rate_qm_low;num_spikes_qm_low
Amygdala,369,Amygdala_unit369,11,83,0.183,15.6482,,0.183,0.1429,83,False,isi>0.02;n_spikes<100;fr<0.2;presence<0.8;firing_rate_qm_low;num_spikes_qm_low
Amygdala,370,Amygdala_unit370,11,38,0.0838,25.5535,,0.0838,0.1429,38,False,isi>0.02;n_spikes<100;fr<0.2;presence<0.8;firing_rate_qm_low;num_spikes_qm_low
Amygdala,371,Amygdala_unit371,11,44,0.097,20.2172,,0.097,0.1429,44,False,isi>0.02;n_spikes<100;fr<0.2;presence<0.8;firing_rate_qm_low;num_spikes_qm_low
Amygdala,372,Amygdala_unit372,3,22,0.0485,9.4498,,0.0485,0.1429,22,False,isi>0.02;n_spikes<100;fr<0.2;presence<0.8;firing_rate_qm_low;num_spikes_qm_low
Amygdala,373,Amygdala_unit373,11,65,0.1433,31.044,,0.1433,0.2857,65,False,isi>0.02;n_spikes<100;fr<0.2;presence<0.8;firing_rate_qm_low;num_spikes_qm_low
Amygdala,374,Amygdala_unit374,6,24,0.0529,26.9312,,0.0529,0.1429,24,False,isi>0.02;n_spikes<100;fr<0.2;presence<0.8;firing_rate_qm_low;num_spikes_qm_low
Amygdala,375,Amygdala_unit375,11,26,0.0573,21.7133,,0.0573,0.1429,26,False,isi>0.02;n_spikes<100;fr<0.2;presence<0.8;firing_rate_qm_low;num_spikes_qm_low
Amygdala,376,Amygdala_unit376,11,35,0.0772,16.398,,0.0772,0.1429,35,False,isi>0.02;n_spikes<100;fr<0.2;presence<0.8;firing_rate_qm_low;num_spikes_qm_low
Amygdala,377,Amygdala_unit377,11,23,0.0507,21.0721,,0.0507,0.1429,23,False,isi>0.02;n_spikes<100;fr<0.2;presence<0.8;firing_rate_qm_low;num_spikes_qm_low
Amygdala,378,Amygdala_unit378,11,25,0.0551,32.8801,,0.0551,0.0,25,False,isi>0.02;n_spikes<100;fr<0.2;presence<0.8;firing_rate_qm_low;num_spikes_qm_low
Amygdala,379,Amygdala_unit379,11,18,0.0397,27.0917,,0.0397,0.0,18,False,isi>0.02;n_spikes<100;fr<0.2;presence<0.8;firing_rate_qm_low;num_spikes_qm_low
Amygdala,380,Amygdala_unit380,11,73,0.1609,17.7575,,0.1609,0.1429,73,False,isi>0.02;n_spikes<100;fr<0.2;presence<0.8;firing_rate_qm_low;num_spikes_qm_low
Amygdala,381,Amygdala_unit381,11,16,0.0353,24.4358,,0.0353,0.0,16,False,isi>0.02;n_spikes<100;fr<0.2;presence<0.8;firing_rate_qm_low;num_spikes_qm_low
Amygdala,382,Amygdala_unit382,11,15,0.0331,21.6537,,0.0331,0.0,15,False,isi>0.02;n_spikes<100;fr<0.2;presence<0.8;firing_rate_qm_low;num_spikes_qm_low
Amygdala,383,Amygdala_unit383,11,107,0.2359,18.1079,,0.2359,0.1429,107,False,isi>0.02;presence<0.8
Amygdala,384,Amygdala_unit384,6,13,0.0287,19.5094,,0.0287,0.1429,13,False,isi>0.02;n_spikes<100;fr<0.2;presence<0.8;firing_rate_qm_low;num_spikes_qm_low
Amygdala,385,Amygdala_unit385,7,37,0.0816,16.2041,,0.0816,0.1429,37,False,isi>0.02;n_spikes<100;fr<0.2;presence<0.8;firing_rate_qm_low;num_spikes_qm_low
Amygdala,386,Amygdala_unit386,7,64,0.1411,17.7452,,0.1411,0.1429,64,False,isi>0.02;n_spikes<100;fr<0.2;presence<0.8;firing_rate_qm_low;num_spikes_qm_low
Amygdala,387,Amygdala_unit387,11,20,0.0441,13.1429,,0.0441,0.1429,20,False,isi>0.02;n_spikes<100;fr<0.2;presence<0.8;firing_rate_qm_low;num_spikes_qm_low
Amygdala,388,Amygdala_unit388,11,41,0.0904,37.1968,,0.0904,0.0,41,False,isi>0.02;n_spikes<100;fr<0.2;presence<0.8;firing_rate_qm_low;num_spikes_qm_low
Amygdala,389,Amygdala_unit389,11,33,0.0728,18.4793,,0.0728,0.0,33,False,isi>0.02;n_spikes<100;fr<0.2;presence<0.8;firing_rate_qm_low;num_spikes_qm_low
Amygdala,390,Amygdala_unit390,11,29,0.0639,29.6495,,0.0639,0.0,29,False,isi>0.02;n_spikes<100;fr<0.2;presence<0.8;firing_rate_qm_low;num_spikes_qm_low
Amygdala,391,Amygdala_unit391,11,18,0.0397,22.5718,,0.0397,0.0,18,False,isi>0.02;n_spikes<100;fr<0.2;presence<0.8;firing_rate_qm_low;num_spikes_qm_low
Amygdala,392,Amygdala_unit392,11,32,0.0705,23.0413,,0.0705,0.0,32,False,isi>0.02;n_spikes<100;fr<0.2;presence<0.8;firing_rate_qm_low;num_spikes_qm_low
Amygdala,393,Amygdala_unit393,11,42,0.0926,30.0314,,0.0926,0.0,42,False,isi>0.02;n_spikes<100;fr<0.2;presence<0.8;firing_rate_qm_low;num_spikes_qm_low
Amygdala,394,Amygdala_unit394,11,23,0.0507,25.1085,,0.0507,0.0,23,False,isi>0.02;n_spikes<100;fr<0.2;presence<0.8;firing_rate_qm_low;num_spikes_qm_low
Amygdala,395,Amygdala_unit395,11,29,0.0639,26.1947,,0.0639,0.0,29,False,isi>0.02;n_spikes<100;fr<0.2;presence<0.8;firing_rate_qm_low;num_spikes_qm_low
Amygdala,396,Amygdala_unit396,11,87,0.1918,17.1478,,0.1918,0.1429,87,False,isi>0.02;n_spikes<100;fr<0.2;presence<0.8;firing_rate_qm_low;num_spikes_qm_low
Amygdala,397,Amygdala_unit397,11,181,0.399,12.0462,,0.399,0.4286,181,False,isi>0.02;presence<0.8
Amygdala,398,Amygdala_unit398,11,76,0.1675,10.2593,,0.1675,0.2857,76,False,isi>0.02;n_spikes<100;fr<0.2;presence<0.8;firing_rate_qm_low;num_spikes_qm_low
Amygdala,399,Amygdala_unit399,11,35,0.0772,12.2144,,0.0772,0.1429,35,False,isi>0.02;n_spikes<100;fr<0.2;presence<0.8;firing_rate_qm_low;num_spikes_qm_low
Amygdala,400,Amygdala_unit400,11,31,0.0683,15.3679,,0.0683,0.1429,31,False,isi>0.02;n_spikes<100;fr<0.2;presence<0.8;firing_rate_qm_low;num_spikes_qm_low
Amygdala,401,Amygdala_unit401,11,21,0.0463,13.7351,,0.0463,0.2857,21,False,isi>0.02;n_spikes<100;fr<0.2;presence<0.8;firing_rate_qm_low;num_spikes_qm_low
Amygdala,402,Amygdala_unit402,11,17,0.0375,33.8962,,0.0375,0.1429,17,False,isi>0.02;n_spikes<100;fr<0.2;presence<0.8;firing_rate_qm_low;num_spikes_qm_low
Amygdala,403,Amygdala_unit403,11,15,0.0331,43.3495,,0.0331,0.0,15,False,isi>0.02;n_spikes<100;fr<0.2;presence<0.8;firing_rate_qm_low;num_spikes_qm_low
Amygdala,404,Amygdala_unit404,11,54,0.119,28.3321,,0.119,0.0,54,False,isi>0.02;n_spikes<100;fr<0.2;presence<0.8;firing_rate_qm_low;num_spikes_qm_low
Amygdala,405,Amygdala_unit405,11,19,0.0419,44.1484,,0.0419,0.0,19,False,isi>0.02;n_spikes<100;fr<0.2;presence<0.8;firing_rate_qm_low;num_spikes_qm_low
Amygdala,406,Amygdala_unit406,11,102,0.2249,10.6692,,0.2249,0.4286,102,False,isi>0.02;presence<0.8
Amygdala,407,Amygdala_unit407,3,37,0.0816,6.0825,,0.0816,0.0,37,False,isi>0.02;n_spikes<100;fr<0.2;presence<0.8;firing_rate_qm_low;num_spikes_qm_low
Amygdala,408,Amygdala_unit408,11,55,0.1213,28.5353,,0.1213,0.1429,55,False,isi>0.02;n_spikes<100;fr<0.2;presence<0.8;firing_rate_qm_low;num_spikes_qm_low
Amygdala,409,Amygdala_unit409,11,29,0.0639,24.66,,0.0639,0.0,29,False,isi>0.02;n_spikes<100;fr<0.2;presence<0.8;firing_rate_qm_low;num_spikes_qm_low
Amygdala,410,Amygdala_unit410,11,18,0.0397,20.1856,,0.0397,0.1429,18,False,isi>0.02;n_spikes<100;fr<0.2;presence<0.8;firing_rate_qm_low;num_spikes_qm_low
Amygdala,411,Amygdala_unit411,3,23,0.0507,8.9607,,0.0507,0.1429,23,False,isi>0.02;n_spikes<100;fr<0.2;presence<0.8;firing_rate_qm_low;num_spikes_qm_low
Amygdala,412,Amygdala_unit412,11,22,0.0485,26.7483,,0.0485,0.0,22,False,isi>0.02;n_spikes<100;fr<0.2;presence<0.8;firing_rate_qm_low;num_spikes_qm_low
Amygdala,413,Amygdala_unit413,11,15,0.0331,26.7694,,0.0331,0.0,15,False,isi>0.02;n_spikes<100;fr<0.2;presence<0.8;firing_rate_qm_low;num_spikes_qm_low
Amygdala,414,Amygdala_unit414,11,24,0.0529,19.8002,,0.0529,0.1429,24,False,isi>0.02;n_spikes<100;fr<0.2;presence<0.8;firing_rate_qm_low;num_spikes_qm_low
Amygdala,415,Amygdala_unit415,3,32,0.0705,11.065,,0.0705,0.1429,32,False,isi>0.02;n_spikes<100;fr<0.2;presence<0.8;firing_rate_qm_low;num_spikes_qm_low
Amygdala,416,Amygdala_unit416,11,10,0.022,9.5199,,0.022,0.1429,10,False,isi>0.02;n_spikes<100;fr<0.2;presence<0.8;firing_rate_qm_low;num_spikes_qm_low
Amygdala,417,Amygdala_unit417,11,69,0.1521,11.1703,,0.1521,0.1429,69,False,isi>0.02;n_spikes<100;fr<0.2;presence<0.8;firing_rate_qm_low;num_spikes_qm_low
Amygdala,418,Amygdala_unit418,11,28,0.0617,12.8626,,0.0617,0.2857,28,False,isi>0.02;n_spikes<100;fr<0.2;presence<0.8;firing_rate_qm_low;num_spikes_qm_low
Amygdala,419,Amygdala_unit419,12,84,0.1852,9.4251,,0.1852,0.2857,84,False,isi>0.02;n_spikes<100;fr<0.2;presence<0.8;firing_rate_qm_low;num_spikes_qm_low
Amygdala,420,Amygdala_unit420,12,190,0.4189,10.1163,,0.4189,0.2857,190,False,isi>0.02;presence<0.8
Amygdala,421,Amygdala_unit421,13,17,0.0375,19.9398,,0.0375,0.0,17,False,isi>0.02;n_spikes<100;fr<0.2;presence<0.8;firing_rate_qm_low;num_spikes_qm_low
Amygdala,422,Amygdala_unit422,8,18,0.0397,9.759,,0.0397,0.2857,18,False,isi>0.02;n_spikes<100;fr<0.2;presence<0.8;firing_rate_qm_low;num_spikes_qm_low
Amygdala,423,Amygdala_unit423,15,36,0.0794,11.8193,,0.0794,0.1429,36,False,isi>0.02;n_spikes<100;fr<0.2;presence<0.8;firing_rate_qm_low;num_spikes_qm_low
Amygdala,424,Amygdala_unit424,3,24,0.0529,12.2043,,0.0529,0.0,24,False,isi>0.02;n_spikes<100;fr<0.2;presence<0.8;firing_rate_qm_low;num_spikes_qm_low
Amygdala,425,Amygdala_unit425,12,53,0.1168,10.5396,,0.1168,0.1429,53,False,isi>0.02;n_spikes<100;fr<0.2;presence<0.8;firing_rate_qm_low;num_spikes_qm_low
Amygdala,426,Amygdala_unit426,12,168,0.3704,15.0103,,0.3704,0.1429,168,False,isi>0.02;presence<0.8
Amygdala,427,Amygdala_unit427,12,62,0.1367,24.6643,,0.1367,0.1429,62,False,isi>0.02;n_spikes<100;fr<0.2;presence<0.8;firing_rate_qm_low;num_spikes_qm_low
Amygdala,428,Amygdala_unit428,7,39,0.086,18.0681,,0.086,0.2857,39,False,isi>0.02;n_spikes<100;fr<0.2;presence<0.8;firing_rate_qm_low;num_spikes_qm_low
Amygdala,429,Amygdala_unit429,7,21,0.0463,25.4671,,0.0463,0.1429,21,False,isi>0.02;n_spikes<100;fr<0.2;presence<0.8;firing_rate_qm_low;num_spikes_qm_low
Amygdala,430,Amygdala_unit430,7,55,0.1213,17.5286,,0.1213,0.1429,55,False,isi>0.02;n_spikes<100;fr<0.2;presence<0.8;firing_rate_qm_low;num_spikes_qm_low
Amygdala,431,Amygdala_unit431,3,11,0.0243,8.8295,,0.0243,0.0,11,False,isi>0.02;n_spikes<100;fr<0.2;presence<0.8;firing_rate_qm_low;num_spikes_qm_low
Amygdala,432,Amygdala_unit432,7,21,0.0463,20.4554,,0.0463,0.1429,21,False,isi>0.02;n_spikes<100;fr<0.2;presence<0.8;firing_rate_qm_low;num_spikes_qm_low
Amygdala,433,Amygdala_unit433,8,20,0.0441,26.6341,,0.0441,0.1429,20,False,isi>0.02;n_spikes<100;fr<0.2;presence<0.8;firing_rate_qm_low;num_spikes_qm_low
Amygdala,434,Amygdala_unit434,8,20,0.0441,15.6901,,0.0441,0.1429,20,False,isi>0.02;n_spikes<100;fr<0.2;presence<0.8;firing_rate_qm_low;num_spikes_qm_low
Amygdala,435,Amygdala_unit435,12,16,0.0353,30.0421,,0.0353,0.1429,16,False,isi>0.02;n_spikes<100;fr<0.2;presence<0.8;firing_rate_qm_low;num_spikes_qm_low
Amygdala,436,Amygdala_unit436,8,57,0.1257,17.6631,,0.1257,0.1429,57,False,isi>0.02;n_spikes<100;fr<0.2;presence<0.8;firing_rate_qm_low;num_spikes_qm_low
Amygdala,437,Amygdala_unit437,11,28,0.0617,27.9502,,0.0617,0.1429,28,False,isi>0.02;n_spikes<100;fr<0.2;presence<0.8;firing_rate_qm_low;num_spikes_qm_low
Amygdala,438,Amygdala_unit438,3,48,0.1058,7.3211,,0.1058,0.2857,48,False,isi>0.02;n_spikes<100;fr<0.2;presence<0.8;firing_rate_qm_low;num_spikes_qm_low
Amygdala,439,Amygdala_unit439,12,799,1.7614,8.004,,1.7614,0.7143,799,False,isi>0.02;presence<0.8
Amygdala,440,Amygdala_unit440,11,89,0.1962,9.0679,,0.1962,0.1429,89,False,isi>0.02;n_spikes<100;fr<0.2;presence<0.8;firing_rate_qm_low;num_spikes_qm_low
Amygdala,441,Amygdala_unit441,8,35,0.0772,8.8376,,0.0772,0.1429,35,False,isi>0.02;n_spikes<100;fr<0.2;presence<0.8;firing_rate_qm_low;num_spikes_qm_low
Amygdala,442,Amygdala_unit442,11,52,0.1146,12.7855,,0.1146,0.1429,52,False,isi>0.02;n_spikes<100;fr<0.2;presence<0.8;firing_rate_qm_low;num_spikes_qm_low
Amygdala,443,Amygdala_unit443,12,128,0.2822,9.0882,,0.2822,0.2857,128,False,isi>0.02;presence<0.8
Amygdala,444,Amygdala_unit444,8,30,0.0661,8.5406,,0.0661,0.1429,30,False,isi>0.02;n_spikes<100;fr<0.2;presence<0.8;firing_rate_qm_low;num_spikes_qm_low
Amygdala,445,Amygdala_unit445,7,55,0.1213,12.1572,,0.1213,0.1429,55,False,isi>0.02;n_spikes<100;fr<0.2;presence<0.8;firing_rate_qm_low;num_spikes_qm_low
Amygdala,446,Amygdala_unit446,12,33,0.0728,10.2113,,0.0728,0.2857,33,False,isi>0.02;n_spikes<100;fr<0.2;presence<0.8;firing_rate_qm_low;num_spikes_qm_low
Amygdala,447,Amygdala_unit447,8,37,0.0816,17.748,,0.0816,0.1429,37,False,isi>0.02;n_spikes<100;fr<0.2;presence<0.8;firing_rate_qm_low;num_spikes_qm_low
Amygdala,448,Amygdala_unit448,8,39,0.086,8.2497,,0.086,0.4286,39,False,isi>0.02;n_spikes<100;fr<0.2;presence<0.8;firing_rate_qm_low;num_spikes_qm_low
Amygdala,449,Amygdala_unit449,12,37,0.0816,13.952,,0.0816,0.1429,37,False,isi>0.02;n_spikes<100;fr<0.2;presence<0.8;firing_rate_qm_low;num_spikes_qm_low
Amygdala,450,Amygdala_unit450,12,77,0.1698,9.978,,0.1698,0.1429,77,False,isi>0.02;n_spikes<100;fr<0.2;presence<0.8;firing_rate_qm_low;num_spikes_qm_low
Amygdala,451,Amygdala_unit451,12,57,0.1257,11.2048,,0.1257,0.2857,57,False,isi>0.02;n_spikes<100;fr<0.2;presence<0.8;firing_rate_qm_low;num_spikes_qm_low
Amygdala,452,Amygdala_unit452,7,11,0.0243,22.532,,0.0243,0.1429,11,False,isi>0.02;n_spikes<100;fr<0.2;presence<0.8;firing_rate_qm_low;num_spikes_qm_low
Amygdala,453,Amygdala_unit453,5,29,0.0639,12.7071,,0.0639,0.1429,29,False,isi>0.02;n_spikes<100;fr<0.2;presence<0.8;firing_rate_qm_low;num_spikes_qm_low
Amygdala,454,Amygdala_unit454,3,45,0.0992,8.5372,,0.0992,0.1429,45,False,isi>0.02;n_spikes<100;fr<0.2;presence<0.8;firing_rate_qm_low;num_spikes_qm_low
Amygdala,455,Amygdala_unit455,7,50,0.1102,13.032,,0.1102,0.1429,50,False,isi>0.02;n_spikes<100;fr<0.2;presence<0.8;firing_rate_qm_low;num_spikes_qm_low
Amygdala,456,Amygdala_unit456,12,37,0.0816,17.2694,,0.0816,0.2857,37,False,isi>0.02;n_spikes<100;fr<0.2;presence<0.8;firing_rate_qm_low;num_spikes_qm_low
Amygdala,457,Amygdala_unit457,11,27,0.0595,15.3538,,0.0595,0.1429,27,False,isi>0.02;n_spikes<100;fr<0.2;presence<0.8;firing_rate_qm_low;num_spikes_qm_low
Amygdala,458,Amygdala_unit458,12,43,0.0948,10.9283,,0.0948,0.2857,43,False,isi>0.02;n_spikes<100;fr<0.2;presence<0.8;firing_rate_qm_low;num_spikes_qm_low
Amygdala,459,Amygdala_unit459,12,57,0.1257,23.1698,,0.1257,0.1429,57,False,isi>0.02;n_spikes<100;fr<0.2;presence<0.8;firing_rate_qm_low;num_spikes_qm_low
Amygdala,460,Amygdala_unit460,12,27,0.0595,22.4528,,0.0595,0.1429,27,False,isi>0.02;n_spikes<100;fr<0.2;presence<0.8;firing_rate_qm_low;num_spikes_qm_low
Amygdala,461,Amygdala_unit461,12,22,0.0485,17.7531,,0.0485,0.1429,22,False,isi>0.02;n_spikes<100;fr<0.2;presence<0.8;firing_rate_qm_low;num_spikes_qm_low
Amygdala,462,Amygdala_unit462,15,33,0.0728,15.2896,,0.0728,0.1429,33,False,isi>0.02;n_spikes<100;fr<0.2;presence<0.8;firing_rate_qm_low;num_spikes_qm_low
Amygdala,463,Amygdala_unit463,12,85,0.1874,12.5957,,0.1874,0.1429,85,False,isi>0.02;n_spikes<100;fr<0.2;presence<0.8;firing_rate_qm_low;num_spikes_qm_low
Amygdala,464,Amygdala_unit464,12,19,0.0419,20.0079,,0.0419,0.1429,19,False,isi>0.02;n_spikes<100;fr<0.2;presence<0.8;firing_rate_qm_low;num_spikes_qm_low
Amygdala,465,Amygdala_unit465,11,39,0.086,12.754,,0.086,0.1429,39,False,isi>0.02;n_spikes<100;fr<0.2;presence<0.8;firing_rate_qm_low;num_spikes_qm_low
Amygdala,466,Amygdala_unit466,15,16,0.0353,22.6145,,0.0353,0.1429,16,False,isi>0.02;n_spikes<100;fr<0.2;presence<0.8;firing_rate_qm_low;num_spikes_qm_low
Amygdala,467,Amygdala_unit467,7,128,0.2822,11.078,,0.2822,0.4286,128,False,isi>0.02;presence<0.8
Amygdala,468,Amygdala_unit468,12,159,0.3505,5.5117,,0.3505,1.0,159,False,isi>0.02
Amygdala,469,Amygdala_unit469,7,58,0.1279,13.2445,,0.1279,0.1429,58,False,isi>0.02;n_spikes<100;fr<0.2;presence<0.8;firing_rate_qm_low;num_spikes_qm_low
Amygdala,470,Amygdala_unit470,3,42,0.0926,7.2892,,0.0926,0.1429,42,False,isi>0.02;n_spikes<100;fr<0.2;presence<0.8;firing_rate_qm_low;num_spikes_qm_low
Amygdala,471,Amygdala_unit471,11,30,0.0661,9.1906,,0.0661,0.2857,30,False,isi>0.02;n_spikes<100;fr<0.2;presence<0.8;firing_rate_qm_low;num_spikes_qm_low
Amygdala,472,Amygdala_unit472,12,69,0.1521,11.6281,,0.1521,0.1429,69,False,isi>0.02;n_spikes<100;fr<0.2;presence<0.8;firing_rate_qm_low;num_spikes_qm_low
Amygdala,473,Amygdala_unit473,12,17,0.0375,10.6432,,0.0375,0.1429,17,False,isi>0.02;n_spikes<100;fr<0.2;presence<0.8;firing_rate_qm_low;num_spikes_qm_low
Amygdala,474,Amygdala_unit474,3,37,0.0816,4.396,,0.0816,0.4286,37,False,snr<5.0;isi>0.02;n_spikes<100;fr<0.2;presence<0.8;firing_rate_qm_low;num_spikes_qm_low
Amygdala,475,Amygdala_unit475,12,39,0.086,6.8507,,0.086,0.1429,39,False,isi>0.02;n_spikes<100;fr<0.2;presence<0.8;firing_rate_qm_low;num_spikes_qm_low
Amygdala,476,Amygdala_unit476,3,32,0.0705,8.2449,,0.0705,0.1429,32,False,isi>0.02;n_spikes<100;fr<0.2;presence<0.8;firing_rate_qm_low;num_spikes_qm_low
Amygdala,477,Amygdala_unit477,11,35,0.0772,13.7981,,0.0772,0.1429,35,False,isi>0.02;n_spikes<100;fr<0.2;presence<0.8;firing_rate_qm_low;num_spikes_qm_low
Amygdala,478,Amygdala_unit478,11,67,0.1477,7.323,,0.1477,0.1429,67,False,isi>0.02;n_spikes<100;fr<0.2;presence<0.8;firing_rate_qm_low;num_spikes_qm_low
Amygdala,479,Amygdala_unit479,11,28,0.0617,6.4541,,0.0617,0.1429,28,False,isi>0.02;n_spikes<100;fr<0.2;presence<0.8;firing_rate_qm_low;num_spikes_qm_low
Amygdala,480,Amygdala_unit480,15,35,0.0772,17.1064,,0.0772,0.1429,35,False,isi>0.02;n_spikes<100;fr<0.2;presence<0.8;firing_rate_qm_low;num_spikes_qm_low
Amygdala,481,Amygdala_unit481,4,35,0.0772,6.2482,,0.0772,0.1429,35,False,isi>0.02;n_spikes<100;fr<0.2;presence<0.8;firing_rate_qm_low;num_spikes_qm_low
Amygdala,482,Amygdala_unit482,11,56,0.1235,7.3476,,0.1235,0.1429,56,False,isi>0.02;n_spikes<100;fr<0.2;presence<0.8;firing_rate_qm_low;num_spikes_qm_low
Amygdala,483,Amygdala_unit483,15,25,0.0551,9.1928,,0.0551,0.1429,25,False,isi>0.02;n_spikes<100;fr<0.2;presence<0.8;firing_rate_qm_low;num_spikes_qm_low
Amygdala,484,Amygdala_unit484,3,37,0.0816,5.0931,,0.0816,0.1429,37,False,isi>0.02;n_spikes<100;fr<0.2;presence<0.8;firing_rate_qm_low;num_spikes_qm_low
Amygdala,485,Amygdala_unit485,3,44,0.097,7.1712,,0.097,0.2857,44,False,isi>0.02;n_spikes<100;fr<0.2;presence<0.8;firing_rate_qm_low;num_spikes_qm_low
Amygdala,486,Amygdala_unit486,8,11,0.0243,9.3104,,0.0243,0.0,11,False,isi>0.02;n_spikes<100;fr<0.2;presence<0.8;firing_rate_qm_low;num_spikes_qm_low
Amygdala,487,Amygdala_unit487,12,74,0.1631,9.2524,,0.1631,0.0,74,False,isi>0.02;n_spikes<100;fr<0.2;presence<0.8;firing_rate_qm_low;num_spikes_qm_low
Amygdala,488,Amygdala_unit488,3,60,0.1323,10.1281,,0.1323,0.1429,60,False,isi>0.02;n_spikes<100;fr<0.2;presence<0.8;firing_rate_qm_low;num_spikes_qm_low
Amygdala,489,Amygdala_unit489,4,55,0.1213,11.1973,,0.1213,0.1429,55,False,isi>0.02;n_spikes<100;fr<0.2;presence<0.8;firing_rate_qm_low;num_spikes_qm_low
Amygdala,490,Amygdala_unit490,6,16,0.0353,19.8962,,0.0353,0.1429,16,False,isi>0.02;n_spikes<100;fr<0.2;presence<0.8;firing_rate_qm_low;num_spikes_qm_low
Amygdala,491,Amygdala_unit491,3,17,0.0375,14.8483,,0.0375,0.0,17,False,isi>0.02;n_spikes<100;fr<0.2;presence<0.8;firing_rate_qm_low;num_spikes_qm_low
Amygdala,492,Amygdala_unit492,11,33,0.0728,13.1604,,0.0728,0.1429,33,False,isi>0.02;n_spikes<100;fr<0.2;presence<0.8;firing_rate_qm_low;num_spikes_qm_low
Amygdala,493,Amygdala_unit493,6,19,0.0419,12.4744,,0.0419,0.1429,19,False,isi>0.02;n_spikes<100;fr<0.2;presence<0.8;firing_rate_qm_low;num_spikes_qm_low
Amygdala,494,Amygdala_unit494,8,81,0.1786,10.8803,,0.1786,0.1429,81,False,isi>0.02;n_spikes<100;fr<0.2;presence<0.8;firing_rate_qm_low;num_spikes_qm_low
Amygdala,495,Amygdala_unit495,8,13,0.0287,10.947,,0.0287,0.1429,13,False,isi>0.02;n_spikes<100;fr<0.2;presence<0.8;firing_rate_qm_low;num_spikes_qm_low
Amygdala,496,Amygdala_unit496,12,67,0.1477,11.1443,,0.1477,0.2857,67,False,isi>0.02;n_spikes<100;fr<0.2;presence<0.8;firing_rate_qm_low;num_spikes_qm_low
Amygdala,497,Amygdala_unit497,8,26,0.0573,18.1056,,0.0573,0.1429,26,False,isi>0.02;n_spikes<100;fr<0.2;presence<0.8;firing_rate_qm_low;num_spikes_qm_low
Amygdala,498,Amygdala_unit498,12,67,0.1477,8.9846,,0.1477,0.1429,67,False,isi>0.02;n_spikes<100;fr<0.2;presence<0.8;firing_rate_qm_low;num_spikes_qm_low
Amygdala,499,Amygdala_unit499,8,38,0.0838,9.5559,,0.0838,0.0,38,False,isi>0.02;n_spikes<100;fr<0.2;presence<0.8;firing_rate_qm_low;num_spikes_qm_low
Amygdala,500,Amygdala_unit500,3,18,0.0397,8.7452,,0.0397,0.1429,18,False,isi>0.02;n_spikes<100;fr<0.2;presence<0.8;firing_rate_qm_low;num_spikes_qm_low
Amygdala,501,Amygdala_unit501,11,68,0.1499,8.4057,,0.1499,0.1429,68,False,isi>0.02;n_spikes<100;fr<0.2;presence<0.8;firing_rate_qm_low;num_spikes_qm_low
Amygdala,502,Amygdala_unit502,8,66,0.1455,23.7155,,0.1455,0.1429,66,False,isi>0.02;n_spikes<100;fr<0.2;presence<0.8;firing_rate_qm_low;num_spikes_qm_low
Amygdala,503,Amygdala_unit503,8,96,0.2116,21.794,,0.2116,0.1429,96,False,isi>0.02;n_spikes<100;presence<0.8;num_spikes_qm_low
Amygdala,504,Amygdala_unit504,8,21,0.0463,17.5783,,0.0463,0.1429,21,False,isi>0.02;n_spikes<100;fr<0.2;presence<0.8;firing_rate_qm_low;num_spikes_qm_low
Amygdala,505,Amygdala_unit505,7,20,0.0441,25.8064,,0.0441,0.1429,20,False,isi>0.02;n_spikes<100;fr<0.2;presence<0.8;firing_rate_qm_low;num_spikes_qm_low
Amygdala,506,Amygdala_unit506,13,33,0.0728,12.2878,,0.0728,0.0,33,False,isi>0.02;n_spikes<100;fr<0.2;presence<0.8;firing_rate_qm_low;num_spikes_qm_low
Amygdala,507,Amygdala_unit507,7,15,0.0331,15.8771,,0.0331,0.0,15,False,isi>0.02;n_spikes<100;fr<0.2;presence<0.8;firing_rate_qm_low;num_spikes_qm_low
Amygdala,508,Amygdala_unit508,13,21,0.0463,10.4003,,0.0463,0.1429,21,False,isi>0.02;n_spikes<100;fr<0.2;presence<0.8;firing_rate_qm_low;num_spikes_qm_low
Amygdala,509,Amygdala_unit509,13,22,0.0485,10.5916,,0.0485,0.0,22,False,isi>0.02;n_spikes<100;fr<0.2;presence<0.8;firing_rate_qm_low;num_spikes_qm_low
Amygdala,510,Amygdala_unit510,13,61,0.1345,9.4247,,0.1345,0.8571,61,False,isi>0.02;n_spikes<100;fr<0.2;firing_rate_qm_low;num_spikes_qm_low
Amygdala,511,Amygdala_unit511,13,22,0.0485,14.9373,,0.0485,0.2857,22,False,isi>0.02;n_spikes<100;fr<0.2;presence<0.8;firing_rate_qm_low;num_spikes_qm_low
Amygdala,512,Amygdala_unit512,13,69,0.1521,8.6659,,0.1521,0.0,69,False,isi>0.02;n_spikes<100;fr<0.2;presence<0.8;firing_rate_qm_low;num_spikes_qm_low
Amygdala,513,Amygdala_unit513,13,25,0.0551,10.2409,,0.0551,0.2857,25,False,isi>0.02;n_spikes<100;fr<0.2;presence<0.8;firing_rate_qm_low;num_spikes_qm_low
Amygdala,514,Amygdala_unit514,13,31,0.0683,11.9562,,0.0683,0.2857,31,False,isi>0.02;n_spikes<100;fr<0.2;presence<0.8;firing_rate_qm_low;num_spikes_qm_low
Amygdala,515,Amygdala_unit515,13,37,0.0816,8.3215,,0.0816,0.2857,37,False,isi>0.02;n_spikes<100;fr<0.2;presence<0.8;firing_rate_qm_low;num_spikes_qm_low
Amygdala,516,Amygdala_unit516,13,10,0.022,30.8088,,0.022,0.1429,10,False,isi>0.02;n_spikes<100;fr<0.2;presence<0.8;firing_rate_qm_low;num_spikes_qm_low
Amygdala,517,Amygdala_unit517,3,21,0.0463,6.4498,,0.0463,0.2857,21,False,isi>0.02;n_spikes<100;fr<0.2;presence<0.8;firing_rate_qm_low;num_spikes_qm_low
Amygdala,518,Amygdala_unit518,8,65,0.1433,10.45,,0.1433,0.2857,65,False,isi>0.02;n_spikes<100;fr<0.2;presence<0.8;firing_rate_qm_low;num_spikes_qm_low
Amygdala,519,Amygdala_unit519,13,17,0.0375,11.2229,,0.0375,0.1429,17,False,isi>0.02;n_spikes<100;fr<0.2;presence<0.8;firing_rate_qm_low;num_spikes_qm_low
Amygdala,520,Amygdala_unit520,13,24,0.0529,13.2379,,0.0529,0.0,24,False,isi>0.02;n_spikes<100;fr<0.2;presence<0.8;firing_rate_qm_low;num_spikes_qm_low
Amygdala,521,Amygdala_unit521,8,25,0.0551,10.6985,,0.0551,0.1429,25,False,isi>0.02;n_spikes<100;fr<0.2;presence<0.8;firing_rate_qm_low;num_spikes_qm_low
Amygdala,522,Amygdala_unit522,13,56,0.1235,12.9573,,0.1235,0.1429,56,False,isi>0.02;n_spikes<100;fr<0.2;presence<0.8;firing_rate_qm_low;num_spikes_qm_low
Amygdala,523,Amygdala_unit523,13,34,0.075,12.1507,,0.075,0.1429,34,False,isi>0.02;n_spikes<100;fr<0.2;presence<0.8;firing_rate_qm_low;num_spikes_qm_low
Amygdala,524,Amygdala_unit524,8,22,0.0485,14.9809,,0.0485,0.1429,22,False,isi>0.02;n_spikes<100;fr<0.2;presence<0.8;firing_rate_qm_low;num_spikes_qm_low
Amygdala,525,Amygdala_unit525,13,28,0.0617,24.2026,,0.0617,0.1429,28,False,isi>0.02;n_spikes<100;fr<0.2;presence<0.8;firing_rate_qm_low;num_spikes_qm_low
Amygdala,526,Amygdala_unit526,13,32,0.0705,10.0177,,0.0705,0.0,32,False,isi>0.02;n_spikes<100;fr<0.2;presence<0.8;firing_rate_qm_low;num_spikes_qm_low
Amygdala,527,Amygdala_unit527,13,102,0.2249,17.37,,0.2249,0.2857,102,False,isi>0.02;presence<0.8
Amygdala,528,Amygdala_unit528,13,65,0.1433,14.9214,,0.1433,0.2857,65,False,isi>0.02;n_spikes<100;fr<0.2;presence<0.8;firing_rate_qm_low;num_spikes_qm_low
Amygdala,529,Amygdala_unit529,13,37,0.0816,23.8742,,0.0816,0.0,37,False,isi>0.02;n_spikes<100;fr<0.2;presence<0.8;firing_rate_qm_low;num_spikes_qm_low
Amygdala,530,Amygdala_unit530,13,25,0.0551,15.0999,,0.0551,0.1429,25,False,isi>0.02;n_spikes<100;fr<0.2;presence<0.8;firing_rate_qm_low;num_spikes_qm_low
Amygdala,531,Amygdala_unit531,13,39,0.086,17.759,,0.086,0.1429,39,False,isi>0.02;n_spikes<100;fr<0.2;presence<0.8;firing_rate_qm_low;num_spikes_qm_low
Amygdala,532,Amygdala_unit532,13,19,0.0419,18.8557,,0.0419,0.1429,19,False,isi>0.02;n_spikes<100;fr<0.2;presence<0.8;firing_rate_qm_low;num_spikes_qm_low
Amygdala,533,Amygdala_unit533,13,50,0.1102,14.3092,,0.1102,0.2857,50,False,isi>0.02;n_spikes<100;fr<0.2;presence<0.8;firing_rate_qm_low;num_spikes_qm_low
Amygdala,534,Amygdala_unit534,13,60,0.1323,9.8392,,0.1323,0.5714,60,False,isi>0.02;n_spikes<100;fr<0.2;presence<0.8;firing_rate_qm_low;num_spikes_qm_low
Amygdala,535,Amygdala_unit535,13,22,0.0485,10.6394,,0.0485,0.0,22,False,isi>0.02;n_spikes<100;fr<0.2;presence<0.8;firing_rate_qm_low;num_spikes_qm_low
Amygdala,536,Amygdala_unit536,13,31,0.0683,13.4228,,0.0683,0.1429,31,False,isi>0.02;n_spikes<100;fr<0.2;presence<0.8;firing_rate_qm_low;num_spikes_qm_low
Amygdala,537,Amygdala_unit537,13,16,0.0353,9.7148,,0.0353,0.1429,16,False,isi>0.02;n_spikes<100;fr<0.2;presence<0.8;firing_rate_qm_low;num_spikes_qm_low
Amygdala,538,Amygdala_unit538,13,21,0.0463,8.838,,0.0463,0.2857,21,False,isi>0.02;n_spikes<100;fr<0.2;presence<0.8;firing_rate_qm_low;num_spikes_qm_low
Amygdala,539,Amygdala_unit539,13,23,0.0507,11.0444,,0.0507,0.2857,23,False,isi>0.02;n_spikes<100;fr<0.2;presence<0.8;firing_rate_qm_low;num_spikes_qm_low
Amygdala,540,Amygdala_unit540,13,13,0.0287,11.6182,,0.0287,0.0,13,False,isi>0.02;n_spikes<100;fr<0.2;presence<0.8;firing_rate_qm_low;num_spikes_qm_low
Amygdala,541,Amygdala_unit541,13,19,0.0419,11.8032,,0.0419,0.0,19,False,isi>0.02;n_spikes<100;fr<0.2;presence<0.8;firing_rate_qm_low;num_spikes_qm_low
Amygdala,542,Amygdala_unit542,13,42,0.0926,15.4092,,0.0926,0.1429,42,False,isi>0.02;n_spikes<100;fr<0.2;presence<0.8;firing_rate_qm_low;num_spikes_qm_low
Amygdala,543,Amygdala_unit543,8,34,0.075,11.3107,,0.075,0.1429,34,False,isi>0.02;n_spikes<100;fr<0.2;presence<0.8;firing_rate_qm_low;num_spikes_qm_low
Amygdala,544,Amygdala_unit544,13,60,0.1323,12.6289,,0.1323,0.1429,60,False,isi>0.02;n_spikes<100;fr<0.2;presence<0.8;firing_rate_qm_low;num_spikes_qm_low
Amygdala,545,Amygdala_unit545,13,26,0.0573,17.7207,,0.0573,0.0,26,False,isi>0.02;n_spikes<100;fr<0.2;presence<0.8;firing_rate_qm_low;num_spikes_qm_low
Amygdala,546,Amygdala_unit546,13,49,0.108,10.7702,,0.108,0.1429,49,False,isi>0.02;n_spikes<100;fr<0.2;presence<0.8;firing_rate_qm_low;num_spikes_qm_low
Amygdala,547,Amygdala_unit547,13,52,0.1146,13.9553,,0.1146,0.1429,52,False,isi>0.02;n_spikes<100;fr<0.2;presence<0.8;firing_rate_qm_low;num_spikes_qm_low
Amygdala,548,Amygdala_unit548,13,89,0.1962,20.2522,,0.1962,0.0,89,False,isi>0.02;n_spikes<100;fr<0.2;presence<0.8;firing_rate_qm_low;num_spikes_qm_low
Amygdala,549,Amygdala_unit549,13,13,0.0287,22.6243,,0.0287,0.0,13,False,isi>0.02;n_spikes<100;fr<0.2;presence<0.8;firing_rate_qm_low;num_spikes_qm_low
Amygdala,550,Amygdala_unit550,13,21,0.0463,24.1292,,0.0463,0.0,21,False,isi>0.02;n_spikes<100;fr<0.2;presence<0.8;firing_rate_qm_low;num_spikes_qm_low
Amygdala,551,Amygdala_unit551,13,37,0.0816,12.2177,,0.0816,0.1429,37,False,isi>0.02;n_spikes<100;fr<0.2;presence<0.8;firing_rate_qm_low;num_spikes_qm_low
Amygdala,552,Amygdala_unit552,13,37,0.0816,17.9758,,0.0816,0.1429,37,False,isi>0.02;n_spikes<100;fr<0.2;presence<0.8;firing_rate_qm_low;num_spikes_qm_low
Amygdala,553,Amygdala_unit553,13,61,0.1345,16.9938,,0.1345,0.2857,61,False,isi>0.02;n_spikes<100;fr<0.2;presence<0.8;firing_rate_qm_low;num_spikes_qm_low
Amygdala,554,Amygdala_unit554,13,20,0.0441,9.1377,,0.0441,0.4286,20,False,isi>0.02;n_spikes<100;fr<0.2;presence<0.8;firing_rate_qm_low;num_spikes_qm_low
Amygdala,555,Amygdala_unit555,3,53,0.1168,6.2474,,0.1168,0.1429,53,False,isi>0.02;n_spikes<100;fr<0.2;presence<0.8;firing_rate_qm_low;num_spikes_qm_low
Amygdala,556,Amygdala_unit556,3,13,0.0287,8.1962,,0.0287,0.1429,13,False,isi>0.02;n_spikes<100;fr<0.2;presence<0.8;firing_rate_qm_low;num_spikes_qm_low
Amygdala,557,Amygdala_unit557,8,59,0.1301,6.6131,,0.1301,0.2857,59,False,isi>0.02;n_spikes<100;fr<0.2;presence<0.8;firing_rate_qm_low;num_spikes_qm_low
Amygdala,558,Amygdala_unit558,14,592,1.3051,9.3053,,1.3051,0.2857,592,False,isi>0.02;presence<0.8
Amygdala,559,Amygdala_unit559,13,168,0.3704,6.6381,,0.3704,0.1429,168,False,isi>0.02;presence<0.8
Amygdala,560,Amygdala_unit560,11,59,0.1301,8.4583,,0.1301,0.0,59,False,isi>0.02;n_spikes<100;fr<0.2;presence<0.8;firing_rate_qm_low;num_spikes_qm_low
Amygdala,561,Amygdala_unit561,13,53,0.1168,9.6224,,0.1168,0.1429,53,False,isi>0.02;n_spikes<100;fr<0.2;presence<0.8;firing_rate_qm_low;num_spikes_qm_low
Amygdala,562,Amygdala_unit562,3,536,1.1816,2.8239,,1.1816,0.8571,536,False,snr<5.0;isi>0.02
Amygdala,563,Amygdala_unit563,15,350,0.7716,3.8785,,0.7716,0.7143,350,False,snr<5.0;isi>0.02;presence<0.8
Amygdala,564,Amygdala_unit564,3,224,0.4938,3.3767,,0.4938,0.2857,224,False,snr<5.0;isi>0.02;presence<0.8
Amygdala,565,Amygdala_unit565,3,223,0.4916,3.283,,0.4916,0.2857,223,False,snr<5.0;isi>0.02;presence<0.8
Amygdala,566,Amygdala_unit566,5,16,0.0353,23.6233,,0.0353,0.1429,16,False,isi>0.02;n_spikes<100;fr<0.2;presence<0.8;firing_rate_qm_low;num_spikes_qm_low
Amygdala,567,Amygdala_unit567,3,110,0.2425,5.6478,,0.2425,0.1429,110,False,isi>0.02;presence<0.8
Amygdala,568,Amygdala_unit568,11,11,0.0243,17.9116,,0.0243,0.1429,11,False,isi>0.02;n_spikes<100;fr<0.2;presence<0.8;firing_rate_qm_low;num_spikes_qm_low
Amygdala,569,Amygdala_unit569,6,16,0.0353,12.281,,0.0353,0.1429,16,False,isi>0.02;n_spikes<100;fr<0.2;presence<0.8;firing_rate_qm_low;num_spikes_qm_low
Amygdala,570,Amygdala_unit570,3,48,0.1058,4.3454,,0.1058,0.1429,48,False,snr<5.0;isi>0.02;n_spikes<100;fr<0.2;presence<0.8;firing_rate_qm_low;num_spikes_qm_low
Amygdala,571,Amygdala_unit571,11,50,0.1102,7.6068,,0.1102,0.4286,50,False,isi>0.02;n_spikes<100;fr<0.2;presence<0.8;firing_rate_qm_low;num_spikes_qm_low
Amygdala,572,Amygdala_unit572,3,28,0.0617,5.0856,,0.0617,0.2857,28,False,isi>0.02;n_spikes<100;fr<0.2;presence<0.8;firing_rate_qm_low;num_spikes_qm_low
Amygdala,573,Amygdala_unit573,3,21,0.0463,12.4236,,0.0463,0.1429,21,False,isi>0.02;n_spikes<100;fr<0.2;presence<0.8;firing_rate_qm_low;num_spikes_qm_low
Amygdala,574,Amygdala_unit574,11,29,0.0639,6.426,,0.0639,0.2857,29,False,isi>0.02;n_spikes<100;fr<0.2;presence<0.8;firing_rate_qm_low;num_spikes_qm_low
Amygdala,575,Amygdala_unit575,15,29,0.0639,9.7712,,0.0639,0.1429,29,False,isi>0.02;n_spikes<100;fr<0.2;presence<0.8;firing_rate_qm_low;num_spikes_qm_low
Amygdala,576,Amygdala_unit576,6,66,0.1455,8.2841,,0.1455,0.4286,66,False,isi>0.02;n_spikes<100;fr<0.2;presence<0.8;firing_rate_qm_low;num_spikes_qm_low
Amygdala,577,Amygdala_unit577,14,23,0.0507,14.055,,0.0507,0.2857,23,False,isi>0.02;n_spikes<100;fr<0.2;presence<0.8;firing_rate_qm_low;num_spikes_qm_low
Amygdala,578,Amygdala_unit578,3,23,0.0507,7.3455,,0.0507,0.0,23,False,isi>0.02;n_spikes<100;fr<0.2;presence<0.8;firing_rate_qm_low;num_spikes_qm_low
Amygdala,579,Amygdala_unit579,3,14,0.0309,11.9008,,0.0309,0.1429,14,False,isi>0.02;n_spikes<100;fr<0.2;presence<0.8;firing_rate_qm_low;num_spikes_qm_low
Amygdala,580,Amygdala_unit580,3,16,0.0353,10.0288,,0.0353,0.1429,16,False,isi>0.02;n_spikes<100;fr<0.2;presence<0.8;firing_rate_qm_low;num_spikes_qm_low
Amygdala,581,Amygdala_unit581,11,84,0.1852,12.782,,0.1852,0.1429,84,False,isi>0.02;n_spikes<100;fr<0.2;presence<0.8;firing_rate_qm_low;num_spikes_qm_low
Amygdala,582,Amygdala_unit582,8,15,0.0331,15.3719,,0.0331,0.0,15,False,isi>0.02;n_spikes<100;fr<0.2;presence<0.8;firing_rate_qm_low;num_spikes_qm_low
Amygdala,583,Amygdala_unit583,11,27,0.0595,19.3202,,0.0595,0.1429,27,False,isi>0.02;n_spikes<100;fr<0.2;presence<0.8;firing_rate_qm_low;num_spikes_qm_low
Amygdala,584,Amygdala_unit584,5,39,0.086,23.6463,,0.086,0.1429,39,False,isi>0.02;n_spikes<100;fr<0.2;presence<0.8;firing_rate_qm_low;num_spikes_qm_low
Amygdala,585,Amygdala_unit585,11,72,0.1587,7.3721,,0.1587,0.1429,72,False,isi>0.02;n_spikes<100;fr<0.2;presence<0.8;firing_rate_qm_low;num_spikes_qm_low
Amygdala,586,Amygdala_unit586,11,14,0.0309,19.6601,,0.0309,0.1429,14,False,isi>0.02;n_spikes<100;fr<0.2;presence<0.8;firing_rate_qm_low;num_spikes_qm_low
Amygdala,587,Amygdala_unit587,3,62,0.1367,6.8957,,0.1367,0.0,62,False,isi>0.02;n_spikes<100;fr<0.2;presence<0.8;firing_rate_qm_low;num_spikes_qm_low
Amygdala,588,Amygdala_unit588,13,39,0.086,11.1209,,0.086,0.1429,39,False,isi>0.02;n_spikes<100;fr<0.2;presence<0.8;firing_rate_qm_low;num_spikes_qm_low
Amygdala,589,Amygdala_unit589,4,35,0.0772,7.1263,,0.0772,0.1429,35,False,isi>0.02;n_spikes<100;fr<0.2;presence<0.8;firing_rate_qm_low;num_spikes_qm_low
Amygdala,590,Amygdala_unit590,3,27,0.0595,8.7508,,0.0595,0.0,27,False,isi>0.02;n_spikes<100;fr<0.2;presence<0.8;firing_rate_qm_low;num_spikes_qm_low
Amygdala,591,Amygdala_unit591,4,30,0.0661,9.6555,,0.0661,0.0,30,False,isi>0.02;n_spikes<100;fr<0.2;presence<0.8;firing_rate_qm_low;num_spikes_qm_low
Amygdala,592,Amygdala_unit592,3,35,0.0772,13.1356,,0.0772,0.0,35,False,isi>0.02;n_spikes<100;fr<0.2;presence<0.8;firing_rate_qm_low;num_spikes_qm_low
Amygdala,593,Amygdala_unit593,12,14,0.0309,20.8243,,0.0309,0.1429,14,False,isi>0.02;n_spikes<100;fr<0.2;presence<0.8;firing_rate_qm_low;num_spikes_qm_low
Amygdala,594,Amygdala_unit594,11,22,0.0485,13.3006,,0.0485,0.1429,22,False,isi>0.02;n_spikes<100;fr<0.2;presence<0.8;firing_rate_qm_low;num_spikes_qm_low
Amygdala,595,Amygdala_unit595,11,34,0.075,16.398,,0.075,0.1429,34,False,isi>0.02;n_spikes<100;fr<0.2;presence<0.8;firing_rate_qm_low;num_spikes_qm_low
Amygdala,596,Amygdala_unit596,11,32,0.0705,11.3139,,0.0705,0.1429,32,False,isi>0.02;n_spikes<100;fr<0.2;presence<0.8;firing_rate_qm_low;num_spikes_qm_low
Amygdala,597,Amygdala_unit597,4,20,0.0441,6.9058,,0.0441,0.1429,20,False,isi>0.02;n_spikes<100;fr<0.2;presence<0.8;firing_rate_qm_low;num_spikes_qm_low
Amygdala,598,Amygdala_unit598,13,33,0.0728,9.4247,,0.0728,0.0,33,False,isi>0.02;n_spikes<100;fr<0.2;presence<0.8;firing_rate_qm_low;num_spikes_qm_low
Amygdala,599,Amygdala_unit599,14,54,0.119,19.484,,0.119,0.1429,54,False,isi>0.02;n_spikes<100;fr<0.2;presence<0.8;firing_rate_qm_low;num_spikes_qm_low
Amygdala,600,Amygdala_unit600,14,26,0.0573,17.3375,,0.0573,0.1429,26,False,isi>0.02;n_spikes<100;fr<0.2;presence<0.8;firing_rate_qm_low;num_spikes_qm_low
Amygdala,601,Amygdala_unit601,5,20,0.0441,14.8296,,0.0441,0.1429,20,False,isi>0.02;n_spikes<100;fr<0.2;presence<0.8;firing_rate_qm_low;num_spikes_qm_low
Amygdala,602,Amygdala_unit602,13,26,0.0573,7.8305,,0.0573,0.0,26,False,isi>0.02;n_spikes<100;fr<0.2;presence<0.8;firing_rate_qm_low;num_spikes_qm_low
Amygdala,603,Amygdala_unit603,4,29,0.0639,7.1142,,0.0639,0.1429,29,False,isi>0.02;n_spikes<100;fr<0.2;presence<0.8;firing_rate_qm_low;num_spikes_qm_low
Amygdala,604,Amygdala_unit604,8,45,0.0992,11.3956,,0.0992,0.0,45,False,isi>0.02;n_spikes<100;fr<0.2;presence<0.8;firing_rate_qm_low;num_spikes_qm_low
Amygdala,605,Amygdala_unit605,14,49,0.108,10.4927,,0.108,0.4286,49,False,isi>0.02;n_spikes<100;fr<0.2;presence<0.8;firing_rate_qm_low;num_spikes_qm_low
Amygdala,606,Amygdala_unit606,11,55,0.1213,10.6937,,0.1213,0.2857,55,False,isi>0.02;n_spikes<100;fr<0.2;presence<0.8;firing_rate_qm_low;num_spikes_qm_low
Amygdala,607,Amygdala_unit607,15,38,0.0838,9.2813,,0.0838,0.1429,38,False,isi>0.02;n_spikes<100;fr<0.2;presence<0.8;firing_rate_qm_low;num_spikes_qm_low
Amygdala,608,Amygdala_unit608,15,20,0.0441,8.1075,,0.0441,0.2857,20,False,isi>0.02;n_spikes<100;fr<0.2;presence<0.8;firing_rate_qm_low;num_spikes_qm_low
Amygdala,609,Amygdala_unit609,8,12,0.0265,10.8621,,0.0265,0.2857,12,False,isi>0.02;n_spikes<100;fr<0.2;presence<0.8;firing_rate_qm_low;num_spikes_qm_low
Amygdala,610,Amygdala_unit610,11,18,0.0397,17.288,,0.0397,0.1429,18,False,isi>0.02;n_spikes<100;fr<0.2;presence<0.8;firing_rate_qm_low;num_spikes_qm_low
Amygdala,611,Amygdala_unit611,11,21,0.0463,11.2123,,0.0463,0.1429,21,False,isi>0.02;n_spikes<100;fr<0.2;presence<0.8;firing_rate_qm_low;num_spikes_qm_low
Amygdala,612,Amygdala_unit612,11,24,0.0529,8.6965,,0.0529,0.1429,24,False,isi>0.02;n_spikes<100;fr<0.2;presence<0.8;firing_rate_qm_low;num_spikes_qm_low
Amygdala,613,Amygdala_unit613,15,150,0.3307,13.2176,,0.3307,0.1429,150,False,isi>0.02;presence<0.8
Amygdala,614,Amygdala_unit614,11,14,0.0309,14.2887,,0.0309,0.1429,14,False,isi>0.02;n_spikes<100;fr<0.2;presence<0.8;firing_rate_qm_low;num_spikes_qm_low
Amygdala,615,Amygdala_unit615,15,20,0.0441,21.0461,,0.0441,0.1429,20,False,isi>0.02;n_spikes<100;fr<0.2;presence<0.8;firing_rate_qm_low;num_spikes_qm_low
Amygdala,616,Amygdala_unit616,15,57,0.1257,22.2777,,0.1257,0.1429,57,False,isi>0.02;n_spikes<100;fr<0.2;presence<0.8;firing_rate_qm_low;num_spikes_qm_low
Amygdala,617,Amygdala_unit617,15,29,0.0639,20.7671,,0.0639,0.1429,29,False,isi>0.02;n_spikes<100;fr<0.2;presence<0.8;firing_rate_qm_low;num_spikes_qm_low
Amygdala,618,Amygdala_unit618,15,18,0.0397,29.436,,0.0397,0.0,18,False,isi>0.02;n_spikes<100;fr<0.2;presence<0.8;firing_rate_qm_low;num_spikes_qm_low
Amygdala,619,Amygdala_unit619,15,42,0.0926,24.9008,,0.0926,0.2857,42,False,isi>0.02;n_spikes<100;fr<0.2;presence<0.8;firing_rate_qm_low;num_spikes_qm_low
Amygdala,620,Amygdala_unit620,15,32,0.0705,20.3249,,0.0705,0.2857,32,False,isi>0.02;n_spikes<100;fr<0.2;presence<0.8;firing_rate_qm_low;num_spikes_qm_low
Amygdala,621,Amygdala_unit621,3,20,0.0441,12.5229,,0.0441,0.1429,20,False,isi>0.02;n_spikes<100;fr<0.2;presence<0.8;firing_rate_qm_low;num_spikes_qm_low
Amygdala,622,Amygdala_unit622,15,38,0.0838,27.4661,,0.0838,0.1429,38,False,isi>0.02;n_spikes<100;fr<0.2;presence<0.8;firing_rate_qm_low;num_spikes_qm_low
Amygdala,623,Amygdala_unit623,15,5416,11.9399,10.1352,,11.9377,0.8571,5415,False,isi>0.02
Amygdala,624,Amygdala_unit624,15,151,0.3329,12.9148,,0.3329,0.1429,151,False,isi>0.02;presence<0.8
Amygdala,625,Amygdala_unit625,15,129,0.2844,16.7389,,0.2844,0.1429,129,False,isi>0.02;presence<0.8
Amygdala,626,Amygdala_unit626,3,139,0.3064,6.8395,,0.3064,0.2857,139,False,isi>0.02;presence<0.8
Amygdala,627,Amygdala_unit627,15,160,0.3527,12.9352,,0.3527,0.2857,160,False,isi>0.02;presence<0.8
Amygdala,628,Amygdala_unit628,15,29,0.0639,15.4801,,0.0639,0.1429,29,False,isi>0.02;n_spikes<100;fr<0.2;presence<0.8;firing_rate_qm_low;num_spikes_qm_low
Amygdala,629,Amygdala_unit629,8,13,0.0287,21.7485,,0.0287,0.1429,13,False,isi>0.02;n_spikes<100;fr<0.2;presence<0.8;firing_rate_qm_low;num_spikes_qm_low
Amygdala,630,Amygdala_unit630,8,16,0.0353,16.5054,,0.0353,0.1429,16,False,isi>0.02;n_spikes<100;fr<0.2;presence<0.8;firing_rate_qm_low;num_spikes_qm_low
Amygdala,631,Amygdala_unit631,15,42,0.0926,7.951,,0.0926,0.1429,42,False,isi>0.02;n_spikes<100;fr<0.2;presence<0.8;firing_rate_qm_low;num_spikes_qm_low
Amygdala,632,Amygdala_unit632,15,21,0.0463,7.4032,,0.0463,0.0,21,False,isi>0.02;n_spikes<100;fr<0.2;presence<0.8;firing_rate_qm_low;num_spikes_qm_low
Amygdala,633,Amygdala_unit633,8,28,0.0617,9.8196,,0.0617,0.0,28,False,isi>0.02;n_spikes<100;fr<0.2;presence<0.8;firing_rate_qm_low;num_spikes_qm_low
Amygdala,634,Amygdala_unit634,15,60,0.1323,10.159,,0.1323,0.0,60,False,isi>0.02;n_spikes<100;fr<0.2;presence<0.8;firing_rate_qm_low;num_spikes_qm_low
Amygdala,635,Amygdala_unit635,4,12,0.0265,11.2924,,0.0265,0.0,12,False,isi>0.02;n_spikes<100;fr<0.2;presence<0.8;firing_rate_qm_low;num_spikes_qm_low
Amygdala,636,Amygdala_unit636,8,61,0.1345,15.3598,,0.1345,0.0,61,False,isi>0.02;n_spikes<100;fr<0.2;presence<0.8;firing_rate_qm_low;num_spikes_qm_low
Amygdala,637,Amygdala_unit637,15,35,0.0772,26.1971,,0.0772,0.1429,35,False,isi>0.02;n_spikes<100;fr<0.2;presence<0.8;firing_rate_qm_low;num_spikes_qm_low
Amygdala,638,Amygdala_unit638,4,36,0.0794,8.9129,,0.0794,0.1429,36,False,isi>0.02;n_spikes<100;fr<0.2;presence<0.8;firing_rate_qm_low;num_spikes_qm_low
Amygdala,639,Amygdala_unit639,15,57,0.1257,25.0199,,0.1257,0.0,57,False,isi>0.02;n_spikes<100;fr<0.2;presence<0.8;firing_rate_qm_low;num_spikes_qm_low
Amygdala,640,Amygdala_unit640,15,21,0.0463,15.7999,,0.0463,0.0,21,False,isi>0.02;n_spikes<100;fr<0.2;presence<0.8;firing_rate_qm_low;num_spikes_qm_low
Amygdala,641,Amygdala_unit641,7,20,0.0441,23.8483,,0.0441,0.1429,20,False,isi>0.02;n_spikes<100;fr<0.2;presence<0.8;firing_rate_qm_low;num_spikes_qm_low
Amygdala,642,Amygdala_unit642,8,26,0.0573,11.2925,,0.0573,0.0,26,False,isi>0.02;n_spikes<100;fr<0.2;presence<0.8;firing_rate_qm_low;num_spikes_qm_low
Amygdala,643,Amygdala_unit643,11,12,0.0265,14.3097,,0.0265,0.0,12,False,isi>0.02;n_spikes<100;fr<0.2;presence<0.8;firing_rate_qm_low;num_spikes_qm_low
Amygdala,644,Amygdala_unit644,15,78,0.172,13.2993,,0.172,0.1429,78,False,isi>0.02;n_spikes<100;fr<0.2;presence<0.8;firing_rate_qm_low;num_spikes_qm_low
Amygdala,645,Amygdala_unit645,8,30,0.0661,19.3997,,0.0661,0.1429,30,False,isi>0.02;n_spikes<100;fr<0.2;presence<0.8;firing_rate_qm_low;num_spikes_qm_low
Amygdala,646,Amygdala_unit646,15,50,0.1102,9.9345,,0.1102,0.1429,50,False,isi>0.02;n_spikes<100;fr<0.2;presence<0.8;firing_rate_qm_low;num_spikes_qm_low
Amygdala,647,Amygdala_unit647,11,44,0.097,11.85,,0.097,0.1429,44,False,isi>0.02;n_spikes<100;fr<0.2;presence<0.8;firing_rate_qm_low;num_spikes_qm_low
Amygdala,648,Amygdala_unit648,13,25,0.0551,7.2758,,0.0551,0.0,25,False,isi>0.02;n_spikes<100;fr<0.2;presence<0.8;firing_rate_qm_low;num_spikes_qm_low
Amygdala,649,Amygdala_unit649,3,62,0.1367,11.1868,,0.1367,0.0,62,False,isi>0.02;n_spikes<100;fr<0.2;presence<0.8;firing_rate_qm_low;num_spikes_qm_low
Amygdala,650,Amygdala_unit650,15,19,0.0419,19.8145,,0.0419,0.1429,19,False,isi>0.02;n_spikes<100;fr<0.2;presence<0.8;firing_rate_qm_low;num_spikes_qm_low
Amygdala,651,Amygdala_unit651,15,97,0.2138,11.4927,,0.2138,0.4286,97,False,isi>0.02;n_spikes<100;presence<0.8;num_spikes_qm_low
Amygdala,652,Amygdala_unit652,8,24,0.0529,16.4508,,0.0529,0.1429,24,False,isi>0.02;n_spikes<100;fr<0.2;presence<0.8;firing_rate_qm_low;num_spikes_qm_low
Amygdala,653,Amygdala_unit653,15,60,0.1323,17.3445,,0.1323,0.0,60,False,isi>0.02;n_spikes<100;fr<0.2;presence<0.8;firing_rate_qm_low;num_spikes_qm_low
Amygdala,654,Amygdala_unit654,11,19,0.0419,19.145,,0.0419,0.1429,19,False,isi>0.02;n_spikes<100;fr<0.2;presence<0.8;firing_rate_qm_low;num_spikes_qm_low
Amygdala,655,Amygdala_unit655,11,11,0.0243,18.0238,,0.0243,0.1429,11,False,isi>0.02;n_spikes<100;fr<0.2;presence<0.8;firing_rate_qm_low;num_spikes_qm_low
Amygdala,656,Amygdala_unit656,8,27,0.0595,6.7343,,0.0595,0.2857,27,False,isi>0.02;n_spikes<100;fr<0.2;presence<0.8;firing_rate_qm_low;num_spikes_qm_low
Amygdala,657,Amygdala_unit657,15,11,0.0243,7.6006,,0.0243,0.4286,11,False,isi>0.02;n_spikes<100;fr<0.2;presence<0.8;firing_rate_qm_low;num_spikes_qm_low
Amygdala,658,Amygdala_unit658,13,17,0.0375,5.7836,,0.0375,0.1429,17,False,isi>0.02;n_spikes<100;fr<0.2;presence<0.8;firing_rate_qm_low;num_spikes_qm_low
