region,unit_id,global_key,best_channel_1idx,n_spikes,mean_fr_hz,snr,isi_violation,firing_rate,presence_ratio,num_spikes_qm,auto_qc_pass,auto_qc_fail_reasons
ATL,1,ATL_unit1,33,44,0.0986,18.4285,,0.0986,0.7143,44,False,isi>0.02;n_spikes<100;fr<0.2;presence<0.8;firing_rate_qm_low;num_spikes_qm_low
ATL,2,ATL_unit2,34,158,0.354,17.7279,,0.354,0.8571,158,False,isi>0.02
ATL,3,ATL_unit3,35,76,0.1703,14.8622,,0.1703,0.2857,76,False,isi>0.02;n_spikes<100;fr<0.2;presence<0.8;firing_rate_qm_low;num_spikes_qm_low
ATL,4,ATL_unit4,35,41,0.0918,10.4768,,0.0918,0.2857,41,False,isi>0.02;n_spikes<100;fr<0.2;presence<0.8;firing_rate_qm_low;num_spikes_qm_low
ATL,5,ATL_unit5,35,40,0.0896,14.0348,,0.0896,0.2857,40,False,isi>0.02;n_spikes<100;fr<0.2;presence<0.8;firing_rate_qm_low;num_spikes_qm_low
ATL,6,ATL_unit6,35,88,0.1971,19.7325,,0.1971,0.2857,88,False,isi>0.02;n_spikes<100;fr<0.2;presence<0.8;firing_rate_qm_low;num_spikes_qm_low
ATL,7,ATL_unit7,35,27,0.0605,19.4244,,0.0605,0.1429,27,False,isi>0.02;n_spikes<100;fr<0.2;presence<0.8;firing_rate_qm_low;num_spikes_qm_low
ATL,8,ATL_unit8,35,55,0.1232,19.9779,,0.1232,0.1429,55,False,isi>0.02;n_spikes<100;fr<0.2;presence<0.8;firing_rate_qm_low;num_spikes_qm_low
ATL,9,ATL_unit9,35,27,0.0605,15.1446,,0.0605,0.1429,27,False,isi>0.02;n_spikes<100;fr<0.2;presence<0.8;firing_rate_qm_low;num_spikes_qm_low
ATL,10,ATL_unit10,35,52,0.1165,16.7424,,0.1165,0.1429,52,False,isi>0.02;n_spikes<100;fr<0.2;presence<0.8;firing_rate_qm_low;num_spikes_qm_low
ATL,11,ATL_unit11,35,19,0.0426,20.423,,0.0426,0.1429,19,False,isi>0.02;n_spikes<100;fr<0.2;presence<0.8;firing_rate_qm_low;num_spikes_qm_low
ATL,12,ATL_unit12,36,40,0.0896,21.1415,,0.0896,0.4286,40,False,isi>0.02;n_spikes<100;fr<0.2;presence<0.8;firing_rate_qm_low;num_spikes_qm_low
ATL,13,ATL_unit13,35,24,0.0538,20.3688,,0.0538,0.1429,24,False,isi>0.02;n_spikes<100;fr<0.2;presence<0.8;firing_rate_qm_low;num_spikes_qm_low
ATL,14,ATL_unit14,36,28,0.0627,28.1975,,0.0627,0.1429,28,False,isi>0.02;n_spikes<100;fr<0.2;presence<0.8;firing_rate_qm_low;num_spikes_qm_low
ATL,15,ATL_unit15,35,45,0.1008,17.2446,,0.1008,0.1429,45,False,isi>0.02;n_spikes<100;fr<0.2;presence<0.8;firing_rate_qm_low;num_spikes_qm_low
ATL,16,ATL_unit16,37,55,0.1232,18.7645,,0.1232,0.4286,55,False,isi>0.02;n_spikes<100;fr<0.2;presence<0.8;firing_rate_qm_low;num_spikes_qm_low
ATL,17,ATL_unit17,35,31,0.0694,11.7265,,0.0694,0.1429,31,False,isi>0.02;n_spikes<100;fr<0.2;presence<0.8;firing_rate_qm_low;num_spikes_qm_low
ATL,18,ATL_unit18,37,60,0.1344,27.9013,,0.1344,0.2857,60,False,isi>0.02;n_spikes<100;fr<0.2;presence<0.8;firing_rate_qm_low;num_spikes_qm_low
ATL,19,ATL_unit19,37,48,0.1075,22.7218,,0.1075,0.1429,48,False,isi>0.02;n_spikes<100;fr<0.2;presence<0.8;firing_rate_qm_low;num_spikes_qm_low
ATL,20,ATL_unit20,35,47,0.1053,9.2043,,0.1053,0.1429,47,False,isi>0.02;n_spikes<100;fr<0.2;presence<0.8;firing_rate_qm_low;num_spikes_qm_low
ATL,21,ATL_unit21,37,47,0.1053,14.5968,,0.1053,0.1429,47,False,isi>0.02;n_spikes<100;fr<0.2;presence<0.8;firing_rate_qm_low;num_spikes_qm_low
ATL,22,ATL_unit22,37,23,0.0515,21.3693,,0.0515,0.1429,23,False,isi>0.02;n_spikes<100;fr<0.2;presence<0.8;firing_rate_qm_low;num_spikes_qm_low
ATL,23,ATL_unit23,37,20,0.0448,18.519,,0.0448,0.1429,20,False,isi>0.02;n_spikes<100;fr<0.2;presence<0.8;firing_rate_qm_low;num_spikes_qm_low
ATL,24,ATL_unit24,35,35,0.0784,15.8066,,0.0784,0.1429,35,False,isi>0.02;n_spikes<100;fr<0.2;presence<0.8;firing_rate_qm_low;num_spikes_qm_low
ATL,25,ATL_unit25,35,40,0.0896,13.5754,,0.0896,0.1429,40,False,isi>0.02;n_spikes<100;fr<0.2;presence<0.8;firing_rate_qm_low;num_spikes_qm_low
ATL,26,ATL_unit26,37,28,0.0627,31.4127,,0.0627,0.1429,28,False,isi>0.02;n_spikes<100;fr<0.2;presence<0.8;firing_rate_qm_low;num_spikes_qm_low
ATL,27,ATL_unit27,37,17,0.0381,24.2846,,0.0381,0.1429,17,False,isi>0.02;n_spikes<100;fr<0.2;presence<0.8;firing_rate_qm_low;num_spikes_qm_low
ATL,28,ATL_unit28,37,27,0.0605,24.0542,,0.0605,0.1429,27,False,isi>0.02;n_spikes<100;fr<0.2;presence<0.8;firing_rate_qm_low;num_spikes_qm_low
ATL,29,ATL_unit29,35,22,0.0493,13.3585,,0.0493,0.1429,22,False,isi>0.02;n_spikes<100;fr<0.2;presence<0.8;firing_rate_qm_low;num_spikes_qm_low
ATL,30,ATL_unit30,38,69,0.1546,13.6246,,0.1546,0.5714,69,False,isi>0.02;n_spikes<100;fr<0.2;presence<0.8;firing_rate_qm_low;num_spikes_qm_low
ATL,31,ATL_unit31,38,27,0.0605,14.7133,,0.0605,0.1429,27,False,isi>0.02;n_spikes<100;fr<0.2;presence<0.8;firing_rate_qm_low;num_spikes_qm_low
ATL,32,ATL_unit32,45,14,0.0314,18.0607,,0.0314,0.1429,14,False,isi>0.02;n_spikes<100;fr<0.2;presence<0.8;firing_rate_qm_low;num_spikes_qm_low
ATL,33,ATL_unit33,39,25,0.056,15.0186,,0.056,0.5714,25,False,isi>0.02;n_spikes<100;fr<0.2;presence<0.8;firing_rate_qm_low;num_spikes_qm_low
ATL,34,ATL_unit34,39,43,0.0963,22.7628,,0.0963,0.1429,43,False,isi>0.02;n_spikes<100;fr<0.2;presence<0.8;firing_rate_qm_low;num_spikes_qm_low
ATL,35,ATL_unit35,45,33,0.0739,25.9851,,0.0739,0.2857,33,False,isi>0.02;n_spikes<100;fr<0.2;presence<0.8;firing_rate_qm_low;num_spikes_qm_low
ATL,36,ATL_unit36,39,13,0.0291,25.6406,,0.0291,0.1429,13,False,isi>0.02;n_spikes<100;fr<0.2;presence<0.8;firing_rate_qm_low;num_spikes_qm_low
ATL,37,ATL_unit37,39,45,0.1008,26.3101,,0.1008,0.1429,45,False,isi>0.02;n_spikes<100;fr<0.2;presence<0.8;firing_rate_qm_low;num_spikes_qm_low
ATL,38,ATL_unit38,39,23,0.0515,28.3885,,0.0515,0.1429,23,False,isi>0.02;n_spikes<100;fr<0.2;presence<0.8;firing_rate_qm_low;num_spikes_qm_low
ATL,39,ATL_unit39,39,23,0.0515,52.7101,,0.0515,0.1429,23,False,isi>0.02;n_spikes<100;fr<0.2;presence<0.8;firing_rate_qm_low;num_spikes_qm_low
ATL,40,ATL_unit40,39,41,0.0918,18.0264,,0.0918,0.2857,41,False,isi>0.02;n_spikes<100;fr<0.2;presence<0.8;firing_rate_qm_low;num_spikes_qm_low
ATL,41,ATL_unit41,39,37,0.0829,20.1647,,0.0829,0.1429,37,False,isi>0.02;n_spikes<100;fr<0.2;presence<0.8;firing_rate_qm_low;num_spikes_qm_low
ATL,42,ATL_unit42,39,19,0.0426,16.5974,,0.0426,0.1429,19,False,isi>0.02;n_spikes<100;fr<0.2;presence<0.8;firing_rate_qm_low;num_spikes_qm_low
ATL,43,ATL_unit43,39,55,0.1232,18.4161,,0.1232,0.2857,55,False,isi>0.02;n_spikes<100;fr<0.2;presence<0.8;firing_rate_qm_low;num_spikes_qm_low
ATL,44,ATL_unit44,39,54,0.121,16.7923,,0.121,0.2857,54,False,isi>0.02;n_spikes<100;fr<0.2;presence<0.8;firing_rate_qm_low;num_spikes_qm_low
ATL,45,ATL_unit45,39,40,0.0896,15.798,,0.0896,0.1429,40,False,isi>0.02;n_spikes<100;fr<0.2;presence<0.8;firing_rate_qm_low;num_spikes_qm_low
ATL,46,ATL_unit46,39,33,0.0739,26.0203,,0.0739,0.1429,33,False,isi>0.02;n_spikes<100;fr<0.2;presence<0.8;firing_rate_qm_low;num_spikes_qm_low
ATL,47,ATL_unit47,39,20,0.0448,13.255,,0.0448,0.4286,20,False,isi>0.02;n_spikes<100;fr<0.2;presence<0.8;firing_rate_qm_low;num_spikes_qm_low
ATL,48,ATL_unit48,39,27,0.0605,17.9664,,0.0605,0.1429,27,False,isi>0.02;n_spikes<100;fr<0.2;presence<0.8;firing_rate_qm_low;num_spikes_qm_low
ATL,49,ATL_unit49,39,23,0.0515,16.0179,,0.0515,0.2857,23,False,isi>0.02;n_spikes<100;fr<0.2;presence<0.8;firing_rate_qm_low;num_spikes_qm_low
ATL,50,ATL_unit50,39,36,0.0806,17.4018,,0.0806,0.1429,36,False,isi>0.02;n_spikes<100;fr<0.2;presence<0.8;firing_rate_qm_low;num_spikes_qm_low
ATL,51,ATL_unit51,39,20,0.0448,17.6816,,0.0448,0.1429,20,False,isi>0.02;n_spikes<100;fr<0.2;presence<0.8;firing_rate_qm_low;num_spikes_qm_low
ATL,52,ATL_unit52,39,49,0.1098,15.2485,,0.1098,0.1429,49,False,isi>0.02;n_spikes<100;fr<0.2;presence<0.8;firing_rate_qm_low;num_spikes_qm_low
ATL,53,ATL_unit53,47,20,0.0448,13.6544,,0.0448,0.1429,20,False,isi>0.02;n_spikes<100;fr<0.2;presence<0.8;firing_rate_qm_low;num_spikes_qm_low
ATL,54,ATL_unit54,39,28,0.0627,19.4903,,0.0627,0.1429,28,False,isi>0.02;n_spikes<100;fr<0.2;presence<0.8;firing_rate_qm_low;num_spikes_qm_low
ATL,55,ATL_unit55,40,36,0.0806,8.2865,,0.0806,0.8571,36,False,isi>0.02;n_spikes<100;fr<0.2;firing_rate_qm_low;num_spikes_qm_low
ATL,56,ATL_unit56,40,38,0.0851,11.977,,0.0851,0.2857,38,False,isi>0.02;n_spikes<100;fr<0.2;presence<0.8;firing_rate_qm_low;num_spikes_qm_low
ATL,57,ATL_unit57,40,39,0.0874,14.7834,,0.0874,0.1429,39,False,isi>0.02;n_spikes<100;fr<0.2;presence<0.8;firing_rate_qm_low;num_spikes_qm_low
ATL,58,ATL_unit58,40,31,0.0694,12.304,,0.0694,0.2857,31,False,isi>0.02;n_spikes<100;fr<0.2;presence<0.8;firing_rate_qm_low;num_spikes_qm_low
ATL,59,ATL_unit59,40,50,0.112,10.1191,,0.112,0.1429,50,False,isi>0.02;n_spikes<100;fr<0.2;presence<0.8;firing_rate_qm_low;num_spikes_qm_low
ATL,60,ATL_unit60,40,16,0.0358,10.9205,,0.0358,0.1429,16,False,isi>0.02;n_spikes<100;fr<0.2;presence<0.8;firing_rate_qm_low;num_spikes_qm_low
ATL,61,ATL_unit61,40,20,0.0448,10.748,,0.0448,0.1429,20,False,isi>0.02;n_spikes<100;fr<0.2;presence<0.8;firing_rate_qm_low;num_spikes_qm_low
ATL,62,ATL_unit62,40,23,0.0515,9.4508,,0.0515,0.2857,23,False,isi>0.02;n_spikes<100;fr<0.2;presence<0.8;firing_rate_qm_low;num_spikes_qm_low
ATL,63,ATL_unit63,35,33,0.0739,13.5526,,0.0739,0.2857,33,False,isi>0.02;n_spikes<100;fr<0.2;presence<0.8;firing_rate_qm_low;num_spikes_qm_low
ATL,64,ATL_unit64,40,15,0.0336,14.4385,,0.0336,0.1429,15,False,isi>0.02;n_spikes<100;fr<0.2;presence<0.8;firing_rate_qm_low;num_spikes_qm_low
ATL,65,ATL_unit65,35,27,0.0605,9.5296,,0.0605,0.1429,27,False,isi>0.02;n_spikes<100;fr<0.2;presence<0.8;firing_rate_qm_low;num_spikes_qm_low
ATL,66,ATL_unit66,40,70,0.1568,10.2054,,0.1568,0.1429,70,False,isi>0.02;n_spikes<100;fr<0.2;presence<0.8;firing_rate_qm_low;num_spikes_qm_low
ATL,67,ATL_unit67,40,79,0.177,12.9005,,0.177,0.2857,79,False,isi>0.02;n_spikes<100;fr<0.2;presence<0.8;firing_rate_qm_low;num_spikes_qm_low
ATL,68,ATL_unit68,40,47,0.1053,13.806,,0.1053,0.1429,47,False,isi>0.02;n_spikes<100;fr<0.2;presence<0.8;firing_rate_qm_low;num_spikes_qm_low
ATL,69,ATL_unit69,40,20,0.0448,13.0478,,0.0448,0.1429,20,False,isi>0.02;n_spikes<100;fr<0.2;presence<0.8;firing_rate_qm_low;num_spikes_qm_low
ATL,70,ATL_unit70,40,27,0.0605,11.959,,0.0605,0.1429,27,False,isi>0.02;n_spikes<100;fr<0.2;presence<0.8;firing_rate_qm_low;num_spikes_qm_low
ATL,71,ATL_unit71,45,24,0.0538,20.3918,,0.0538,0.1429,24,False,isi>0.02;n_spikes<100;fr<0.2;presence<0.8;firing_rate_qm_low;num_spikes_qm_low
ATL,72,ATL_unit72,40,22,0.0493,12.153,,0.0493,0.1429,22,False,isi>0.02;n_spikes<100;fr<0.2;presence<0.8;firing_rate_qm_low;num_spikes_qm_low
ATL,73,ATL_unit73,40,40,0.0896,9.3717,,0.0896,0.1429,40,False,isi>0.02;n_spikes<100;fr<0.2;presence<0.8;firing_rate_qm_low;num_spikes_qm_low
ATL,74,ATL_unit74,40,44,0.0986,9.5478,,0.0986,0.2857,44,False,isi>0.02;n_spikes<100;fr<0.2;presence<0.8;firing_rate_qm_low;num_spikes_qm_low
ATL,75,ATL_unit75,40,28,0.0627,8.9908,,0.0627,0.2857,28,False,isi>0.02;n_spikes<100;fr<0.2;presence<0.8;firing_rate_qm_low;num_spikes_qm_low
ATL,76,ATL_unit76,40,49,0.1098,13.5185,,0.1098,0.1429,49,False,isi>0.02;n_spikes<100;fr<0.2;presence<0.8;firing_rate_qm_low;num_spikes_qm_low
ATL,77,ATL_unit77,47,12,0.0269,12.3759,,0.0269,0.1429,12,False,isi>0.02;n_spikes<100;fr<0.2;presence<0.8;firing_rate_qm_low;num_spikes_qm_low
ATL,78,ATL_unit78,45,21,0.047,19.079,,0.047,0.1429,21,False,isi>0.02;n_spikes<100;fr<0.2;presence<0.8;firing_rate_qm_low;num_spikes_qm_low
ATL,79,ATL_unit79,45,22,0.0493,20.352,,0.0493,0.1429,22,False,isi>0.02;n_spikes<100;fr<0.2;presence<0.8;firing_rate_qm_low;num_spikes_qm_low
ATL,80,ATL_unit80,42,6,0.0134,16.8802,,0.0134,0.2857,6,False,isi>0.02;n_spikes<100;fr<0.2;presence<0.8;firing_rate_qm_low;num_spikes_qm_low
ATL,81,ATL_unit81,39,11,0.0246,19.0156,,0.0246,0.1429,11,False,isi>0.02;n_spikes<100;fr<0.2;presence<0.8;firing_rate_qm_low;num_spikes_qm_low
ATL,82,ATL_unit82,43,193,0.4324,13.8604,,0.4324,0.8571,193,False,isi>0.02
ATL,83,ATL_unit83,43,27,0.0605,33.7312,,0.0605,0.1429,27,False,isi>0.02;n_spikes<100;fr<0.2;presence<0.8;firing_rate_qm_low;num_spikes_qm_low
ATL,84,ATL_unit84,43,11,0.0246,18.7366,,0.0246,0.2857,11,False,isi>0.02;n_spikes<100;fr<0.2;presence<0.8;firing_rate_qm_low;num_spikes_qm_low
ATL,85,ATL_unit85,44,11,0.0246,14.036,,0.0246,0.1429,11,False,isi>0.02;n_spikes<100;fr<0.2;presence<0.8;firing_rate_qm_low;num_spikes_qm_low
ATL,86,ATL_unit86,43,14,0.0314,11.5831,,0.0314,0.2857,14,False,isi>0.02;n_spikes<100;fr<0.2;presence<0.8;firing_rate_qm_low;num_spikes_qm_low
ATL,87,ATL_unit87,43,19,0.0426,19.8083,,0.0426,0.1429,19,False,isi>0.02;n_spikes<100;fr<0.2;presence<0.8;firing_rate_qm_low;num_spikes_qm_low
ATL,88,ATL_unit88,43,46,0.1031,14.4722,,0.1031,0.4286,46,False,isi>0.02;n_spikes<100;fr<0.2;presence<0.8;firing_rate_qm_low;num_spikes_qm_low
ATL,89,ATL_unit89,43,19,0.0426,13.6282,,0.0426,0.1429,19,False,isi>0.02;n_spikes<100;fr<0.2;presence<0.8;firing_rate_qm_low;num_spikes_qm_low
ATL,90,ATL_unit90,36,24,0.0538,8.3699,,0.0538,0.1429,24,False,isi>0.02;n_spikes<100;fr<0.2;presence<0.8;firing_rate_qm_low;num_spikes_qm_low
ATL,91,ATL_unit91,44,39,0.0874,15.8014,,0.0874,0.5714,39,False,isi>0.02;n_spikes<100;fr<0.2;presence<0.8;firing_rate_qm_low;num_spikes_qm_low
ATL,92,ATL_unit92,44,83,0.1859,14.3844,,0.1859,0.5714,83,False,isi>0.02;n_spikes<100;fr<0.2;presence<0.8;firing_rate_qm_low;num_spikes_qm_low
ATL,93,ATL_unit93,44,30,0.0672,20.9155,,0.0672,0.1429,30,False,isi>0.02;n_spikes<100;fr<0.2;presence<0.8;firing_rate_qm_low;num_spikes_qm_low
ATL,94,ATL_unit94,44,89,0.1994,16.2527,,0.1994,0.1429,89,False,isi>0.02;n_spikes<100;fr<0.2;presence<0.8;firing_rate_qm_low;num_spikes_qm_low
ATL,95,ATL_unit95,44,30,0.0672,21.4499,,0.0672,0.1429,30,False,isi>0.02;n_spikes<100;fr<0.2;presence<0.8;firing_rate_qm_low;num_spikes_qm_low
ATL,96,ATL_unit96,44,64,0.1434,19.0155,,0.1434,0.1429,64,False,isi>0.02;n_spikes<100;fr<0.2;presence<0.8;firing_rate_qm_low;num_spikes_qm_low
ATL,97,ATL_unit97,44,44,0.0986,22.7997,,0.0986,0.2857,44,False,isi>0.02;n_spikes<100;fr<0.2;presence<0.8;firing_rate_qm_low;num_spikes_qm_low
ATL,98,ATL_unit98,44,33,0.0739,15.6431,,0.0739,0.1429,33,False,isi>0.02;n_spikes<100;fr<0.2;presence<0.8;firing_rate_qm_low;num_spikes_qm_low
ATL,99,ATL_unit99,44,16,0.0358,24.094,,0.0358,0.1429,16,False,isi>0.02;n_spikes<100;fr<0.2;presence<0.8;firing_rate_qm_low;num_spikes_qm_low
ATL,100,ATL_unit100,44,37,0.0829,17.9072,,0.0829,0.1429,37,False,isi>0.02;n_spikes<100;fr<0.2;presence<0.8;firing_rate_qm_low;num_spikes_qm_low
ATL,101,ATL_unit101,44,27,0.0605,20.6226,,0.0605,0.1429,27,False,isi>0.02;n_spikes<100;fr<0.2;presence<0.8;firing_rate_qm_low;num_spikes_qm_low
ATL,102,ATL_unit102,44,37,0.0829,15.7064,,0.0829,0.1429,37,False,isi>0.02;n_spikes<100;fr<0.2;presence<0.8;firing_rate_qm_low;num_spikes_qm_low
ATL,103,ATL_unit103,44,32,0.0717,21.4736,,0.0717,0.1429,32,False,isi>0.02;n_spikes<100;fr<0.2;presence<0.8;firing_rate_qm_low;num_spikes_qm_low
ATL,104,ATL_unit104,44,38,0.0851,22.2217,,0.0851,0.1429,38,False,isi>0.02;n_spikes<100;fr<0.2;presence<0.8;firing_rate_qm_low;num_spikes_qm_low
ATL,105,ATL_unit105,45,58,0.1299,13.5773,,0.1299,0.8571,58,False,isi>0.02;n_spikes<100;fr<0.2;firing_rate_qm_low;num_spikes_qm_low
ATL,106,ATL_unit106,45,23,0.0515,16.541,,0.0515,0.1429,23,False,isi>0.02;n_spikes<100;fr<0.2;presence<0.8;firing_rate_qm_low;num_spikes_qm_low
ATL,107,ATL_unit107,45,42,0.0941,26.9398,,0.0941,0.1429,42,False,isi>0.02;n_spikes<100;fr<0.2;presence<0.8;firing_rate_qm_low;num_spikes_qm_low
ATL,108,ATL_unit108,45,37,0.0829,18.5619,,0.0829,0.1429,37,False,isi>0.02;n_spikes<100;fr<0.2;presence<0.8;firing_rate_qm_low;num_spikes_qm_low
ATL,109,ATL_unit109,45,78,0.1747,28.9846,,0.1747,0.1429,78,False,isi>0.02;n_spikes<100;fr<0.2;presence<0.8;firing_rate_qm_low;num_spikes_qm_low
ATL,110,ATL_unit110,45,25,0.056,19.1666,,0.056,0.1429,25,False,isi>0.02;n_spikes<100;fr<0.2;presence<0.8;firing_rate_qm_low;num_spikes_qm_low
ATL,111,ATL_unit111,45,28,0.0627,12.8175,,0.0627,0.1429,28,False,isi>0.02;n_spikes<100;fr<0.2;presence<0.8;firing_rate_qm_low;num_spikes_qm_low
ATL,112,ATL_unit112,38,28,0.0627,11.7686,,0.0627,0.2857,28,False,isi>0.02;n_spikes<100;fr<0.2;presence<0.8;firing_rate_qm_low;num_spikes_qm_low
ATL,113,ATL_unit113,47,54,0.121,18.1484,,0.121,0.1429,54,False,isi>0.02;n_spikes<100;fr<0.2;presence<0.8;firing_rate_qm_low;num_spikes_qm_low
ATL,114,ATL_unit114,36,17,0.0381,10.392,,0.0381,0.2857,17,False,isi>0.02;n_spikes<100;fr<0.2;presence<0.8;firing_rate_qm_low;num_spikes_qm_low
ATL,115,ATL_unit115,40,12,0.0269,8.1571,,0.0269,0.1429,12,False,isi>0.02;n_spikes<100;fr<0.2;presence<0.8;firing_rate_qm_low;num_spikes_qm_low
ATL,116,ATL_unit116,35,31,0.0694,17.6326,,0.0694,0.1429,31,False,isi>0.02;n_spikes<100;fr<0.2;presence<0.8;firing_rate_qm_low;num_spikes_qm_low
ATL,117,ATL_unit117,46,20,0.0448,24.6144,,0.0448,0.1429,20,False,isi>0.02;n_spikes<100;fr<0.2;presence<0.8;firing_rate_qm_low;num_spikes_qm_low
ATL,118,ATL_unit118,35,22,0.0493,23.4302,,0.0493,0.1429,22,False,isi>0.02;n_spikes<100;fr<0.2;presence<0.8;firing_rate_qm_low;num_spikes_qm_low
ATL,119,ATL_unit119,38,24,0.0538,17.207,,0.0538,0.1429,24,False,isi>0.02;n_spikes<100;fr<0.2;presence<0.8;firing_rate_qm_low;num_spikes_qm_low
ATL,120,ATL_unit120,40,26,0.0582,13.6767,,0.0582,0.1429,26,False,isi>0.02;n_spikes<100;fr<0.2;presence<0.8;firing_rate_qm_low;num_spikes_qm_low
ATL,121,ATL_unit121,46,27,0.0605,22.929,,0.0605,0.1429,27,False,isi>0.02;n_spikes<100;fr<0.2;presence<0.8;firing_rate_qm_low;num_spikes_qm_low
ATL,122,ATL_unit122,36,33,0.0739,11.3121,,0.0739,0.1429,33,False,isi>0.02;n_spikes<100;fr<0.2;presence<0.8;firing_rate_qm_low;num_spikes_qm_low
ATL,123,ATL_unit123,36,26,0.0582,10.349,,0.0582,0.1429,26,False,isi>0.02;n_spikes<100;fr<0.2;presence<0.8;firing_rate_qm_low;num_spikes_qm_low
ATL,124,ATL_unit124,35,26,0.0582,7.3697,,0.0582,0.1429,26,False,isi>0.02;n_spikes<100;fr<0.2;presence<0.8;firing_rate_qm_low;num_spikes_qm_low
ATL,125,ATL_unit125,40,51,0.1143,8.7896,,0.1143,0.1429,51,False,isi>0.02;n_spikes<100;fr<0.2;presence<0.8;firing_rate_qm_low;num_spikes_qm_low
ATL,126,ATL_unit126,39,85,0.1904,16.2777,,0.1904,0.2857,85,False,isi>0.02;n_spikes<100;fr<0.2;presence<0.8;firing_rate_qm_low;num_spikes_qm_low
ATL,127,ATL_unit127,40,26,0.0582,9.2567,,0.0582,0.1429,26,False,isi>0.02;n_spikes<100;fr<0.2;presence<0.8;firing_rate_qm_low;num_spikes_qm_low
ATL,128,ATL_unit128,47,28,0.0627,16.9809,,0.0627,0.1429,28,False,isi>0.02;n_spikes<100;fr<0.2;presence<0.8;firing_rate_qm_low;num_spikes_qm_low
ATL,129,ATL_unit129,36,45,0.1008,6.0433,,0.1008,0.2857,45,False,isi>0.02;n_spikes<100;fr<0.2;presence<0.8;firing_rate_qm_low;num_spikes_qm_low
ATL,130,ATL_unit130,46,27,0.0605,11.6743,,0.0605,0.2857,27,False,isi>0.02;n_spikes<100;fr<0.2;presence<0.8;firing_rate_qm_low;num_spikes_qm_low
ATL,131,ATL_unit131,46,17,0.0381,12.5857,,0.0381,0.1429,17,False,isi>0.02;n_spikes<100;fr<0.2;presence<0.8;firing_rate_qm_low;num_spikes_qm_low
ATL,132,ATL_unit132,40,12,0.0269,7.3055,,0.0269,0.1429,12,False,isi>0.02;n_spikes<100;fr<0.2;presence<0.8;firing_rate_qm_low;num_spikes_qm_low
ATL,133,ATL_unit133,35,20,0.0448,11.213,,0.0448,0.2857,20,False,isi>0.02;n_spikes<100;fr<0.2;presence<0.8;firing_rate_qm_low;num_spikes_qm_low
ATL,134,ATL_unit134,35,47,0.1053,7.7435,,0.1053,0.1429,47,False,isi>0.02;n_spikes<100;fr<0.2;presence<0.8;firing_rate_qm_low;num_spikes_qm_low
ATL,135,ATL_unit135,46,44,0.0986,12.5278,,0.0986,0.2857,44,False,isi>0.02;n_spikes<100;fr<0.2;presence<0.8;firing_rate_qm_low;num_spikes_qm_low
ATL,136,ATL_unit136,35,23,0.0515,8.7764,,0.0515,0.1429,23,False,isi>0.02;n_spikes<100;fr<0.2;presence<0.8;firing_rate_qm_low;num_spikes_qm_low
ATL,137,ATL_unit137,47,41,0.0918,18.1752,,0.0918,0.1429,41,False,isi>0.02;n_spikes<100;fr<0.2;presence<0.8;firing_rate_qm_low;num_spikes_qm_low
ATL,138,ATL_unit138,47,326,0.7303,14.5463,,0.7303,0.8571,326,False,isi>0.02
ATL,139,ATL_unit139,47,54,0.121,17.1493,,0.121,0.2857,54,False,isi>0.02;n_spikes<100;fr<0.2;presence<0.8;firing_rate_qm_low;num_spikes_qm_low
ATL,140,ATL_unit140,47,52,0.1165,13.5434,,0.1165,0.5714,52,False,isi>0.02;n_spikes<100;fr<0.2;presence<0.8;firing_rate_qm_low;num_spikes_qm_low
ATL,141,ATL_unit141,47,59,0.1322,23.1899,,0.1322,0.4286,59,False,isi>0.02;n_spikes<100;fr<0.2;presence<0.8;firing_rate_qm_low;num_spikes_qm_low
ATL,142,ATL_unit142,47,23,0.0515,13.6353,,0.0515,0.2857,23,False,isi>0.02;n_spikes<100;fr<0.2;presence<0.8;firing_rate_qm_low;num_spikes_qm_low
ATL,143,ATL_unit143,35,30,0.0672,14.3029,,0.0672,0.1429,30,False,isi>0.02;n_spikes<100;fr<0.2;presence<0.8;firing_rate_qm_low;num_spikes_qm_low
ATL,144,ATL_unit144,47,176,0.3943,15.3004,,0.3943,0.7143,176,False,isi>0.02;presence<0.8
ATL,145,ATL_unit145,47,25,0.056,17.7312,,0.056,0.1429,25,False,isi>0.02;n_spikes<100;fr<0.2;presence<0.8;firing_rate_qm_low;num_spikes_qm_low
ATL,146,ATL_unit146,47,24,0.0538,17.1455,,0.0538,0.2857,24,False,isi>0.02;n_spikes<100;fr<0.2;presence<0.8;firing_rate_qm_low;num_spikes_qm_low
ATL,147,ATL_unit147,47,32,0.0717,19.4117,,0.0717,0.1429,32,False,isi>0.02;n_spikes<100;fr<0.2;presence<0.8;firing_rate_qm_low;num_spikes_qm_low
ATL,148,ATL_unit148,45,17,0.0381,16.0239,,0.0381,0.1429,17,False,isi>0.02;n_spikes<100;fr<0.2;presence<0.8;firing_rate_qm_low;num_spikes_qm_low
ATL,149,ATL_unit149,47,29,0.065,18.6805,,0.065,0.4286,29,False,isi>0.02;n_spikes<100;fr<0.2;presence<0.8;firing_rate_qm_low;num_spikes_qm_low
ATL,150,ATL_unit150,47,60,0.1344,20.1428,,0.1344,0.4286,60,False,isi>0.02;n_spikes<100;fr<0.2;presence<0.8;firing_rate_qm_low;num_spikes_qm_low
ATL,151,ATL_unit151,47,43,0.0963,16.7283,,0.0963,0.1429,43,False,isi>0.02;n_spikes<100;fr<0.2;presence<0.8;firing_rate_qm_low;num_spikes_qm_low
ATL,152,ATL_unit152,47,39,0.0874,16.8125,,0.0874,0.1429,39,False,isi>0.02;n_spikes<100;fr<0.2;presence<0.8;firing_rate_qm_low;num_spikes_qm_low
ATL,153,ATL_unit153,47,38,0.0851,15.8363,,0.0851,0.1429,38,False,isi>0.02;n_spikes<100;fr<0.2;presence<0.8;firing_rate_qm_low;num_spikes_qm_low
ATL,154,ATL_unit154,47,25,0.056,20.6405,,0.056,0.2857,25,False,isi>0.02;n_spikes<100;fr<0.2;presence<0.8;firing_rate_qm_low;num_spikes_qm_low
ATL,155,ATL_unit155,47,40,0.0896,21.2759,,0.0896,0.1429,40,False,isi>0.02;n_spikes<100;fr<0.2;presence<0.8;firing_rate_qm_low;num_spikes_qm_low
ATL,156,ATL_unit156,47,28,0.0627,21.0462,,0.0627,0.1429,28,False,isi>0.02;n_spikes<100;fr<0.2;presence<0.8;firing_rate_qm_low;num_spikes_qm_low
ATL,157,ATL_unit157,47,38,0.0851,21.475,,0.0851,0.1429,38,False,isi>0.02;n_spikes<100;fr<0.2;presence<0.8;firing_rate_qm_low;num_spikes_qm_low
ATL,158,ATL_unit158,47,36,0.0806,20.3457,,0.0806,0.1429,36,False,isi>0.02;n_spikes<100;fr<0.2;presence<0.8;firing_rate_qm_low;num_spikes_qm_low
ATL,159,ATL_unit159,47,33,0.0739,17.4479,,0.0739,0.1429,33,False,isi>0.02;n_spikes<100;fr<0.2;presence<0.8;firing_rate_qm_low;num_spikes_qm_low
ATL,160,ATL_unit160,47,68,0.1523,19.894,,0.1523,0.1429,68,False,isi>0.02;n_spikes<100;fr<0.2;presence<0.8;firing_rate_qm_low;num_spikes_qm_low
ATL,161,ATL_unit161,47,19,0.0426,17.6776,,0.0426,0.1429,19,False,isi>0.02;n_spikes<100;fr<0.2;presence<0.8;firing_rate_qm_low;num_spikes_qm_low
ATL,162,ATL_unit162,36,30,0.0672,18.9771,,0.0672,0.1429,30,False,isi>0.02;n_spikes<100;fr<0.2;presence<0.8;firing_rate_qm_low;num_spikes_qm_low
ATL,163,ATL_unit163,44,70,0.1568,11.7917,,0.1568,0.5714,70,False,isi>0.02;n_spikes<100;fr<0.2;presence<0.8;firing_rate_qm_low;num_spikes_qm_low
ATL,164,ATL_unit164,40,21,0.047,6.9425,,0.047,0.1429,21,False,isi>0.02;n_spikes<100;fr<0.2;presence<0.8;firing_rate_qm_low;num_spikes_qm_low
ATL,165,ATL_unit165,38,47,0.1053,19.8977,,0.1053,0.1429,47,False,isi>0.02;n_spikes<100;fr<0.2;presence<0.8;firing_rate_qm_low;num_spikes_qm_low
ATL,166,ATL_unit166,35,93,0.2083,8.9475,,0.2083,0.1429,93,False,isi>0.02;n_spikes<100;presence<0.8;num_spikes_qm_low
ATL,167,ATL_unit167,35,32,0.0717,11.8663,,0.0717,0.1429,32,False,isi>0.02;n_spikes<100;fr<0.2;presence<0.8;firing_rate_qm_low;num_spikes_qm_low
ATL,168,ATL_unit168,35,25,0.056,8.9475,,0.056,0.1429,25,False,isi>0.02;n_spikes<100;fr<0.2;presence<0.8;firing_rate_qm_low;num_spikes_qm_low
ATL,169,ATL_unit169,35,32,0.0717,8.4311,,0.0717,0.1429,32,False,isi>0.02;n_spikes<100;fr<0.2;presence<0.8;firing_rate_qm_low;num_spikes_qm_low
ATL,170,ATL_unit170,44,48,0.1075,16.6129,,0.1075,0.2857,48,False,isi>0.02;n_spikes<100;fr<0.2;presence<0.8;firing_rate_qm_low;num_spikes_qm_low
ATL,171,ATL_unit171,47,26,0.0582,11.6141,,0.0582,0.1429,26,False,isi>0.02;n_spikes<100;fr<0.2;presence<0.8;firing_rate_qm_low;num_spikes_qm_low
HG,1,HG_unit1,17,104,0.233,13.791,,0.233,0.8571,104,False,isi>0.02
HG,2,HG_unit2,18,69,0.1546,13.9429,,0.1546,0.7143,69,False,isi>0.02;n_spikes<100;fr<0.2;presence<0.8;firing_rate_qm_low;num_spikes_qm_low
HG,3,HG_unit3,19,63,0.1411,7.1129,,0.1411,0.2857,63,False,isi>0.02;n_spikes<100;fr<0.2;presence<0.8;firing_rate_qm_low;num_spikes_qm_low
HG,4,HG_unit4,19,22,0.0493,9.935,,0.0493,0.1429,22,False,isi>0.02;n_spikes<100;fr<0.2;presence<0.8;firing_rate_qm_low;num_spikes_qm_low
HG,5,HG_unit5,19,45,0.1008,5.4894,,0.1008,0.1429,45,False,isi>0.02;n_spikes<100;fr<0.2;presence<0.8;firing_rate_qm_low;num_spikes_qm_low
HG,6,HG_unit6,19,19,0.0426,15.7109,,0.0426,0.1429,19,False,isi>0.02;n_spikes<100;fr<0.2;presence<0.8;firing_rate_qm_low;num_spikes_qm_low
HG,7,HG_unit7,19,57,0.1277,11.0052,,0.1277,0.2857,57,False,isi>0.02;n_spikes<100;fr<0.2;presence<0.8;firing_rate_qm_low;num_spikes_qm_low
HG,8,HG_unit8,19,26,0.0582,11.2637,,0.0582,0.1429,26,False,isi>0.02;n_spikes<100;fr<0.2;presence<0.8;firing_rate_qm_low;num_spikes_qm_low
HG,9,HG_unit9,19,48,0.1075,9.227,,0.1075,0.1429,48,False,isi>0.02;n_spikes<100;fr<0.2;presence<0.8;firing_rate_qm_low;num_spikes_qm_low
HG,10,HG_unit10,19,70,0.1568,7.0009,,0.1568,0.4286,70,False,isi>0.02;n_spikes<100;fr<0.2;presence<0.8;firing_rate_qm_low;num_spikes_qm_low
HG,11,HG_unit11,19,44,0.0986,10.0651,,0.0986,0.1429,44,False,isi>0.02;n_spikes<100;fr<0.2;presence<0.8;firing_rate_qm_low;num_spikes_qm_low
HG,12,HG_unit12,19,42,0.0941,5.2408,,0.0941,0.1429,42,False,isi>0.02;n_spikes<100;fr<0.2;presence<0.8;firing_rate_qm_low;num_spikes_qm_low
HG,13,HG_unit13,19,15,0.0336,10.5607,,0.0336,0.1429,15,False,isi>0.02;n_spikes<100;fr<0.2;presence<0.8;firing_rate_qm_low;num_spikes_qm_low
HG,14,HG_unit14,19,52,0.1165,7.8505,,0.1165,0.2857,52,False,isi>0.02;n_spikes<100;fr<0.2;presence<0.8;firing_rate_qm_low;num_spikes_qm_low
HG,15,HG_unit15,20,101,0.2263,8.3745,,0.2263,0.5714,101,False,isi>0.02;presence<0.8
HG,16,HG_unit16,19,38,0.0851,7.6859,,0.0851,0.2857,38,False,isi>0.02;n_spikes<100;fr<0.2;presence<0.8;firing_rate_qm_low;num_spikes_qm_low
HG,17,HG_unit17,19,66,0.1479,8.3461,,0.1479,0.2857,66,False,isi>0.02;n_spikes<100;fr<0.2;presence<0.8;firing_rate_qm_low;num_spikes_qm_low
HG,18,HG_unit18,19,38,0.0851,8.6244,,0.0851,0.1429,38,False,isi>0.02;n_spikes<100;fr<0.2;presence<0.8;firing_rate_qm_low;num_spikes_qm_low
HG,19,HG_unit19,19,81,0.1815,7.7287,,0.1815,0.4286,81,False,isi>0.02;n_spikes<100;fr<0.2;presence<0.8;firing_rate_qm_low;num_spikes_qm_low
HG,20,HG_unit20,19,39,0.0874,6.7309,,0.0874,0.1429,39,False,isi>0.02;n_spikes<100;fr<0.2;presence<0.8;firing_rate_qm_low;num_spikes_qm_low
HG,21,HG_unit21,19,24,0.0538,7.7633,,0.0538,0.1429,24,False,isi>0.02;n_spikes<100;fr<0.2;presence<0.8;firing_rate_qm_low;num_spikes_qm_low
HG,22,HG_unit22,19,36,0.0806,6.2238,,0.0806,0.1429,36,False,isi>0.02;n_spikes<100;fr<0.2;presence<0.8;firing_rate_qm_low;num_spikes_qm_low
HG,23,HG_unit23,19,37,0.0829,6.2172,,0.0829,0.1429,37,False,isi>0.02;n_spikes<100;fr<0.2;presence<0.8;firing_rate_qm_low;num_spikes_qm_low
HG,24,HG_unit24,19,43,0.0963,6.1316,,0.0963,0.1429,43,False,isi>0.02;n_spikes<100;fr<0.2;presence<0.8;firing_rate_qm_low;num_spikes_qm_low
HG,25,HG_unit25,19,42,0.0941,9.7835,,0.0941,0.2857,42,False,isi>0.02;n_spikes<100;fr<0.2;presence<0.8;firing_rate_qm_low;num_spikes_qm_low
HG,26,HG_unit26,19,28,0.0627,9.7703,,0.0627,0.1429,28,False,isi>0.02;n_spikes<100;fr<0.2;presence<0.8;firing_rate_qm_low;num_spikes_qm_low
HG,27,HG_unit27,19,93,0.2083,6.1974,,0.2083,0.1429,93,False,isi>0.02;n_spikes<100;presence<0.8;num_spikes_qm_low
HG,28,HG_unit28,19,45,0.1008,7.5344,,0.1008,0.1429,45,False,isi>0.02;n_spikes<100;fr<0.2;presence<0.8;firing_rate_qm_low;num_spikes_qm_low
HG,29,HG_unit29,19,73,0.1635,9.5794,,0.1635,0.1429,73,False,isi>0.02;n_spikes<100;fr<0.2;presence<0.8;firing_rate_qm_low;num_spikes_qm_low
HG,30,HG_unit30,19,58,0.1299,11.0678,,0.1299,0.2857,58,False,isi>0.02;n_spikes<100;fr<0.2;presence<0.8;firing_rate_qm_low;num_spikes_qm_low
HG,31,HG_unit31,24,17,0.0381,11.0736,,0.0381,0.1429,17,False,isi>0.02;n_spikes<100;fr<0.2;presence<0.8;firing_rate_qm_low;num_spikes_qm_low
HG,32,HG_unit32,20,279,0.625,8.4384,,0.625,0.5714,279,False,isi>0.02;presence<0.8
HG,33,HG_unit33,20,31,0.0694,7.3188,,0.0694,0.2857,31,False,isi>0.02;n_spikes<100;fr<0.2;presence<0.8;firing_rate_qm_low;num_spikes_qm_low
HG,34,HG_unit34,19,23,0.0515,7.3434,,0.0515,0.1429,23,False,isi>0.02;n_spikes<100;fr<0.2;presence<0.8;firing_rate_qm_low;num_spikes_qm_low
HG,35,HG_unit35,19,77,0.1725,9.0261,,0.1725,0.1429,77,False,isi>0.02;n_spikes<100;fr<0.2;presence<0.8;firing_rate_qm_low;num_spikes_qm_low
HG,36,HG_unit36,19,49,0.1098,10.4553,,0.1098,0.1429,49,False,isi>0.02;n_spikes<100;fr<0.2;presence<0.8;firing_rate_qm_low;num_spikes_qm_low
HG,37,HG_unit37,20,53,0.1187,7.5442,,0.1187,0.4286,53,False,isi>0.02;n_spikes<100;fr<0.2;presence<0.8;firing_rate_qm_low;num_spikes_qm_low
HG,38,HG_unit38,19,11,0.0246,4.9659,,0.0246,0.1429,11,False,snr<5.0;isi>0.02;n_spikes<100;fr<0.2;presence<0.8;firing_rate_qm_low;num_spikes_qm_low
HG,39,HG_unit39,24,121,0.2711,9.6986,,0.2711,0.1429,121,False,isi>0.02;presence<0.8
HG,40,HG_unit40,20,30,0.0672,3.0357,,0.0672,0.4286,30,False,snr<5.0;isi>0.02;n_spikes<100;fr<0.2;presence<0.8;firing_rate_qm_low;num_spikes_qm_low
HG,41,HG_unit41,31,30,0.0672,7.4505,,0.0672,0.1429,30,False,isi>0.02;n_spikes<100;fr<0.2;presence<0.8;firing_rate_qm_low;num_spikes_qm_low
HG,42,HG_unit42,19,54,0.121,6.3604,,0.121,0.1429,54,False,isi>0.02;n_spikes<100;fr<0.2;presence<0.8;firing_rate_qm_low;num_spikes_qm_low
HG,43,HG_unit43,19,41,0.0918,7.8242,,0.0918,0.1429,41,False,isi>0.02;n_spikes<100;fr<0.2;presence<0.8;firing_rate_qm_low;num_spikes_qm_low
HG,44,HG_unit44,19,70,0.1568,7.9049,,0.1568,0.1429,70,False,isi>0.02;n_spikes<100;fr<0.2;presence<0.8;firing_rate_qm_low;num_spikes_qm_low
HG,45,HG_unit45,19,75,0.168,6.3884,,0.168,0.5714,75,False,isi>0.02;n_spikes<100;fr<0.2;presence<0.8;firing_rate_qm_low;num_spikes_qm_low
HG,46,HG_unit46,19,30,0.0672,7.8209,,0.0672,0.1429,30,False,isi>0.02;n_spikes<100;fr<0.2;presence<0.8;firing_rate_qm_low;num_spikes_qm_low
HG,47,HG_unit47,31,49,0.1098,6.114,,0.1098,0.1429,49,False,isi>0.02;n_spikes<100;fr<0.2;presence<0.8;firing_rate_qm_low;num_spikes_qm_low
HG,48,HG_unit48,31,26,0.0582,14.0446,,0.0582,0.1429,26,False,isi>0.02;n_spikes<100;fr<0.2;presence<0.8;firing_rate_qm_low;num_spikes_qm_low
HG,49,HG_unit49,31,57,0.1277,11.3211,,0.1277,0.1429,57,False,isi>0.02;n_spikes<100;fr<0.2;presence<0.8;firing_rate_qm_low;num_spikes_qm_low
HG,50,HG_unit50,19,62,0.1389,11.2193,,0.1389,0.1429,62,False,isi>0.02;n_spikes<100;fr<0.2;presence<0.8;firing_rate_qm_low;num_spikes_qm_low
HG,51,HG_unit51,24,42,0.0941,6.659,,0.0941,0.1429,42,False,isi>0.02;n_spikes<100;fr<0.2;presence<0.8;firing_rate_qm_low;num_spikes_qm_low
HG,52,HG_unit52,19,63,0.1411,9.0393,,0.1411,0.2857,63,False,isi>0.02;n_spikes<100;fr<0.2;presence<0.8;firing_rate_qm_low;num_spikes_qm_low
HG,53,HG_unit53,20,74,0.1658,8.6,,0.1658,0.1429,74,False,isi>0.02;n_spikes<100;fr<0.2;presence<0.8;firing_rate_qm_low;num_spikes_qm_low
HG,54,HG_unit54,19,65,0.1456,11.2752,,0.1456,0.1429,65,False,isi>0.02;n_spikes<100;fr<0.2;presence<0.8;firing_rate_qm_low;num_spikes_qm_low
HG,55,HG_unit55,20,37,0.0829,7.2324,,0.0829,0.1429,37,False,isi>0.02;n_spikes<100;fr<0.2;presence<0.8;firing_rate_qm_low;num_spikes_qm_low
HG,56,HG_unit56,20,27,0.0605,16.982,,0.0605,0.1429,27,False,isi>0.02;n_spikes<100;fr<0.2;presence<0.8;firing_rate_qm_low;num_spikes_qm_low
HG,57,HG_unit57,19,38,0.0851,8.626,,0.0851,0.2857,38,False,isi>0.02;n_spikes<100;fr<0.2;presence<0.8;firing_rate_qm_low;num_spikes_qm_low
HG,58,HG_unit58,19,89,0.1994,7.024,,0.1994,0.2857,89,False,isi>0.02;n_spikes<100;fr<0.2;presence<0.8;firing_rate_qm_low;num_spikes_qm_low
HG,59,HG_unit59,19,34,0.0762,4.8885,,0.0762,0.1429,34,False,snr<5.0;isi>0.02;n_spikes<100;fr<0.2;presence<0.8;firing_rate_qm_low;num_spikes_qm_low
HG,60,HG_unit60,20,103,0.2307,3.2912,,0.2307,0.2857,103,False,snr<5.0;isi>0.02;presence<0.8
HG,61,HG_unit61,19,66,0.1479,4.3649,,0.1479,0.1429,66,False,snr<5.0;isi>0.02;n_spikes<100;fr<0.2;presence<0.8;firing_rate_qm_low;num_spikes_qm_low
HG,62,HG_unit62,19,46,0.1031,7.271,,0.1031,0.2857,46,False,isi>0.02;n_spikes<100;fr<0.2;presence<0.8;firing_rate_qm_low;num_spikes_qm_low
HG,63,HG_unit63,19,59,0.1322,7.4982,,0.1322,0.1429,59,False,isi>0.02;n_spikes<100;fr<0.2;presence<0.8;firing_rate_qm_low;num_spikes_qm_low
HG,64,HG_unit64,19,51,0.1143,6.7046,,0.1143,0.1429,51,False,isi>0.02;n_spikes<100;fr<0.2;presence<0.8;firing_rate_qm_low;num_spikes_qm_low
HG,65,HG_unit65,20,27,0.0605,2.7915,,0.0605,0.1429,27,False,snr<5.0;isi>0.02;n_spikes<100;fr<0.2;presence<0.8;firing_rate_qm_low;num_spikes_qm_low
HG,66,HG_unit66,19,83,0.1859,6.8297,,0.1859,0.5714,83,False,isi>0.02;n_spikes<100;fr<0.2;presence<0.8;firing_rate_qm_low;num_spikes_qm_low
HG,67,HG_unit67,19,42,0.0941,6.9351,,0.0941,0.2857,42,False,isi>0.02;n_spikes<100;fr<0.2;presence<0.8;firing_rate_qm_low;num_spikes_qm_low
HG,68,HG_unit68,20,16,0.0358,7.0013,,0.0358,0.1429,16,False,isi>0.02;n_spikes<100;fr<0.2;presence<0.8;firing_rate_qm_low;num_spikes_qm_low
HG,69,HG_unit69,20,22,0.0493,7.9237,,0.0493,0.1429,22,False,isi>0.02;n_spikes<100;fr<0.2;presence<0.8;firing_rate_qm_low;num_spikes_qm_low
HG,70,HG_unit70,21,71,0.1591,6.0537,,0.1591,0.2857,71,False,isi>0.02;n_spikes<100;fr<0.2;presence<0.8;firing_rate_qm_low;num_spikes_qm_low
HG,71,HG_unit71,31,27,0.0605,7.3944,,0.0605,0.1429,27,False,isi>0.02;n_spikes<100;fr<0.2;presence<0.8;firing_rate_qm_low;num_spikes_qm_low
HG,72,HG_unit72,19,701,1.5704,4.4966,,1.5704,0.8571,701,False,snr<5.0;isi>0.02
HG,73,HG_unit73,20,138,0.3092,9.2349,,0.3092,0.1429,138,False,isi>0.02;presence<0.8
HG,74,HG_unit74,21,32,0.0717,8.1426,,0.0717,0.2857,32,False,isi>0.02;n_spikes<100;fr<0.2;presence<0.8;firing_rate_qm_low;num_spikes_qm_low
HG,75,HG_unit75,20,26,0.0582,3.3551,,0.0582,0.1429,26,False,snr<5.0;isi>0.02;n_spikes<100;fr<0.2;presence<0.8;firing_rate_qm_low;num_spikes_qm_low
HG,76,HG_unit76,21,11,0.0246,9.7687,,0.0246,0.1429,11,False,isi>0.02;n_spikes<100;fr<0.2;presence<0.8;firing_rate_qm_low;num_spikes_qm_low
HG,77,HG_unit77,19,59,0.1322,10.4125,,0.1322,0.1429,59,False,isi>0.02;n_spikes<100;fr<0.2;presence<0.8;firing_rate_qm_low;num_spikes_qm_low
HG,78,HG_unit78,21,30,0.0672,6.3345,,0.0672,0.1429,30,False,isi>0.02;n_spikes<100;fr<0.2;presence<0.8;firing_rate_qm_low;num_spikes_qm_low
HG,79,HG_unit79,21,27,0.0605,6.8066,,0.0605,0.1429,27,False,isi>0.02;n_spikes<100;fr<0.2;presence<0.8;firing_rate_qm_low;num_spikes_qm_low
HG,80,HG_unit80,19,154,0.345,7.6661,,0.345,0.2857,154,False,isi>0.02;presence<0.8
HG,81,HG_unit81,19,98,0.2195,4.9313,,0.2195,0.2857,98,False,snr<5.0;isi>0.02;n_spikes<100;presence<0.8;num_spikes_qm_low
HG,82,HG_unit82,21,80,0.1792,10.1945,,0.1792,0.5714,80,False,isi>0.02;n_spikes<100;fr<0.2;presence<0.8;firing_rate_qm_low;num_spikes_qm_low
HG,83,HG_unit83,21,64,0.1434,6.7295,,0.1434,0.1429,64,False,isi>0.02;n_spikes<100;fr<0.2;presence<0.8;firing_rate_qm_low;num_spikes_qm_low
HG,84,HG_unit84,19,94,0.2106,2.9966,,0.2106,0.2857,94,False,snr<5.0;isi>0.02;n_spikes<100;presence<0.8;num_spikes_qm_low
HG,85,HG_unit85,21,30,0.0672,14.4401,,0.0672,0.1429,30,False,isi>0.02;n_spikes<100;fr<0.2;presence<0.8;firing_rate_qm_low;num_spikes_qm_low
HG,86,HG_unit86,19,42,0.0941,7.6612,,0.0941,0.1429,42,False,isi>0.02;n_spikes<100;fr<0.2;presence<0.8;firing_rate_qm_low;num_spikes_qm_low
HG,87,HG_unit87,19,81,0.1815,4.5575,,0.1815,0.2857,81,False,snr<5.0;isi>0.02;n_spikes<100;fr<0.2;presence<0.8;firing_rate_qm_low;num_spikes_qm_low
HG,88,HG_unit88,19,52,0.1165,4.2118,,0.1165,0.1429,52,False,snr<5.0;isi>0.02;n_spikes<100;fr<0.2;presence<0.8;firing_rate_qm_low;num_spikes_qm_low
HG,89,HG_unit89,21,24,0.0538,9.1855,,0.0538,0.1429,24,False,isi>0.02;n_spikes<100;fr<0.2;presence<0.8;firing_rate_qm_low;num_spikes_qm_low
HG,90,HG_unit90,31,23,0.0515,12.6388,,0.0515,0.1429,23,False,isi>0.02;n_spikes<100;fr<0.2;presence<0.8;firing_rate_qm_low;num_spikes_qm_low
HG,91,HG_unit91,19,107,0.2397,3.4017,,0.2397,0.2857,107,False,snr<5.0;isi>0.02;presence<0.8
HG,92,HG_unit92,19,19,0.0426,4.1591,,0.0426,0.1429,19,False,snr<5.0;isi>0.02;n_spikes<100;fr<0.2;presence<0.8;firing_rate_qm_low;num_spikes_qm_low
HG,93,HG_unit93,19,27,0.0605,4.3204,,0.0605,0.2857,27,False,snr<5.0;isi>0.02;n_spikes<100;fr<0.2;presence<0.8;firing_rate_qm_low;num_spikes_qm_low
HG,94,HG_unit94,19,65,0.1456,4.956,,0.1456,0.2857,65,False,snr<5.0;isi>0.02;n_spikes<100;fr<0.2;presence<0.8;firing_rate_qm_low;num_spikes_qm_low
HG,95,HG_unit95,19,38,0.0851,8.6277,,0.0851,0.1429,38,False,isi>0.02;n_spikes<100;fr<0.2;presence<0.8;firing_rate_qm_low;num_spikes_qm_low
HG,96,HG_unit96,21,29,0.065,23.1721,,0.065,0.1429,29,False,isi>0.02;n_spikes<100;fr<0.2;presence<0.8;firing_rate_qm_low;num_spikes_qm_low
HG,97,HG_unit97,19,23,0.0515,9.8,,0.0515,0.1429,23,False,isi>0.02;n_spikes<100;fr<0.2;presence<0.8;firing_rate_qm_low;num_spikes_qm_low
HG,98,HG_unit98,23,10,0.0224,18.8751,,0.0224,0.1429,10,False,isi>0.02;n_spikes<100;fr<0.2;presence<0.8;firing_rate_qm_low;num_spikes_qm_low
HG,99,HG_unit99,22,46,0.1031,11.6234,,0.1031,0.4286,46,False,isi>0.02;n_spikes<100;fr<0.2;presence<0.8;firing_rate_qm_low;num_spikes_qm_low
HG,100,HG_unit100,19,96,0.2151,6.3489,,0.2151,0.4286,96,False,isi>0.02;n_spikes<100;presence<0.8;num_spikes_qm_low
HG,101,HG_unit101,31,48,0.1075,8.9496,,0.1075,0.4286,48,False,isi>0.02;n_spikes<100;fr<0.2;presence<0.8;firing_rate_qm_low;num_spikes_qm_low
HG,102,HG_unit102,22,272,0.6093,6.8135,,0.6093,0.7143,272,False,isi>0.02;presence<0.8
HG,103,HG_unit103,19,24,0.0538,3.4494,,0.0538,0.1429,24,False,snr<5.0;isi>0.02;n_spikes<100;fr<0.2;presence<0.8;firing_rate_qm_low;num_spikes_qm_low
HG,104,HG_unit104,22,34,0.0762,8.1394,,0.0762,0.4286,34,False,isi>0.02;n_spikes<100;fr<0.2;presence<0.8;firing_rate_qm_low;num_spikes_qm_low
HG,105,HG_unit105,19,22,0.0493,4.8621,,0.0493,0.1429,22,False,snr<5.0;isi>0.02;n_spikes<100;fr<0.2;presence<0.8;firing_rate_qm_low;num_spikes_qm_low
HG,106,HG_unit106,22,34,0.0762,12.0438,,0.0762,0.1429,34,False,isi>0.02;n_spikes<100;fr<0.2;presence<0.8;firing_rate_qm_low;num_spikes_qm_low
HG,107,HG_unit107,27,18,0.0403,8.9738,,0.0403,0.1429,18,False,isi>0.02;n_spikes<100;fr<0.2;presence<0.8;firing_rate_qm_low;num_spikes_qm_low
HG,108,HG_unit108,22,85,0.1904,7.5001,,0.1904,0.2857,85,False,isi>0.02;n_spikes<100;fr<0.2;presence<0.8;firing_rate_qm_low;num_spikes_qm_low
HG,109,HG_unit109,31,54,0.121,6.5728,,0.121,0.1429,54,False,isi>0.02;n_spikes<100;fr<0.2;presence<0.8;firing_rate_qm_low;num_spikes_qm_low
HG,110,HG_unit110,23,32,0.0717,9.5067,,0.0717,0.2857,32,False,isi>0.02;n_spikes<100;fr<0.2;presence<0.8;firing_rate_qm_low;num_spikes_qm_low
HG,111,HG_unit111,22,82,0.1837,8.6585,,0.1837,0.4286,82,False,isi>0.02;n_spikes<100;fr<0.2;presence<0.8;firing_rate_qm_low;num_spikes_qm_low
HG,112,HG_unit112,31,26,0.0582,9.5818,,0.0582,0.1429,26,False,isi>0.02;n_spikes<100;fr<0.2;presence<0.8;firing_rate_qm_low;num_spikes_qm_low
HG,113,HG_unit113,22,30,0.0672,14.8885,,0.0672,0.1429,30,False,isi>0.02;n_spikes<100;fr<0.2;presence<0.8;firing_rate_qm_low;num_spikes_qm_low
HG,114,HG_unit114,31,15,0.0336,12.5908,,0.0336,0.1429,15,False,isi>0.02;n_spikes<100;fr<0.2;presence<0.8;firing_rate_qm_low;num_spikes_qm_low
HG,115,HG_unit115,23,51,0.1143,9.2994,,0.1143,0.2857,51,False,isi>0.02;n_spikes<100;fr<0.2;presence<0.8;firing_rate_qm_low;num_spikes_qm_low
HG,116,HG_unit116,19,26,0.0582,4.271,,0.0582,0.1429,26,False,snr<5.0;isi>0.02;n_spikes<100;fr<0.2;presence<0.8;firing_rate_qm_low;num_spikes_qm_low
HG,117,HG_unit117,29,18,0.0403,7.9146,,0.0403,0.1429,18,False,isi>0.02;n_spikes<100;fr<0.2;presence<0.8;firing_rate_qm_low;num_spikes_qm_low
HG,118,HG_unit118,31,52,0.1165,6.5248,,0.1165,0.1429,52,False,isi>0.02;n_spikes<100;fr<0.2;presence<0.8;firing_rate_qm_low;num_spikes_qm_low
HG,119,HG_unit119,19,22,0.0493,6.2765,,0.0493,0.1429,22,False,isi>0.02;n_spikes<100;fr<0.2;presence<0.8;firing_rate_qm_low;num_spikes_qm_low
HG,120,HG_unit120,22,20,0.0448,7.9077,,0.0448,0.1429,20,False,isi>0.02;n_spikes<100;fr<0.2;presence<0.8;firing_rate_qm_low;num_spikes_qm_low
HG,121,HG_unit121,31,30,0.0672,12.3508,,0.0672,0.1429,30,False,isi>0.02;n_spikes<100;fr<0.2;presence<0.8;firing_rate_qm_low;num_spikes_qm_low
HG,122,HG_unit122,22,23,0.0515,9.5681,,0.0515,0.1429,23,False,isi>0.02;n_spikes<100;fr<0.2;presence<0.8;firing_rate_qm_low;num_spikes_qm_low
HG,123,HG_unit123,22,26,0.0582,9.2678,,0.0582,0.2857,26,False,isi>0.02;n_spikes<100;fr<0.2;presence<0.8;firing_rate_qm_low;num_spikes_qm_low
HG,124,HG_unit124,20,66,0.1479,4.1384,,0.1479,0.4286,66,False,snr<5.0;isi>0.02;n_spikes<100;fr<0.2;presence<0.8;firing_rate_qm_low;num_spikes_qm_low
HG,125,HG_unit125,22,46,0.1031,8.1908,,0.1031,0.4286,46,False,isi>0.02;n_spikes<100;fr<0.2;presence<0.8;firing_rate_qm_low;num_spikes_qm_low
HG,126,HG_unit126,20,31,0.0694,2.2956,,0.0694,0.1429,31,False,snr<5.0;isi>0.02;n_spikes<100;fr<0.2;presence<0.8;firing_rate_qm_low;num_spikes_qm_low
HG,127,HG_unit127,19,19,0.0426,5.5685,,0.0426,0.1429,19,False,isi>0.02;n_spikes<100;fr<0.2;presence<0.8;firing_rate_qm_low;num_spikes_qm_low
HG,128,HG_unit128,22,107,0.2397,12.4343,,0.2397,0.1429,107,False,isi>0.02;presence<0.8
HG,129,HG_unit129,31,28,0.0627,12.244,,0.0627,0.1429,28,False,isi>0.02;n_spikes<100;fr<0.2;presence<0.8;firing_rate_qm_low;num_spikes_qm_low
HG,130,HG_unit130,23,34,0.0762,8.9539,,0.0762,0.2857,34,False,isi>0.02;n_spikes<100;fr<0.2;presence<0.8;firing_rate_qm_low;num_spikes_qm_low
HG,131,HG_unit131,21,39,0.0874,6.8807,,0.0874,0.1429,39,False,isi>0.02;n_spikes<100;fr<0.2;presence<0.8;firing_rate_qm_low;num_spikes_qm_low
HG,132,HG_unit132,31,45,0.1008,15.0236,,0.1008,0.1429,45,False,isi>0.02;n_spikes<100;fr<0.2;presence<0.8;firing_rate_qm_low;num_spikes_qm_low
HG,133,HG_unit133,31,25,0.056,15.4558,,0.056,0.1429,25,False,isi>0.02;n_spikes<100;fr<0.2;presence<0.8;firing_rate_qm_low;num_spikes_qm_low
HG,134,HG_unit134,19,75,0.168,4.6596,,0.168,0.2857,75,False,snr<5.0;isi>0.02;n_spikes<100;fr<0.2;presence<0.8;firing_rate_qm_low;num_spikes_qm_low
HG,135,HG_unit135,19,17,0.0381,5.8978,,0.0381,0.1429,17,False,isi>0.02;n_spikes<100;fr<0.2;presence<0.8;firing_rate_qm_low;num_spikes_qm_low
HG,136,HG_unit136,23,10,0.0224,15.4814,,0.0224,0.1429,10,False,isi>0.02;n_spikes<100;fr<0.2;presence<0.8;firing_rate_qm_low;num_spikes_qm_low
HG,137,HG_unit137,22,42,0.0941,8.6843,,0.0941,0.1429,42,False,isi>0.02;n_spikes<100;fr<0.2;presence<0.8;firing_rate_qm_low;num_spikes_qm_low
HG,138,HG_unit138,22,40,0.0896,8.045,,0.0896,0.1429,40,False,isi>0.02;n_spikes<100;fr<0.2;presence<0.8;firing_rate_qm_low;num_spikes_qm_low
HG,139,HG_unit139,19,55,0.1232,3.8364,,0.1232,0.2857,55,False,snr<5.0;isi>0.02;n_spikes<100;fr<0.2;presence<0.8;firing_rate_qm_low;num_spikes_qm_low
HG,140,HG_unit140,19,59,0.1322,5.4137,,0.1322,0.1429,59,False,isi>0.02;n_spikes<100;fr<0.2;presence<0.8;firing_rate_qm_low;num_spikes_qm_low
HG,141,HG_unit141,31,34,0.0762,7.1917,,0.0762,0.1429,34,False,isi>0.02;n_spikes<100;fr<0.2;presence<0.8;firing_rate_qm_low;num_spikes_qm_low
HG,142,HG_unit142,19,61,0.1367,6.0525,,0.1367,0.1429,61,False,isi>0.02;n_spikes<100;fr<0.2;presence<0.8;firing_rate_qm_low;num_spikes_qm_low
HG,143,HG_unit143,23,42,0.0941,13.6727,,0.0941,0.4286,42,False,isi>0.02;n_spikes<100;fr<0.2;presence<0.8;firing_rate_qm_low;num_spikes_qm_low
HG,144,HG_unit144,23,44,0.0986,13.7621,,0.0986,0.2857,44,False,isi>0.02;n_spikes<100;fr<0.2;presence<0.8;firing_rate_qm_low;num_spikes_qm_low
HG,145,HG_unit145,23,23,0.0515,11.0471,,0.0515,0.7143,23,False,isi>0.02;n_spikes<100;fr<0.2;presence<0.8;firing_rate_qm_low;num_spikes_qm_low
HG,146,HG_unit146,23,46,0.1031,15.5057,,0.1031,0.1429,46,False,isi>0.02;n_spikes<100;fr<0.2;presence<0.8;firing_rate_qm_low;num_spikes_qm_low
HG,147,HG_unit147,23,36,0.0806,18.3549,,0.0806,0.2857,36,False,isi>0.02;n_spikes<100;fr<0.2;presence<0.8;firing_rate_qm_low;num_spikes_qm_low
HG,148,HG_unit148,23,12,0.0269,48.9315,,0.0269,0.1429,12,False,isi>0.02;n_spikes<100;fr<0.2;presence<0.8;firing_rate_qm_low;num_spikes_qm_low
HG,149,HG_unit149,23,23,0.0515,16.5909,,0.0515,0.2857,23,False,isi>0.02;n_spikes<100;fr<0.2;presence<0.8;firing_rate_qm_low;num_spikes_qm_low
HG,150,HG_unit150,23,13,0.0291,22.4925,,0.0291,0.2857,13,False,isi>0.02;n_spikes<100;fr<0.2;presence<0.8;firing_rate_qm_low;num_spikes_qm_low
HG,151,HG_unit151,23,43,0.0963,12.8273,,0.0963,0.1429,43,False,isi>0.02;n_spikes<100;fr<0.2;presence<0.8;firing_rate_qm_low;num_spikes_qm_low
HG,152,HG_unit152,23,27,0.0605,21.9478,,0.0605,0.1429,27,False,isi>0.02;n_spikes<100;fr<0.2;presence<0.8;firing_rate_qm_low;num_spikes_qm_low
HG,153,HG_unit153,23,49,0.1098,13.9897,,0.1098,0.1429,49,False,isi>0.02;n_spikes<100;fr<0.2;presence<0.8;firing_rate_qm_low;num_spikes_qm_low
HG,154,HG_unit154,23,35,0.0784,12.7623,,0.0784,0.1429,35,False,isi>0.02;n_spikes<100;fr<0.2;presence<0.8;firing_rate_qm_low;num_spikes_qm_low
HG,155,HG_unit155,23,13,0.0291,14.9083,,0.0291,0.1429,13,False,isi>0.02;n_spikes<100;fr<0.2;presence<0.8;firing_rate_qm_low;num_spikes_qm_low
HG,156,HG_unit156,24,22,0.0493,8.29,,0.0493,0.5714,22,False,isi>0.02;n_spikes<100;fr<0.2;presence<0.8;firing_rate_qm_low;num_spikes_qm_low
HG,157,HG_unit157,24,25,0.056,6.5444,,0.056,0.1429,25,False,isi>0.02;n_spikes<100;fr<0.2;presence<0.8;firing_rate_qm_low;num_spikes_qm_low
HG,158,HG_unit158,31,26,0.0582,9.9259,,0.0582,0.1429,26,False,isi>0.02;n_spikes<100;fr<0.2;presence<0.8;firing_rate_qm_low;num_spikes_qm_low
HG,159,HG_unit159,24,37,0.0829,14.4367,,0.0829,0.1429,37,False,isi>0.02;n_spikes<100;fr<0.2;presence<0.8;firing_rate_qm_low;num_spikes_qm_low
HG,160,HG_unit160,24,31,0.0694,8.4787,,0.0694,0.1429,31,False,isi>0.02;n_spikes<100;fr<0.2;presence<0.8;firing_rate_qm_low;num_spikes_qm_low
HG,161,HG_unit161,24,59,0.1322,9.0381,,0.1322,0.2857,59,False,isi>0.02;n_spikes<100;fr<0.2;presence<0.8;firing_rate_qm_low;num_spikes_qm_low
HG,162,HG_unit162,24,78,0.1747,5.9445,,0.1747,0.4286,78,False,isi>0.02;n_spikes<100;fr<0.2;presence<0.8;firing_rate_qm_low;num_spikes_qm_low
HG,163,HG_unit163,24,125,0.28,6.7668,,0.28,0.8571,125,False,isi>0.02
HG,164,HG_unit164,24,53,0.1187,7.4475,,0.1187,0.4286,53,False,isi>0.02;n_spikes<100;fr<0.2;presence<0.8;firing_rate_qm_low;num_spikes_qm_low
HG,165,HG_unit165,19,20,0.0448,4.5476,,0.0448,0.1429,20,False,snr<5.0;isi>0.02;n_spikes<100;fr<0.2;presence<0.8;firing_rate_qm_low;num_spikes_qm_low
HG,166,HG_unit166,24,27,0.0605,5.6008,,0.0605,0.4286,27,False,isi>0.02;n_spikes<100;fr<0.2;presence<0.8;firing_rate_qm_low;num_spikes_qm_low
HG,167,HG_unit167,24,28,0.0627,6.8881,,0.0627,0.4286,28,False,isi>0.02;n_spikes<100;fr<0.2;presence<0.8;firing_rate_qm_low;num_spikes_qm_low
HG,168,HG_unit168,24,22,0.0493,6.996,,0.0493,0.1429,22,False,isi>0.02;n_spikes<100;fr<0.2;presence<0.8;firing_rate_qm_low;num_spikes_qm_low
HG,169,HG_unit169,24,22,0.0493,12.28,,0.0493,0.1429,22,False,isi>0.02;n_spikes<100;fr<0.2;presence<0.8;firing_rate_qm_low;num_spikes_qm_low
HG,170,HG_unit170,24,20,0.0448,6.6927,,0.0448,0.1429,20,False,isi>0.02;n_spikes<100;fr<0.2;presence<0.8;firing_rate_qm_low;num_spikes_qm_low
HG,171,HG_unit171,24,20,0.0448,10.1772,,0.0448,0.1429,20,False,isi>0.02;n_spikes<100;fr<0.2;presence<0.8;firing_rate_qm_low;num_spikes_qm_low
HG,172,HG_unit172,19,11,0.0246,4.2842,,0.0246,0.1429,11,False,snr<5.0;isi>0.02;n_spikes<100;fr<0.2;presence<0.8;firing_rate_qm_low;num_spikes_qm_low
HG,173,HG_unit173,24,21,0.047,9.2875,,0.047,0.1429,21,False,isi>0.02;n_spikes<100;fr<0.2;presence<0.8;firing_rate_qm_low;num_spikes_qm_low
HG,174,HG_unit174,29,43,0.0963,14.1416,,0.0963,0.1429,43,False,isi>0.02;n_spikes<100;fr<0.2;presence<0.8;firing_rate_qm_low;num_spikes_qm_low
HG,175,HG_unit175,29,26,0.0582,7.5335,,0.0582,0.2857,26,False,isi>0.02;n_spikes<100;fr<0.2;presence<0.8;firing_rate_qm_low;num_spikes_qm_low
HG,176,HG_unit176,24,95,0.2128,13.0214,,0.2128,0.1429,95,False,isi>0.02;n_spikes<100;presence<0.8;num_spikes_qm_low
HG,177,HG_unit177,24,71,0.1591,6.9083,,0.1591,0.2857,71,False,isi>0.02;n_spikes<100;fr<0.2;presence<0.8;firing_rate_qm_low;num_spikes_qm_low
HG,178,HG_unit178,24,40,0.0896,9.6211,,0.0896,0.1429,40,False,isi>0.02;n_spikes<100;fr<0.2;presence<0.8;firing_rate_qm_low;num_spikes_qm_low
HG,179,HG_unit179,24,36,0.0806,6.6387,,0.0806,0.1429,36,False,isi>0.02;n_spikes<100;fr<0.2;presence<0.8;firing_rate_qm_low;num_spikes_qm_low
HG,180,HG_unit180,24,19,0.0426,5.4728,,0.0426,0.2857,19,False,isi>0.02;n_spikes<100;fr<0.2;presence<0.8;firing_rate_qm_low;num_spikes_qm_low
HG,181,HG_unit181,24,20,0.0448,6.3557,,0.0448,0.1429,20,False,isi>0.02;n_spikes<100;fr<0.2;presence<0.8;firing_rate_qm_low;num_spikes_qm_low
HG,182,HG_unit182,24,23,0.0515,8.8359,,0.0515,0.1429,23,False,isi>0.02;n_spikes<100;fr<0.2;presence<0.8;firing_rate_qm_low;num_spikes_qm_low
HG,183,HG_unit183,29,28,0.0627,14.9301,,0.0627,0.1429,28,False,isi>0.02;n_spikes<100;fr<0.2;presence<0.8;firing_rate_qm_low;num_spikes_qm_low
HG,184,HG_unit184,24,38,0.0851,13.2101,,0.0851,0.1429,38,False,isi>0.02;n_spikes<100;fr<0.2;presence<0.8;firing_rate_qm_low;num_spikes_qm_low
HG,185,HG_unit185,24,32,0.0717,11.7846,,0.0717,0.1429,32,False,isi>0.02;n_spikes<100;fr<0.2;presence<0.8;firing_rate_qm_low;num_spikes_qm_low
HG,186,HG_unit186,24,44,0.0986,8.1013,,0.0986,0.1429,44,False,isi>0.02;n_spikes<100;fr<0.2;presence<0.8;firing_rate_qm_low;num_spikes_qm_low
HG,187,HG_unit187,24,11,0.0246,10.7433,,0.0246,0.1429,11,False,isi>0.02;n_spikes<100;fr<0.2;presence<0.8;firing_rate_qm_low;num_spikes_qm_low
HG,188,HG_unit188,31,21,0.047,12.4895,,0.047,0.1429,21,False,isi>0.02;n_spikes<100;fr<0.2;presence<0.8;firing_rate_qm_low;num_spikes_qm_low
HG,189,HG_unit189,31,14,0.0314,13.4898,,0.0314,0.2857,14,False,isi>0.02;n_spikes<100;fr<0.2;presence<0.8;firing_rate_qm_low;num_spikes_qm_low
HG,190,HG_unit190,21,54,0.121,5.3163,,0.121,0.2857,54,False,isi>0.02;n_spikes<100;fr<0.2;presence<0.8;firing_rate_qm_low;num_spikes_qm_low
HG,191,HG_unit191,31,89,0.1994,7.6185,,0.1994,0.4286,89,False,isi>0.02;n_spikes<100;fr<0.2;presence<0.8;firing_rate_qm_low;num_spikes_qm_low
HG,192,HG_unit192,24,25,0.056,11.9497,,0.056,0.2857,25,False,isi>0.02;n_spikes<100;fr<0.2;presence<0.8;firing_rate_qm_low;num_spikes_qm_low
HG,193,HG_unit193,27,123,0.2755,8.0192,,0.2755,0.5714,123,False,isi>0.02;presence<0.8
HG,194,HG_unit194,27,51,0.1143,13.1494,,0.1143,0.2857,51,False,isi>0.02;n_spikes<100;fr<0.2;presence<0.8;firing_rate_qm_low;num_spikes_qm_low
HG,195,HG_unit195,27,37,0.0829,8.1852,,0.0829,0.2857,37,False,isi>0.02;n_spikes<100;fr<0.2;presence<0.8;firing_rate_qm_low;num_spikes_qm_low
HG,196,HG_unit196,19,63,0.1411,4.0899,,0.1411,0.1429,63,False,snr<5.0;isi>0.02;n_spikes<100;fr<0.2;presence<0.8;firing_rate_qm_low;num_spikes_qm_low
HG,197,HG_unit197,27,82,0.1837,6.8985,,0.1837,0.5714,82,False,isi>0.02;n_spikes<100;fr<0.2;presence<0.8;firing_rate_qm_low;num_spikes_qm_low
HG,198,HG_unit198,27,73,0.1635,9.2063,,0.1635,0.4286,73,False,isi>0.02;n_spikes<100;fr<0.2;presence<0.8;firing_rate_qm_low;num_spikes_qm_low
HG,199,HG_unit199,27,553,1.2389,6.749,,1.2389,0.8571,553,False,isi>0.02
HG,200,HG_unit200,27,101,0.2263,8.3595,,0.2263,0.5714,101,False,isi>0.02;presence<0.8
HG,201,HG_unit201,27,41,0.0918,14.8927,,0.0918,0.4286,41,False,isi>0.02;n_spikes<100;fr<0.2;presence<0.8;firing_rate_qm_low;num_spikes_qm_low
HG,202,HG_unit202,29,20,0.0448,7.1755,,0.0448,0.2857,20,False,isi>0.02;n_spikes<100;fr<0.2;presence<0.8;firing_rate_qm_low;num_spikes_qm_low
HG,203,HG_unit203,27,32,0.0717,13.7139,,0.0717,0.2857,32,False,isi>0.02;n_spikes<100;fr<0.2;presence<0.8;firing_rate_qm_low;num_spikes_qm_low
HG,204,HG_unit204,27,19,0.0426,12.6098,,0.0426,0.1429,19,False,isi>0.02;n_spikes<100;fr<0.2;presence<0.8;firing_rate_qm_low;num_spikes_qm_low
HG,205,HG_unit205,27,37,0.0829,10.3851,,0.0829,0.1429,37,False,isi>0.02;n_spikes<100;fr<0.2;presence<0.8;firing_rate_qm_low;num_spikes_qm_low
HG,206,HG_unit206,27,31,0.0694,8.2267,,0.0694,0.2857,31,False,isi>0.02;n_spikes<100;fr<0.2;presence<0.8;firing_rate_qm_low;num_spikes_qm_low
HG,207,HG_unit207,27,25,0.056,31.7861,,0.056,0.1429,25,False,isi>0.02;n_spikes<100;fr<0.2;presence<0.8;firing_rate_qm_low;num_spikes_qm_low
HG,208,HG_unit208,27,11,0.0246,13.274,,0.0246,0.1429,11,False,isi>0.02;n_spikes<100;fr<0.2;presence<0.8;firing_rate_qm_low;num_spikes_qm_low
HG,209,HG_unit209,27,22,0.0493,9.0319,,0.0493,0.1429,22,False,isi>0.02;n_spikes<100;fr<0.2;presence<0.8;firing_rate_qm_low;num_spikes_qm_low
HG,210,HG_unit210,27,18,0.0403,8.7372,,0.0403,0.1429,18,False,isi>0.02;n_spikes<100;fr<0.2;presence<0.8;firing_rate_qm_low;num_spikes_qm_low
HG,211,HG_unit211,27,108,0.2419,7.2928,,0.2419,0.5714,108,False,isi>0.02;presence<0.8
HG,212,HG_unit212,27,72,0.1613,7.629,,0.1613,0.1429,72,False,isi>0.02;n_spikes<100;fr<0.2;presence<0.8;firing_rate_qm_low;num_spikes_qm_low
HG,213,HG_unit213,27,29,0.065,9.9368,,0.065,0.1429,29,False,isi>0.02;n_spikes<100;fr<0.2;presence<0.8;firing_rate_qm_low;num_spikes_qm_low
HG,214,HG_unit214,31,49,0.1098,12.7455,,0.1098,0.2857,49,False,isi>0.02;n_spikes<100;fr<0.2;presence<0.8;firing_rate_qm_low;num_spikes_qm_low
HG,215,HG_unit215,20,41,0.0918,5.4177,,0.0918,0.1429,41,False,isi>0.02;n_spikes<100;fr<0.2;presence<0.8;firing_rate_qm_low;num_spikes_qm_low
HG,216,HG_unit216,28,61,0.1367,5.6873,,0.1367,0.2857,61,False,isi>0.02;n_spikes<100;fr<0.2;presence<0.8;firing_rate_qm_low;num_spikes_qm_low
HG,217,HG_unit217,23,42,0.0941,9.5067,,0.0941,0.1429,42,False,isi>0.02;n_spikes<100;fr<0.2;presence<0.8;firing_rate_qm_low;num_spikes_qm_low
HG,218,HG_unit218,24,25,0.056,10.0424,,0.056,0.1429,25,False,isi>0.02;n_spikes<100;fr<0.2;presence<0.8;firing_rate_qm_low;num_spikes_qm_low
HG,219,HG_unit219,24,39,0.0874,8.9438,,0.0874,0.1429,39,False,isi>0.02;n_spikes<100;fr<0.2;presence<0.8;firing_rate_qm_low;num_spikes_qm_low
HG,220,HG_unit220,28,42,0.0941,11.1504,,0.0941,0.2857,42,False,isi>0.02;n_spikes<100;fr<0.2;presence<0.8;firing_rate_qm_low;num_spikes_qm_low
HG,221,HG_unit221,28,48,0.1075,10.0473,,0.1075,0.1429,48,False,isi>0.02;n_spikes<100;fr<0.2;presence<0.8;firing_rate_qm_low;num_spikes_qm_low
HG,222,HG_unit222,28,172,0.3853,4.1814,,0.3853,1.0,172,False,snr<5.0;isi>0.02
HG,223,HG_unit223,28,218,0.4884,4.9589,,0.4884,0.5714,218,False,snr<5.0;isi>0.02;presence<0.8
HG,224,HG_unit224,28,59,0.1322,9.1193,,0.1322,0.5714,59,False,isi>0.02;n_spikes<100;fr<0.2;presence<0.8;firing_rate_qm_low;num_spikes_qm_low
HG,225,HG_unit225,28,260,0.5825,7.6484,,0.5825,0.7143,260,False,isi>0.02;presence<0.8
HG,226,HG_unit226,28,46,0.1031,7.722,,0.1031,0.1429,46,False,isi>0.02;n_spikes<100;fr<0.2;presence<0.8;firing_rate_qm_low;num_spikes_qm_low
HG,227,HG_unit227,24,33,0.0739,7.5082,,0.0739,0.2857,33,False,isi>0.02;n_spikes<100;fr<0.2;presence<0.8;firing_rate_qm_low;num_spikes_qm_low
HG,228,HG_unit228,23,43,0.0963,13.9816,,0.0963,0.1429,43,False,isi>0.02;n_spikes<100;fr<0.2;presence<0.8;firing_rate_qm_low;num_spikes_qm_low
HG,229,HG_unit229,28,44,0.0986,8.2578,,0.0986,0.1429,44,False,isi>0.02;n_spikes<100;fr<0.2;presence<0.8;firing_rate_qm_low;num_spikes_qm_low
HG,230,HG_unit230,29,19,0.0426,7.9379,,0.0426,0.1429,19,False,isi>0.02;n_spikes<100;fr<0.2;presence<0.8;firing_rate_qm_low;num_spikes_qm_low
HG,231,HG_unit231,31,56,0.1255,8.5548,,0.1255,0.1429,56,False,isi>0.02;n_spikes<100;fr<0.2;presence<0.8;firing_rate_qm_low;num_spikes_qm_low
HG,232,HG_unit232,28,58,0.1299,7.6169,,0.1299,0.2857,58,False,isi>0.02;n_spikes<100;fr<0.2;presence<0.8;firing_rate_qm_low;num_spikes_qm_low
HG,233,HG_unit233,28,79,0.177,5.3231,,0.177,0.4286,79,False,isi>0.02;n_spikes<100;fr<0.2;presence<0.8;firing_rate_qm_low;num_spikes_qm_low
HG,234,HG_unit234,28,26,0.0582,12.0154,,0.0582,0.4286,26,False,isi>0.02;n_spikes<100;fr<0.2;presence<0.8;firing_rate_qm_low;num_spikes_qm_low
HG,235,HG_unit235,28,50,0.112,12.9575,,0.112,0.1429,50,False,isi>0.02;n_spikes<100;fr<0.2;presence<0.8;firing_rate_qm_low;num_spikes_qm_low
HG,236,HG_unit236,28,40,0.0896,14.1867,,0.0896,0.1429,40,False,isi>0.02;n_spikes<100;fr<0.2;presence<0.8;firing_rate_qm_low;num_spikes_qm_low
HG,237,HG_unit237,28,25,0.056,16.6556,,0.056,0.1429,25,False,isi>0.02;n_spikes<100;fr<0.2;presence<0.8;firing_rate_qm_low;num_spikes_qm_low
HG,238,HG_unit238,28,23,0.0515,19.3592,,0.0515,0.1429,23,False,isi>0.02;n_spikes<100;fr<0.2;presence<0.8;firing_rate_qm_low;num_spikes_qm_low
HG,239,HG_unit239,28,19,0.0426,17.1669,,0.0426,0.1429,19,False,isi>0.02;n_spikes<100;fr<0.2;presence<0.8;firing_rate_qm_low;num_spikes_qm_low
HG,240,HG_unit240,20,27,0.0605,10.8279,,0.0605,0.1429,27,False,isi>0.02;n_spikes<100;fr<0.2;presence<0.8;firing_rate_qm_low;num_spikes_qm_low
HG,241,HG_unit241,28,32,0.0717,12.6143,,0.0717,0.1429,32,False,isi>0.02;n_spikes<100;fr<0.2;presence<0.8;firing_rate_qm_low;num_spikes_qm_low
HG,242,HG_unit242,24,21,0.047,7.3532,,0.047,0.1429,21,False,isi>0.02;n_spikes<100;fr<0.2;presence<0.8;firing_rate_qm_low;num_spikes_qm_low
HG,243,HG_unit243,29,27,0.0605,9.6663,,0.0605,0.1429,27,False,isi>0.02;n_spikes<100;fr<0.2;presence<0.8;firing_rate_qm_low;num_spikes_qm_low
HG,244,HG_unit244,28,40,0.0896,12.1905,,0.0896,0.4286,40,False,isi>0.02;n_spikes<100;fr<0.2;presence<0.8;firing_rate_qm_low;num_spikes_qm_low
HG,245,HG_unit245,28,64,0.1434,14.7295,,0.1434,0.1429,64,False,isi>0.02;n_spikes<100;fr<0.2;presence<0.8;firing_rate_qm_low;num_spikes_qm_low
HG,246,HG_unit246,28,38,0.0851,9.2979,,0.0851,0.1429,38,False,isi>0.02;n_spikes<100;fr<0.2;presence<0.8;firing_rate_qm_low;num_spikes_qm_low
HG,247,HG_unit247,28,30,0.0672,6.8535,,0.0672,0.1429,30,False,isi>0.02;n_spikes<100;fr<0.2;presence<0.8;firing_rate_qm_low;num_spikes_qm_low
HG,248,HG_unit248,28,92,0.2061,8.0441,,0.2061,0.2857,92,False,isi>0.02;n_spikes<100;presence<0.8;num_spikes_qm_low
HG,249,HG_unit249,24,79,0.177,8.5124,,0.177,0.1429,79,False,isi>0.02;n_spikes<100;fr<0.2;presence<0.8;firing_rate_qm_low;num_spikes_qm_low
HG,250,HG_unit250,28,33,0.0739,8.3138,,0.0739,0.1429,33,False,isi>0.02;n_spikes<100;fr<0.2;presence<0.8;firing_rate_qm_low;num_spikes_qm_low
HG,251,HG_unit251,31,22,0.0493,7.4638,,0.0493,0.1429,22,False,isi>0.02;n_spikes<100;fr<0.2;presence<0.8;firing_rate_qm_low;num_spikes_qm_low
HG,252,HG_unit252,28,14,0.0314,15.7136,,0.0314,0.2857,14,False,isi>0.02;n_spikes<100;fr<0.2;presence<0.8;firing_rate_qm_low;num_spikes_qm_low
HG,253,HG_unit253,28,50,0.112,20.3713,,0.112,0.1429,50,False,isi>0.02;n_spikes<100;fr<0.2;presence<0.8;firing_rate_qm_low;num_spikes_qm_low
HG,254,HG_unit254,31,63,0.1411,7.2291,,0.1411,0.2857,63,False,isi>0.02;n_spikes<100;fr<0.2;presence<0.8;firing_rate_qm_low;num_spikes_qm_low
HG,255,HG_unit255,19,19,0.0426,5.7792,,0.0426,0.1429,19,False,isi>0.02;n_spikes<100;fr<0.2;presence<0.8;firing_rate_qm_low;num_spikes_qm_low
HG,256,HG_unit256,28,31,0.0694,6.1916,,0.0694,0.1429,31,False,isi>0.02;n_spikes<100;fr<0.2;presence<0.8;firing_rate_qm_low;num_spikes_qm_low
HG,257,HG_unit257,28,29,0.065,9.5395,,0.065,0.1429,29,False,isi>0.02;n_spikes<100;fr<0.2;presence<0.8;firing_rate_qm_low;num_spikes_qm_low
HG,258,HG_unit258,28,23,0.0515,18.0564,,0.0515,0.1429,23,False,isi>0.02;n_spikes<100;fr<0.2;presence<0.8;firing_rate_qm_low;num_spikes_qm_low
HG,259,HG_unit259,19,21,0.047,4.4917,,0.047,0.1429,21,False,snr<5.0;isi>0.02;n_spikes<100;fr<0.2;presence<0.8;firing_rate_qm_low;num_spikes_qm_low
HG,260,HG_unit260,19,42,0.0941,4.2661,,0.0941,0.1429,42,False,snr<5.0;isi>0.02;n_spikes<100;fr<0.2;presence<0.8;firing_rate_qm_low;num_spikes_qm_low
HG,261,HG_unit261,19,37,0.0829,4.765,,0.0829,0.1429,37,False,snr<5.0;isi>0.02;n_spikes<100;fr<0.2;presence<0.8;firing_rate_qm_low;num_spikes_qm_low
HG,262,HG_unit262,19,39,0.0874,10.5705,,0.0874,0.2857,39,False,isi>0.02;n_spikes<100;fr<0.2;presence<0.8;firing_rate_qm_low;num_spikes_qm_low
HG,263,HG_unit263,28,44,0.0986,10.352,,0.0986,0.2857,44,False,isi>0.02;n_spikes<100;fr<0.2;presence<0.8;firing_rate_qm_low;num_spikes_qm_low
HG,264,HG_unit264,28,41,0.0918,12.5232,,0.0918,0.1429,41,False,isi>0.02;n_spikes<100;fr<0.2;presence<0.8;firing_rate_qm_low;num_spikes_qm_low
HG,265,HG_unit265,28,41,0.0918,13.0625,,0.0918,0.1429,41,False,isi>0.02;n_spikes<100;fr<0.2;presence<0.8;firing_rate_qm_low;num_spikes_qm_low
HG,266,HG_unit266,28,31,0.0694,19.2401,,0.0694,0.1429,31,False,isi>0.02;n_spikes<100;fr<0.2;presence<0.8;firing_rate_qm_low;num_spikes_qm_low
HG,267,HG_unit267,28,39,0.0874,19.9475,,0.0874,0.1429,39,False,isi>0.02;n_spikes<100;fr<0.2;presence<0.8;firing_rate_qm_low;num_spikes_qm_low
HG,268,HG_unit268,28,75,0.168,12.0259,,0.168,0.2857,75,False,isi>0.02;n_spikes<100;fr<0.2;presence<0.8;firing_rate_qm_low;num_spikes_qm_low
HG,269,HG_unit269,28,30,0.0672,14.5194,,0.0672,0.1429,30,False,isi>0.02;n_spikes<100;fr<0.2;presence<0.8;firing_rate_qm_low;num_spikes_qm_low
HG,270,HG_unit270,28,27,0.0605,14.9396,,0.0605,0.1429,27,False,isi>0.02;n_spikes<100;fr<0.2;presence<0.8;firing_rate_qm_low;num_spikes_qm_low
HG,271,HG_unit271,28,21,0.047,13.2447,,0.047,0.1429,21,False,isi>0.02;n_spikes<100;fr<0.2;presence<0.8;firing_rate_qm_low;num_spikes_qm_low
HG,272,HG_unit272,28,48,0.1075,18.9494,,0.1075,0.1429,48,False,isi>0.02;n_spikes<100;fr<0.2;presence<0.8;firing_rate_qm_low;num_spikes_qm_low
HG,273,HG_unit273,29,23,0.0515,13.5422,,0.0515,0.1429,23,False,isi>0.02;n_spikes<100;fr<0.2;presence<0.8;firing_rate_qm_low;num_spikes_qm_low
HG,274,HG_unit274,20,36,0.0806,3.3476,,0.0806,0.4286,36,False,snr<5.0;isi>0.02;n_spikes<100;fr<0.2;presence<0.8;firing_rate_qm_low;num_spikes_qm_low
HG,275,HG_unit275,23,14,0.0314,8.5271,,0.0314,0.1429,14,False,isi>0.02;n_spikes<100;fr<0.2;presence<0.8;firing_rate_qm_low;num_spikes_qm_low
HG,276,HG_unit276,28,35,0.0784,5.7503,,0.0784,0.1429,35,False,isi>0.02;n_spikes<100;fr<0.2;presence<0.8;firing_rate_qm_low;num_spikes_qm_low
HG,277,HG_unit277,19,40,0.0896,3.3869,,0.0896,0.2857,40,False,snr<5.0;isi>0.02;n_spikes<100;fr<0.2;presence<0.8;firing_rate_qm_low;num_spikes_qm_low
HG,278,HG_unit278,29,24,0.0538,7.1028,,0.0538,0.5714,24,False,isi>0.02;n_spikes<100;fr<0.2;presence<0.8;firing_rate_qm_low;num_spikes_qm_low
HG,279,HG_unit279,29,21,0.047,23.4995,,0.047,0.1429,21,False,isi>0.02;n_spikes<100;fr<0.2;presence<0.8;firing_rate_qm_low;num_spikes_qm_low
HG,280,HG_unit280,29,74,0.1658,7.5393,,0.1658,0.1429,74,False,isi>0.02;n_spikes<100;fr<0.2;presence<0.8;firing_rate_qm_low;num_spikes_qm_low
HG,281,HG_unit281,29,26,0.0582,7.0883,,0.0582,0.1429,26,False,isi>0.02;n_spikes<100;fr<0.2;presence<0.8;firing_rate_qm_low;num_spikes_qm_low
HG,282,HG_unit282,23,11,0.0246,12.9005,,0.0246,0.1429,11,False,isi>0.02;n_spikes<100;fr<0.2;presence<0.8;firing_rate_qm_low;num_spikes_qm_low
HG,283,HG_unit283,29,24,0.0538,18.4073,,0.0538,0.1429,24,False,isi>0.02;n_spikes<100;fr<0.2;presence<0.8;firing_rate_qm_low;num_spikes_qm_low
HG,284,HG_unit284,29,276,0.6183,6.0116,,0.6183,0.8571,276,False,isi>0.02
HG,285,HG_unit285,29,22,0.0493,8.4588,,0.0493,0.5714,22,False,isi>0.02;n_spikes<100;fr<0.2;presence<0.8;firing_rate_qm_low;num_spikes_qm_low
HG,286,HG_unit286,29,17,0.0381,5.4762,,0.0381,0.2857,17,False,isi>0.02;n_spikes<100;fr<0.2;presence<0.8;firing_rate_qm_low;num_spikes_qm_low
HG,287,HG_unit287,29,21,0.047,15.3404,,0.047,0.1429,21,False,isi>0.02;n_spikes<100;fr<0.2;presence<0.8;firing_rate_qm_low;num_spikes_qm_low
HG,288,HG_unit288,29,15,0.0336,19.03,,0.0336,0.1429,15,False,isi>0.02;n_spikes<100;fr<0.2;presence<0.8;firing_rate_qm_low;num_spikes_qm_low
HG,289,HG_unit289,29,25,0.056,20.549,,0.056,0.1429,25,False,isi>0.02;n_spikes<100;fr<0.2;presence<0.8;firing_rate_qm_low;num_spikes_qm_low
HG,290,HG_unit290,19,21,0.047,4.7222,,0.047,0.2857,21,False,snr<5.0;isi>0.02;n_spikes<100;fr<0.2;presence<0.8;firing_rate_qm_low;num_spikes_qm_low
HG,291,HG_unit291,19,11,0.0246,3.5136,,0.0246,0.1429,11,False,snr<5.0;isi>0.02;n_spikes<100;fr<0.2;presence<0.8;firing_rate_qm_low;num_spikes_qm_low
HG,292,HG_unit292,29,38,0.0851,6.8031,,0.0851,0.4286,38,False,isi>0.02;n_spikes<100;fr<0.2;presence<0.8;firing_rate_qm_low;num_spikes_qm_low
HG,293,HG_unit293,29,16,0.0358,12.4597,,0.0358,0.1429,16,False,isi>0.02;n_spikes<100;fr<0.2;presence<0.8;firing_rate_qm_low;num_spikes_qm_low
HG,294,HG_unit294,29,22,0.0493,13.9117,,0.0493,0.1429,22,False,isi>0.02;n_spikes<100;fr<0.2;presence<0.8;firing_rate_qm_low;num_spikes_qm_low
HG,295,HG_unit295,23,33,0.0739,22.0129,,0.0739,0.1429,33,False,isi>0.02;n_spikes<100;fr<0.2;presence<0.8;firing_rate_qm_low;num_spikes_qm_low
HG,296,HG_unit296,29,19,0.0426,20.4617,,0.0426,0.1429,19,False,isi>0.02;n_spikes<100;fr<0.2;presence<0.8;firing_rate_qm_low;num_spikes_qm_low
HG,297,HG_unit297,29,37,0.0829,5.2434,,0.0829,0.4286,37,False,isi>0.02;n_spikes<100;fr<0.2;presence<0.8;firing_rate_qm_low;num_spikes_qm_low
HG,298,HG_unit298,29,57,0.1277,5.2551,,0.1277,0.4286,57,False,isi>0.02;n_spikes<100;fr<0.2;presence<0.8;firing_rate_qm_low;num_spikes_qm_low
HG,299,HG_unit299,29,32,0.0717,24.3986,,0.0717,0.1429,32,False,isi>0.02;n_spikes<100;fr<0.2;presence<0.8;firing_rate_qm_low;num_spikes_qm_low
HG,300,HG_unit300,29,42,0.0941,9.0669,,0.0941,0.1429,42,False,isi>0.02;n_spikes<100;fr<0.2;presence<0.8;firing_rate_qm_low;num_spikes_qm_low
HG,301,HG_unit301,29,36,0.0806,7.4374,,0.0806,0.4286,36,False,isi>0.02;n_spikes<100;fr<0.2;presence<0.8;firing_rate_qm_low;num_spikes_qm_low
HG,302,HG_unit302,29,24,0.0538,8.5664,,0.0538,0.1429,24,False,isi>0.02;n_spikes<100;fr<0.2;presence<0.8;firing_rate_qm_low;num_spikes_qm_low
HG,303,HG_unit303,29,22,0.0493,9.3783,,0.0493,0.1429,22,False,isi>0.02;n_spikes<100;fr<0.2;presence<0.8;firing_rate_qm_low;num_spikes_qm_low
HG,304,HG_unit304,29,39,0.0874,8.1474,,0.0874,0.2857,39,False,isi>0.02;n_spikes<100;fr<0.2;presence<0.8;firing_rate_qm_low;num_spikes_qm_low
HG,305,HG_unit305,29,11,0.0246,10.8361,,0.0246,0.1429,11,False,isi>0.02;n_spikes<100;fr<0.2;presence<0.8;firing_rate_qm_low;num_spikes_qm_low
HG,306,HG_unit306,29,14,0.0314,8.613,,0.0314,0.1429,14,False,isi>0.02;n_spikes<100;fr<0.2;presence<0.8;firing_rate_qm_low;num_spikes_qm_low
HG,307,HG_unit307,29,49,0.1098,8.9098,,0.1098,0.5714,49,False,isi>0.02;n_spikes<100;fr<0.2;presence<0.8;firing_rate_qm_low;num_spikes_qm_low
HG,308,HG_unit308,29,28,0.0627,5.7672,,0.0627,0.2857,28,False,isi>0.02;n_spikes<100;fr<0.2;presence<0.8;firing_rate_qm_low;num_spikes_qm_low
HG,309,HG_unit309,29,35,0.0784,9.4161,,0.0784,0.1429,35,False,isi>0.02;n_spikes<100;fr<0.2;presence<0.8;firing_rate_qm_low;num_spikes_qm_low
HG,310,HG_unit310,29,26,0.0582,4.8797,,0.0582,0.2857,26,False,snr<5.0;isi>0.02;n_spikes<100;fr<0.2;presence<0.8;firing_rate_qm_low;num_spikes_qm_low
HG,311,HG_unit311,20,37,0.0829,5.8009,,0.0829,0.1429,37,False,isi>0.02;n_spikes<100;fr<0.2;presence<0.8;firing_rate_qm_low;num_spikes_qm_low
HG,312,HG_unit312,19,24,0.0538,12.4443,,0.0538,0.1429,24,False,isi>0.02;n_spikes<100;fr<0.2;presence<0.8;firing_rate_qm_low;num_spikes_qm_low
HG,313,HG_unit313,23,56,0.1255,10.2748,,0.1255,0.1429,56,False,isi>0.02;n_spikes<100;fr<0.2;presence<0.8;firing_rate_qm_low;num_spikes_qm_low
HG,314,HG_unit314,20,32,0.0717,3.1484,,0.0717,0.1429,32,False,snr<5.0;isi>0.02;n_spikes<100;fr<0.2;presence<0.8;firing_rate_qm_low;num_spikes_qm_low
HG,315,HG_unit315,23,84,0.1882,13.2947,,0.1882,0.1429,84,False,isi>0.02;n_spikes<100;fr<0.2;presence<0.8;firing_rate_qm_low;num_spikes_qm_low
HG,316,HG_unit316,30,251,0.5623,5.7109,,0.5623,0.8571,251,False,isi>0.02
HG,317,HG_unit317,24,23,0.0515,5.6817,,0.0515,0.1429,23,False,isi>0.02;n_spikes<100;fr<0.2;presence<0.8;firing_rate_qm_low;num_spikes_qm_low
HG,318,HG_unit318,31,19,0.0426,4.9723,,0.0426,0.1429,19,False,snr<5.0;isi>0.02;n_spikes<100;fr<0.2;presence<0.8;firing_rate_qm_low;num_spikes_qm_low
HG,319,HG_unit319,24,18,0.0403,6.0423,,0.0403,0.1429,18,False,isi>0.02;n_spikes<100;fr<0.2;presence<0.8;firing_rate_qm_low;num_spikes_qm_low
HG,320,HG_unit320,24,57,0.1277,6.2681,,0.1277,0.1429,57,False,isi>0.02;n_spikes<100;fr<0.2;presence<0.8;firing_rate_qm_low;num_spikes_qm_low
HG,321,HG_unit321,24,15,0.0336,8.3035,,0.0336,0.1429,15,False,isi>0.02;n_spikes<100;fr<0.2;presence<0.8;firing_rate_qm_low;num_spikes_qm_low
HG,322,HG_unit322,29,35,0.0784,6.0,,0.0784,0.1429,35,False,isi>0.02;n_spikes<100;fr<0.2;presence<0.8;firing_rate_qm_low;num_spikes_qm_low
HG,323,HG_unit323,20,22,0.0493,5.0514,,0.0493,0.2857,22,False,isi>0.02;n_spikes<100;fr<0.2;presence<0.8;firing_rate_qm_low;num_spikes_qm_low
HG,324,HG_unit324,20,27,0.0605,7.0032,,0.0605,0.1429,27,False,isi>0.02;n_spikes<100;fr<0.2;presence<0.8;firing_rate_qm_low;num_spikes_qm_low
HG,325,HG_unit325,30,107,0.2397,6.0967,,0.2397,0.5714,107,False,isi>0.02;presence<0.8
HG,326,HG_unit326,31,57,0.1277,14.0793,,0.1277,0.2857,57,False,isi>0.02;n_spikes<100;fr<0.2;presence<0.8;firing_rate_qm_low;num_spikes_qm_low
HG,327,HG_unit327,29,63,0.1411,4.5975,,0.1411,0.2857,63,False,snr<5.0;isi>0.02;n_spikes<100;fr<0.2;presence<0.8;firing_rate_qm_low;num_spikes_qm_low
HG,328,HG_unit328,19,46,0.1031,5.1766,,0.1031,0.2857,46,False,isi>0.02;n_spikes<100;fr<0.2;presence<0.8;firing_rate_qm_low;num_spikes_qm_low
HG,329,HG_unit329,20,27,0.0605,6.4659,,0.0605,0.1429,27,False,isi>0.02;n_spikes<100;fr<0.2;presence<0.8;firing_rate_qm_low;num_spikes_qm_low
HG,330,HG_unit330,24,27,0.0605,11.6869,,0.0605,0.1429,27,False,isi>0.02;n_spikes<100;fr<0.2;presence<0.8;firing_rate_qm_low;num_spikes_qm_low
HG,331,HG_unit331,29,46,0.1031,5.7352,,0.1031,0.4286,46,False,isi>0.02;n_spikes<100;fr<0.2;presence<0.8;firing_rate_qm_low;num_spikes_qm_low
HG,332,HG_unit332,19,39,0.0874,2.012,,0.0874,0.4286,39,False,snr<5.0;isi>0.02;n_spikes<100;fr<0.2;presence<0.8;firing_rate_qm_low;num_spikes_qm_low
HG,333,HG_unit333,30,34,0.0762,9.5789,,0.0762,0.1429,34,False,isi>0.02;n_spikes<100;fr<0.2;presence<0.8;firing_rate_qm_low;num_spikes_qm_low
HG,334,HG_unit334,31,22,0.0493,7.7652,,0.0493,0.1429,22,False,isi>0.02;n_spikes<100;fr<0.2;presence<0.8;firing_rate_qm_low;num_spikes_qm_low
HG,335,HG_unit335,30,77,0.1725,8.1539,,0.1725,0.4286,77,False,isi>0.02;n_spikes<100;fr<0.2;presence<0.8;firing_rate_qm_low;num_spikes_qm_low
HG,336,HG_unit336,30,25,0.056,16.8435,,0.056,0.1429,25,False,isi>0.02;n_spikes<100;fr<0.2;presence<0.8;firing_rate_qm_low;num_spikes_qm_low
HG,337,HG_unit337,19,45,0.1008,5.0548,,0.1008,0.2857,45,False,isi>0.02;n_spikes<100;fr<0.2;presence<0.8;firing_rate_qm_low;num_spikes_qm_low
HG,338,HG_unit338,31,28,0.0627,14.026,,0.0627,0.1429,28,False,isi>0.02;n_spikes<100;fr<0.2;presence<0.8;firing_rate_qm_low;num_spikes_qm_low
HG,339,HG_unit339,31,22,0.0493,10.9823,,0.0493,0.2857,22,False,isi>0.02;n_spikes<100;fr<0.2;presence<0.8;firing_rate_qm_low;num_spikes_qm_low
HG,340,HG_unit340,31,40,0.0896,11.3157,,0.0896,0.1429,40,False,isi>0.02;n_spikes<100;fr<0.2;presence<0.8;firing_rate_qm_low;num_spikes_qm_low
HG,341,HG_unit341,31,43,0.0963,13.0923,,0.0963,0.2857,43,False,isi>0.02;n_spikes<100;fr<0.2;presence<0.8;firing_rate_qm_low;num_spikes_qm_low
HG,342,HG_unit342,31,26,0.0582,12.8843,,0.0582,0.2857,26,False,isi>0.02;n_spikes<100;fr<0.2;presence<0.8;firing_rate_qm_low;num_spikes_qm_low
HG,343,HG_unit343,31,29,0.065,10.5688,,0.065,0.1429,29,False,isi>0.02;n_spikes<100;fr<0.2;presence<0.8;firing_rate_qm_low;num_spikes_qm_low
HG,344,HG_unit344,31,10,0.0224,17.4804,,0.0224,0.1429,10,False,isi>0.02;n_spikes<100;fr<0.2;presence<0.8;firing_rate_qm_low;num_spikes_qm_low
HG,345,HG_unit345,31,36,0.0806,15.0183,,0.0806,0.1429,36,False,isi>0.02;n_spikes<100;fr<0.2;presence<0.8;firing_rate_qm_low;num_spikes_qm_low
HG,346,HG_unit346,31,26,0.0582,14.3674,,0.0582,0.1429,26,False,isi>0.02;n_spikes<100;fr<0.2;presence<0.8;firing_rate_qm_low;num_spikes_qm_low
HG,347,HG_unit347,31,49,0.1098,10.3821,,0.1098,0.1429,49,False,isi>0.02;n_spikes<100;fr<0.2;presence<0.8;firing_rate_qm_low;num_spikes_qm_low
HG,348,HG_unit348,23,19,0.0426,15.9163,,0.0426,0.1429,19,False,isi>0.02;n_spikes<100;fr<0.2;presence<0.8;firing_rate_qm_low;num_spikes_qm_low
HG,349,HG_unit349,31,19,0.0426,9.7632,,0.0426,0.1429,19,False,isi>0.02;n_spikes<100;fr<0.2;presence<0.8;firing_rate_qm_low;num_spikes_qm_low
HG,350,HG_unit350,31,75,0.168,9.2831,,0.168,0.4286,75,False,isi>0.02;n_spikes<100;fr<0.2;presence<0.8;firing_rate_qm_low;num_spikes_qm_low
HG,351,HG_unit351,31,78,0.1747,8.2214,,0.1747,0.5714,78,False,isi>0.02;n_spikes<100;fr<0.2;presence<0.8;firing_rate_qm_low;num_spikes_qm_low
HG,352,HG_unit352,31,42,0.0941,9.211,,0.0941,0.4286,42,False,isi>0.02;n_spikes<100;fr<0.2;presence<0.8;firing_rate_qm_low;num_spikes_qm_low
HG,353,HG_unit353,31,20,0.0448,13.207,,0.0448,0.2857,20,False,isi>0.02;n_spikes<100;fr<0.2;presence<0.8;firing_rate_qm_low;num_spikes_qm_low
HG,354,HG_unit354,31,75,0.168,10.7449,,0.168,0.4286,75,False,isi>0.02;n_spikes<100;fr<0.2;presence<0.8;firing_rate_qm_low;num_spikes_qm_low
HG,355,HG_unit355,31,124,0.2778,9.8032,,0.2778,0.4286,124,False,isi>0.02;presence<0.8
HG,356,HG_unit356,31,68,0.1523,9.2217,,0.1523,0.4286,68,False,isi>0.02;n_spikes<100;fr<0.2;presence<0.8;firing_rate_qm_low;num_spikes_qm_low
HG,357,HG_unit357,31,72,0.1613,8.048,,0.1613,0.5714,72,False,isi>0.02;n_spikes<100;fr<0.2;presence<0.8;firing_rate_qm_low;num_spikes_qm_low
HG,358,HG_unit358,31,25,0.056,7.6559,,0.056,0.1429,25,False,isi>0.02;n_spikes<100;fr<0.2;presence<0.8;firing_rate_qm_low;num_spikes_qm_low
HG,359,HG_unit359,31,40,0.0896,8.8376,,0.0896,0.4286,40,False,isi>0.02;n_spikes<100;fr<0.2;presence<0.8;firing_rate_qm_low;num_spikes_qm_low
HG,360,HG_unit360,31,31,0.0694,10.6809,,0.0694,0.1429,31,False,isi>0.02;n_spikes<100;fr<0.2;presence<0.8;firing_rate_qm_low;num_spikes_qm_low
HG,361,HG_unit361,31,75,0.168,7.9706,,0.168,0.1429,75,False,isi>0.02;n_spikes<100;fr<0.2;presence<0.8;firing_rate_qm_low;num_spikes_qm_low
HG,362,HG_unit362,31,42,0.0941,12.204,,0.0941,0.2857,42,False,isi>0.02;n_spikes<100;fr<0.2;presence<0.8;firing_rate_qm_low;num_spikes_qm_low
HG,363,HG_unit363,19,32,0.0717,4.788,,0.0717,0.1429,32,False,snr<5.0;isi>0.02;n_spikes<100;fr<0.2;presence<0.8;firing_rate_qm_low;num_spikes_qm_low
HG,364,HG_unit364,31,46,0.1031,10.4648,,0.1031,0.5714,46,False,isi>0.02;n_spikes<100;fr<0.2;presence<0.8;firing_rate_qm_low;num_spikes_qm_low
HG,365,HG_unit365,31,37,0.0829,8.7175,,0.0829,0.4286,37,False,isi>0.02;n_spikes<100;fr<0.2;presence<0.8;firing_rate_qm_low;num_spikes_qm_low
HG,366,HG_unit366,31,24,0.0538,10.5422,,0.0538,0.4286,24,False,isi>0.02;n_spikes<100;fr<0.2;presence<0.8;firing_rate_qm_low;num_spikes_qm_low
HG,367,HG_unit367,31,23,0.0515,12.2867,,0.0515,0.1429,23,False,isi>0.02;n_spikes<100;fr<0.2;presence<0.8;firing_rate_qm_low;num_spikes_qm_low
HG,368,HG_unit368,31,27,0.0605,12.6815,,0.0605,0.1429,27,False,isi>0.02;n_spikes<100;fr<0.2;presence<0.8;firing_rate_qm_low;num_spikes_qm_low
HG,369,HG_unit369,31,55,0.1232,10.3608,,0.1232,0.1429,55,False,isi>0.02;n_spikes<100;fr<0.2;presence<0.8;firing_rate_qm_low;num_spikes_qm_low
HG,370,HG_unit370,31,30,0.0672,8.008,,0.0672,0.1429,30,False,isi>0.02;n_spikes<100;fr<0.2;presence<0.8;firing_rate_qm_low;num_spikes_qm_low
HG,371,HG_unit371,31,23,0.0515,6.925,,0.0515,0.1429,23,False,isi>0.02;n_spikes<100;fr<0.2;presence<0.8;firing_rate_qm_low;num_spikes_qm_low
HG,372,HG_unit372,31,101,0.2263,9.4591,,0.2263,0.2857,101,False,isi>0.02;presence<0.8
HG,373,HG_unit373,31,23,0.0515,12.4414,,0.0515,0.2857,23,False,isi>0.02;n_spikes<100;fr<0.2;presence<0.8;firing_rate_qm_low;num_spikes_qm_low
HG,374,HG_unit374,31,33,0.0739,12.2601,,0.0739,0.1429,33,False,isi>0.02;n_spikes<100;fr<0.2;presence<0.8;firing_rate_qm_low;num_spikes_qm_low
HG,375,HG_unit375,32,25,0.056,6.2031,,0.056,0.5714,25,False,isi>0.02;n_spikes<100;fr<0.2;presence<0.8;firing_rate_qm_low;num_spikes_qm_low
HG,376,HG_unit376,27,22,0.0493,5.4831,,0.0493,0.1429,22,False,isi>0.02;n_spikes<100;fr<0.2;presence<0.8;firing_rate_qm_low;num_spikes_qm_low
HG,377,HG_unit377,22,29,0.065,18.9647,,0.065,0.1429,29,False,isi>0.02;n_spikes<100;fr<0.2;presence<0.8;firing_rate_qm_low;num_spikes_qm_low
HG,378,HG_unit378,19,55,0.1232,6.1843,,0.1232,0.1429,55,False,isi>0.02;n_spikes<100;fr<0.2;presence<0.8;firing_rate_qm_low;num_spikes_qm_low
HG,379,HG_unit379,19,31,0.0694,5.5388,,0.0694,0.1429,31,False,isi>0.02;n_spikes<100;fr<0.2;presence<0.8;firing_rate_qm_low;num_spikes_qm_low
HG,380,HG_unit380,19,13,0.0291,7.0009,,0.0291,0.1429,13,False,isi>0.02;n_spikes<100;fr<0.2;presence<0.8;firing_rate_qm_low;num_spikes_qm_low
HG,381,HG_unit381,19,43,0.0963,5.1206,,0.0963,0.1429,43,False,isi>0.02;n_spikes<100;fr<0.2;presence<0.8;firing_rate_qm_low;num_spikes_qm_low
HG,382,HG_unit382,19,21,0.047,4.9329,,0.047,0.1429,21,False,snr<5.0;isi>0.02;n_spikes<100;fr<0.2;presence<0.8;firing_rate_qm_low;num_spikes_qm_low
HG,383,HG_unit383,19,23,0.0515,4.7584,,0.0515,0.1429,23,False,snr<5.0;isi>0.02;n_spikes<100;fr<0.2;presence<0.8;firing_rate_qm_low;num_spikes_qm_low
VMPFC,1,VMPFC_unit1,49,6,0.0134,22.1308,,0.0134,0.2857,6,False,isi>0.02;n_spikes<100;fr<0.2;presence<0.8;firing_rate_qm_low;num_spikes_qm_low
VMPFC,2,VMPFC_unit2,51,25,0.056,11.3961,,0.056,0.2857,25,False,isi>0.02;n_spikes<100;fr<0.2;presence<0.8;firing_rate_qm_low;num_spikes_qm_low
VMPFC,3,VMPFC_unit3,51,76,0.1703,13.6912,,0.1703,0.2857,76,False,isi>0.02;n_spikes<100;fr<0.2;presence<0.8;firing_rate_qm_low;num_spikes_qm_low
VMPFC,4,VMPFC_unit4,51,28,0.0627,10.4378,,0.0627,0.1429,28,False,isi>0.02;n_spikes<100;fr<0.2;presence<0.8;firing_rate_qm_low;num_spikes_qm_low
VMPFC,5,VMPFC_unit5,51,75,0.168,13.0259,,0.168,0.4286,75,False,isi>0.02;n_spikes<100;fr<0.2;presence<0.8;firing_rate_qm_low;num_spikes_qm_low
VMPFC,6,VMPFC_unit6,51,44,0.0986,20.6833,,0.0986,0.2857,44,False,isi>0.02;n_spikes<100;fr<0.2;presence<0.8;firing_rate_qm_low;num_spikes_qm_low
VMPFC,7,VMPFC_unit7,51,50,0.112,15.5865,,0.112,0.1429,50,False,isi>0.02;n_spikes<100;fr<0.2;presence<0.8;firing_rate_qm_low;num_spikes_qm_low
VMPFC,8,VMPFC_unit8,51,32,0.0717,16.2488,,0.0717,0.1429,32,False,isi>0.02;n_spikes<100;fr<0.2;presence<0.8;firing_rate_qm_low;num_spikes_qm_low
VMPFC,9,VMPFC_unit9,51,112,0.2509,16.8958,,0.2509,0.5714,112,False,isi>0.02;presence<0.8
VMPFC,10,VMPFC_unit10,51,29,0.065,16.0901,,0.065,0.2857,29,False,isi>0.02;n_spikes<100;fr<0.2;presence<0.8;firing_rate_qm_low;num_spikes_qm_low
VMPFC,11,VMPFC_unit11,51,53,0.1187,20.1309,,0.1187,0.2857,53,False,isi>0.02;n_spikes<100;fr<0.2;presence<0.8;firing_rate_qm_low;num_spikes_qm_low
VMPFC,12,VMPFC_unit12,51,36,0.0806,16.5326,,0.0806,0.2857,36,False,isi>0.02;n_spikes<100;fr<0.2;presence<0.8;firing_rate_qm_low;num_spikes_qm_low
VMPFC,13,VMPFC_unit13,51,27,0.0605,19.252,,0.0605,0.1429,27,False,isi>0.02;n_spikes<100;fr<0.2;presence<0.8;firing_rate_qm_low;num_spikes_qm_low
VMPFC,14,VMPFC_unit14,51,49,0.1098,19.4473,,0.1098,0.2857,49,False,isi>0.02;n_spikes<100;fr<0.2;presence<0.8;firing_rate_qm_low;num_spikes_qm_low
VMPFC,15,VMPFC_unit15,51,25,0.056,15.7544,,0.056,0.1429,25,False,isi>0.02;n_spikes<100;fr<0.2;presence<0.8;firing_rate_qm_low;num_spikes_qm_low
VMPFC,16,VMPFC_unit16,51,23,0.0515,12.5498,,0.0515,0.2857,23,False,isi>0.02;n_spikes<100;fr<0.2;presence<0.8;firing_rate_qm_low;num_spikes_qm_low
VMPFC,17,VMPFC_unit17,51,29,0.065,20.7841,,0.065,0.1429,29,False,isi>0.02;n_spikes<100;fr<0.2;presence<0.8;firing_rate_qm_low;num_spikes_qm_low
VMPFC,18,VMPFC_unit18,51,11,0.0246,17.5489,,0.0246,0.1429,11,False,isi>0.02;n_spikes<100;fr<0.2;presence<0.8;firing_rate_qm_low;num_spikes_qm_low
VMPFC,19,VMPFC_unit19,51,21,0.047,14.3321,,0.047,0.1429,21,False,isi>0.02;n_spikes<100;fr<0.2;presence<0.8;firing_rate_qm_low;num_spikes_qm_low
VMPFC,20,VMPFC_unit20,51,28,0.0627,19.9997,,0.0627,0.1429,28,False,isi>0.02;n_spikes<100;fr<0.2;presence<0.8;firing_rate_qm_low;num_spikes_qm_low
VMPFC,21,VMPFC_unit21,52,50,0.112,19.5263,,0.112,0.2857,50,False,isi>0.02;n_spikes<100;fr<0.2;presence<0.8;firing_rate_qm_low;num_spikes_qm_low
VMPFC,22,VMPFC_unit22,51,23,0.0515,13.6729,,0.0515,0.1429,23,False,isi>0.02;n_spikes<100;fr<0.2;presence<0.8;firing_rate_qm_low;num_spikes_qm_low
VMPFC,23,VMPFC_unit23,51,26,0.0582,14.4847,,0.0582,0.1429,26,False,isi>0.02;n_spikes<100;fr<0.2;presence<0.8;firing_rate_qm_low;num_spikes_qm_low
VMPFC,24,VMPFC_unit24,51,14,0.0314,22.0201,,0.0314,0.1429,14,False,isi>0.02;n_spikes<100;fr<0.2;presence<0.8;firing_rate_qm_low;num_spikes_qm_low
VMPFC,25,VMPFC_unit25,51,53,0.1187,9.1132,,0.1187,0.1429,53,False,isi>0.02;n_spikes<100;fr<0.2;presence<0.8;firing_rate_qm_low;num_spikes_qm_low
VMPFC,26,VMPFC_unit26,51,44,0.0986,15.2203,,0.0986,0.2857,44,False,isi>0.02;n_spikes<100;fr<0.2;presence<0.8;firing_rate_qm_low;num_spikes_qm_low
VMPFC,27,VMPFC_unit27,51,40,0.0896,20.2042,,0.0896,0.1429,40,False,isi>0.02;n_spikes<100;fr<0.2;presence<0.8;firing_rate_qm_low;num_spikes_qm_low
VMPFC,28,VMPFC_unit28,52,87,0.1949,21.3598,,0.1949,0.1429,87,False,isi>0.02;n_spikes<100;fr<0.2;presence<0.8;firing_rate_qm_low;num_spikes_qm_low
VMPFC,29,VMPFC_unit29,51,50,0.112,13.9079,,0.112,0.1429,50,False,isi>0.02;n_spikes<100;fr<0.2;presence<0.8;firing_rate_qm_low;num_spikes_qm_low
VMPFC,30,VMPFC_unit30,51,21,0.047,5.9087,,0.047,0.1429,21,False,isi>0.02;n_spikes<100;fr<0.2;presence<0.8;firing_rate_qm_low;num_spikes_qm_low
VMPFC,31,VMPFC_unit31,54,32,0.0717,19.0083,,0.0717,0.1429,32,False,isi>0.02;n_spikes<100;fr<0.2;presence<0.8;firing_rate_qm_low;num_spikes_qm_low
VMPFC,32,VMPFC_unit32,63,31,0.0694,14.3069,,0.0694,0.1429,31,False,isi>0.02;n_spikes<100;fr<0.2;presence<0.8;firing_rate_qm_low;num_spikes_qm_low
VMPFC,33,VMPFC_unit33,51,16,0.0358,28.5147,,0.0358,0.1429,16,False,isi>0.02;n_spikes<100;fr<0.2;presence<0.8;firing_rate_qm_low;num_spikes_qm_low
VMPFC,34,VMPFC_unit34,51,21,0.047,7.5934,,0.047,0.2857,21,False,isi>0.02;n_spikes<100;fr<0.2;presence<0.8;firing_rate_qm_low;num_spikes_qm_low
VMPFC,35,VMPFC_unit35,51,34,0.0762,12.3697,,0.0762,0.2857,34,False,isi>0.02;n_spikes<100;fr<0.2;presence<0.8;firing_rate_qm_low;num_spikes_qm_low
VMPFC,36,VMPFC_unit36,51,87,0.1949,7.575,,0.1949,0.1429,87,False,isi>0.02;n_spikes<100;fr<0.2;presence<0.8;firing_rate_qm_low;num_spikes_qm_low
VMPFC,37,VMPFC_unit37,51,10,0.0224,20.7688,,0.0224,0.1429,10,False,isi>0.02;n_spikes<100;fr<0.2;presence<0.8;firing_rate_qm_low;num_spikes_qm_low
VMPFC,38,VMPFC_unit38,51,24,0.0538,14.1155,,0.0538,0.2857,24,False,isi>0.02;n_spikes<100;fr<0.2;presence<0.8;firing_rate_qm_low;num_spikes_qm_low
VMPFC,39,VMPFC_unit39,51,112,0.2509,5.4051,,0.2509,0.2857,112,False,isi>0.02;presence<0.8
VMPFC,40,VMPFC_unit40,51,393,0.8804,5.0114,,0.8804,0.8571,393,False,isi>0.02
VMPFC,41,VMPFC_unit41,51,37,0.0829,7.3919,,0.0829,0.1429,37,False,isi>0.02;n_spikes<100;fr<0.2;presence<0.8;firing_rate_qm_low;num_spikes_qm_low
VMPFC,42,VMPFC_unit42,51,29,0.065,11.4083,,0.065,0.1429,29,False,isi>0.02;n_spikes<100;fr<0.2;presence<0.8;firing_rate_qm_low;num_spikes_qm_low
VMPFC,43,VMPFC_unit43,63,63,0.1411,14.2624,,0.1411,0.1429,63,False,isi>0.02;n_spikes<100;fr<0.2;presence<0.8;firing_rate_qm_low;num_spikes_qm_low
VMPFC,44,VMPFC_unit44,63,50,0.112,14.0845,,0.112,0.1429,50,False,isi>0.02;n_spikes<100;fr<0.2;presence<0.8;firing_rate_qm_low;num_spikes_qm_low
VMPFC,45,VMPFC_unit45,51,267,0.5981,6.0002,,0.5981,0.5714,267,False,isi>0.02;presence<0.8
VMPFC,46,VMPFC_unit46,51,63,0.1411,6.8304,,0.1411,0.1429,63,False,isi>0.02;n_spikes<100;fr<0.2;presence<0.8;firing_rate_qm_low;num_spikes_qm_low
VMPFC,47,VMPFC_unit47,51,49,0.1098,11.7746,,0.1098,0.1429,49,False,isi>0.02;n_spikes<100;fr<0.2;presence<0.8;firing_rate_qm_low;num_spikes_qm_low
VMPFC,48,VMPFC_unit48,51,13,0.0291,13.5203,,0.0291,0.1429,13,False,isi>0.02;n_spikes<100;fr<0.2;presence<0.8;firing_rate_qm_low;num_spikes_qm_low
VMPFC,49,VMPFC_unit49,51,49,0.1098,5.5729,,0.1098,0.1429,49,False,isi>0.02;n_spikes<100;fr<0.2;presence<0.8;firing_rate_qm_low;num_spikes_qm_low
VMPFC,50,VMPFC_unit50,51,34,0.0762,10.3554,,0.0762,0.1429,34,False,isi>0.02;n_spikes<100;fr<0.2;presence<0.8;firing_rate_qm_low;num_spikes_qm_low
VMPFC,51,VMPFC_unit51,51,1288,2.8854,7.868,,2.8854,1.0,1288,False,isi>0.02
VMPFC,52,VMPFC_unit52,51,52,0.1165,6.4977,,0.1165,0.1429,52,False,isi>0.02;n_spikes<100;fr<0.2;presence<0.8;firing_rate_qm_low;num_spikes_qm_low
VMPFC,53,VMPFC_unit53,52,39,0.0874,20.9233,,0.0874,0.2857,39,False,isi>0.02;n_spikes<100;fr<0.2;presence<0.8;firing_rate_qm_low;num_spikes_qm_low
VMPFC,54,VMPFC_unit54,54,89,0.1994,20.1313,,0.1994,0.1429,89,False,isi>0.02;n_spikes<100;fr<0.2;presence<0.8;firing_rate_qm_low;num_spikes_qm_low
VMPFC,55,VMPFC_unit55,51,97,0.2173,10.7308,,0.2173,0.2857,97,False,isi>0.02;n_spikes<100;presence<0.8;num_spikes_qm_low
VMPFC,56,VMPFC_unit56,51,88,0.1971,7.1294,,0.1971,0.2857,88,False,isi>0.02;n_spikes<100;fr<0.2;presence<0.8;firing_rate_qm_low;num_spikes_qm_low
VMPFC,57,VMPFC_unit57,52,20,0.0448,5.8103,,0.0448,0.1429,20,False,isi>0.02;n_spikes<100;fr<0.2;presence<0.8;firing_rate_qm_low;num_spikes_qm_low
VMPFC,58,VMPFC_unit58,53,89,0.1994,10.2855,,0.1994,0.1429,89,False,isi>0.02;n_spikes<100;fr<0.2;presence<0.8;firing_rate_qm_low;num_spikes_qm_low
VMPFC,59,VMPFC_unit59,51,57,0.1277,14.4359,,0.1277,0.1429,57,False,isi>0.02;n_spikes<100;fr<0.2;presence<0.8;firing_rate_qm_low;num_spikes_qm_low
VMPFC,60,VMPFC_unit60,51,91,0.2039,9.3574,,0.2039,0.2857,91,False,isi>0.02;n_spikes<100;presence<0.8;num_spikes_qm_low
VMPFC,61,VMPFC_unit61,52,30,0.0672,7.1239,,0.0672,0.1429,30,False,isi>0.02;n_spikes<100;fr<0.2;presence<0.8;firing_rate_qm_low;num_spikes_qm_low
VMPFC,62,VMPFC_unit62,51,30,0.0672,17.0576,,0.0672,0.1429,30,False,isi>0.02;n_spikes<100;fr<0.2;presence<0.8;firing_rate_qm_low;num_spikes_qm_low
VMPFC,63,VMPFC_unit63,53,21,0.047,10.9184,,0.047,0.2857,21,False,isi>0.02;n_spikes<100;fr<0.2;presence<0.8;firing_rate_qm_low;num_spikes_qm_low
VMPFC,64,VMPFC_unit64,51,105,0.2352,5.9514,,0.2352,0.1429,105,False,isi>0.02;presence<0.8
VMPFC,65,VMPFC_unit65,51,42,0.0941,14.1185,,0.0941,0.4286,42,False,isi>0.02;n_spikes<100;fr<0.2;presence<0.8;firing_rate_qm_low;num_spikes_qm_low
VMPFC,66,VMPFC_unit66,51,40,0.0896,17.8663,,0.0896,0.1429,40,False,isi>0.02;n_spikes<100;fr<0.2;presence<0.8;firing_rate_qm_low;num_spikes_qm_low
VMPFC,67,VMPFC_unit67,53,26,0.0582,18.6029,,0.0582,0.1429,26,False,isi>0.02;n_spikes<100;fr<0.2;presence<0.8;firing_rate_qm_low;num_spikes_qm_low
VMPFC,68,VMPFC_unit68,53,22,0.0493,23.9335,,0.0493,0.1429,22,False,isi>0.02;n_spikes<100;fr<0.2;presence<0.8;firing_rate_qm_low;num_spikes_qm_low
VMPFC,69,VMPFC_unit69,52,37,0.0829,22.2965,,0.0829,0.1429,37,False,isi>0.02;n_spikes<100;fr<0.2;presence<0.8;firing_rate_qm_low;num_spikes_qm_low
VMPFC,70,VMPFC_unit70,53,16,0.0358,15.5222,,0.0358,0.1429,16,False,isi>0.02;n_spikes<100;fr<0.2;presence<0.8;firing_rate_qm_low;num_spikes_qm_low
VMPFC,71,VMPFC_unit71,53,33,0.0739,23.5082,,0.0739,0.1429,33,False,isi>0.02;n_spikes<100;fr<0.2;presence<0.8;firing_rate_qm_low;num_spikes_qm_low
VMPFC,72,VMPFC_unit72,51,59,0.1322,20.4483,,0.1322,0.2857,59,False,isi>0.02;n_spikes<100;fr<0.2;presence<0.8;firing_rate_qm_low;num_spikes_qm_low
VMPFC,73,VMPFC_unit73,51,51,0.1143,21.2846,,0.1143,0.1429,51,False,isi>0.02;n_spikes<100;fr<0.2;presence<0.8;firing_rate_qm_low;num_spikes_qm_low
VMPFC,74,VMPFC_unit74,52,70,0.1568,14.4701,,0.1568,0.1429,70,False,isi>0.02;n_spikes<100;fr<0.2;presence<0.8;firing_rate_qm_low;num_spikes_qm_low
VMPFC,75,VMPFC_unit75,51,41,0.0918,14.6373,,0.0918,0.1429,41,False,isi>0.02;n_spikes<100;fr<0.2;presence<0.8;firing_rate_qm_low;num_spikes_qm_low
VMPFC,76,VMPFC_unit76,51,36,0.0806,8.7928,,0.0806,0.1429,36,False,isi>0.02;n_spikes<100;fr<0.2;presence<0.8;firing_rate_qm_low;num_spikes_qm_low
VMPFC,77,VMPFC_unit77,51,39,0.0874,17.671,,0.0874,0.1429,39,False,isi>0.02;n_spikes<100;fr<0.2;presence<0.8;firing_rate_qm_low;num_spikes_qm_low
VMPFC,78,VMPFC_unit78,53,18,0.0403,14.7557,,0.0403,0.1429,18,False,isi>0.02;n_spikes<100;fr<0.2;presence<0.8;firing_rate_qm_low;num_spikes_qm_low
VMPFC,79,VMPFC_unit79,51,36,0.0806,15.2416,,0.0806,0.2857,36,False,isi>0.02;n_spikes<100;fr<0.2;presence<0.8;firing_rate_qm_low;num_spikes_qm_low
VMPFC,80,VMPFC_unit80,51,41,0.0918,15.7177,,0.0918,0.1429,41,False,isi>0.02;n_spikes<100;fr<0.2;presence<0.8;firing_rate_qm_low;num_spikes_qm_low
VMPFC,81,VMPFC_unit81,53,101,0.2263,21.55,,0.2263,0.1429,101,False,isi>0.02;presence<0.8
VMPFC,82,VMPFC_unit82,51,26,0.0582,17.3719,,0.0582,0.1429,26,False,isi>0.02;n_spikes<100;fr<0.2;presence<0.8;firing_rate_qm_low;num_spikes_qm_low
VMPFC,83,VMPFC_unit83,51,38,0.0851,20.9367,,0.0851,0.2857,38,False,isi>0.02;n_spikes<100;fr<0.2;presence<0.8;firing_rate_qm_low;num_spikes_qm_low
VMPFC,84,VMPFC_unit84,51,22,0.0493,19.0475,,0.0493,0.2857,22,False,isi>0.02;n_spikes<100;fr<0.2;presence<0.8;firing_rate_qm_low;num_spikes_qm_low
VMPFC,85,VMPFC_unit85,51,31,0.0694,28.121,,0.0694,0.1429,31,False,isi>0.02;n_spikes<100;fr<0.2;presence<0.8;firing_rate_qm_low;num_spikes_qm_low
VMPFC,86,VMPFC_unit86,55,11,0.0246,13.4244,,0.0246,0.1429,11,False,isi>0.02;n_spikes<100;fr<0.2;presence<0.8;firing_rate_qm_low;num_spikes_qm_low
VMPFC,87,VMPFC_unit87,63,35,0.0784,25.8012,,0.0784,0.1429,35,False,isi>0.02;n_spikes<100;fr<0.2;presence<0.8;firing_rate_qm_low;num_spikes_qm_low
VMPFC,88,VMPFC_unit88,51,47,0.1053,9.3452,,0.1053,0.1429,47,False,isi>0.02;n_spikes<100;fr<0.2;presence<0.8;firing_rate_qm_low;num_spikes_qm_low
VMPFC,89,VMPFC_unit89,51,38,0.0851,7.807,,0.0851,0.1429,38,False,isi>0.02;n_spikes<100;fr<0.2;presence<0.8;firing_rate_qm_low;num_spikes_qm_low
VMPFC,90,VMPFC_unit90,51,20,0.0448,12.916,,0.0448,0.2857,20,False,isi>0.02;n_spikes<100;fr<0.2;presence<0.8;firing_rate_qm_low;num_spikes_qm_low
VMPFC,91,VMPFC_unit91,53,41,0.0918,10.147,,0.0918,0.1429,41,False,isi>0.02;n_spikes<100;fr<0.2;presence<0.8;firing_rate_qm_low;num_spikes_qm_low
VMPFC,92,VMPFC_unit92,53,17,0.0381,35.9596,,0.0381,0.1429,17,False,isi>0.02;n_spikes<100;fr<0.2;presence<0.8;firing_rate_qm_low;num_spikes_qm_low
VMPFC,93,VMPFC_unit93,51,22,0.0493,18.3028,,0.0493,0.1429,22,False,isi>0.02;n_spikes<100;fr<0.2;presence<0.8;firing_rate_qm_low;num_spikes_qm_low
VMPFC,94,VMPFC_unit94,54,26,0.0582,14.289,,0.0582,0.2857,26,False,isi>0.02;n_spikes<100;fr<0.2;presence<0.8;firing_rate_qm_low;num_spikes_qm_low
VMPFC,95,VMPFC_unit95,51,64,0.1434,6.7907,,0.1434,0.2857,64,False,isi>0.02;n_spikes<100;fr<0.2;presence<0.8;firing_rate_qm_low;num_spikes_qm_low
VMPFC,96,VMPFC_unit96,54,75,0.168,9.8108,,0.168,0.7143,75,False,isi>0.02;n_spikes<100;fr<0.2;presence<0.8;firing_rate_qm_low;num_spikes_qm_low
VMPFC,97,VMPFC_unit97,63,24,0.0538,9.3267,,0.0538,0.2857,24,False,isi>0.02;n_spikes<100;fr<0.2;presence<0.8;firing_rate_qm_low;num_spikes_qm_low
VMPFC,98,VMPFC_unit98,52,23,0.0515,7.8105,,0.0515,0.1429,23,False,isi>0.02;n_spikes<100;fr<0.2;presence<0.8;firing_rate_qm_low;num_spikes_qm_low
VMPFC,99,VMPFC_unit99,54,28,0.0627,13.5449,,0.0627,0.2857,28,False,isi>0.02;n_spikes<100;fr<0.2;presence<0.8;firing_rate_qm_low;num_spikes_qm_low
VMPFC,100,VMPFC_unit100,54,31,0.0694,19.5113,,0.0694,0.1429,31,False,isi>0.02;n_spikes<100;fr<0.2;presence<0.8;firing_rate_qm_low;num_spikes_qm_low
VMPFC,101,VMPFC_unit101,55,37,0.0829,14.5355,,0.0829,0.2857,37,False,isi>0.02;n_spikes<100;fr<0.2;presence<0.8;firing_rate_qm_low;num_spikes_qm_low
VMPFC,102,VMPFC_unit102,51,32,0.0717,13.6699,,0.0717,0.1429,32,False,isi>0.02;n_spikes<100;fr<0.2;presence<0.8;firing_rate_qm_low;num_spikes_qm_low
VMPFC,103,VMPFC_unit103,54,17,0.0381,12.6768,,0.0381,0.1429,17,False,isi>0.02;n_spikes<100;fr<0.2;presence<0.8;firing_rate_qm_low;num_spikes_qm_low
VMPFC,104,VMPFC_unit104,54,77,0.1725,13.2693,,0.1725,0.4286,77,False,isi>0.02;n_spikes<100;fr<0.2;presence<0.8;firing_rate_qm_low;num_spikes_qm_low
VMPFC,105,VMPFC_unit105,54,46,0.1031,12.105,,0.1031,0.2857,46,False,isi>0.02;n_spikes<100;fr<0.2;presence<0.8;firing_rate_qm_low;num_spikes_qm_low
VMPFC,106,VMPFC_unit106,54,46,0.1031,12.5528,,0.1031,0.2857,46,False,isi>0.02;n_spikes<100;fr<0.2;presence<0.8;firing_rate_qm_low;num_spikes_qm_low
VMPFC,107,VMPFC_unit107,54,112,0.2509,10.169,,0.2509,0.4286,112,False,isi>0.02;presence<0.8
VMPFC,108,VMPFC_unit108,63,29,0.065,17.0081,,0.065,0.2857,29,False,isi>0.02;n_spikes<100;fr<0.2;presence<0.8;firing_rate_qm_low;num_spikes_qm_low
VMPFC,109,VMPFC_unit109,63,42,0.0941,13.5509,,0.0941,0.1429,42,False,isi>0.02;n_spikes<100;fr<0.2;presence<0.8;firing_rate_qm_low;num_spikes_qm_low
VMPFC,110,VMPFC_unit110,56,24,0.0538,23.2495,,0.0538,0.1429,24,False,isi>0.02;n_spikes<100;fr<0.2;presence<0.8;firing_rate_qm_low;num_spikes_qm_low
VMPFC,111,VMPFC_unit111,54,33,0.0739,12.6906,,0.0739,0.2857,33,False,isi>0.02;n_spikes<100;fr<0.2;presence<0.8;firing_rate_qm_low;num_spikes_qm_low
VMPFC,112,VMPFC_unit112,63,27,0.0605,25.7012,,0.0605,0.1429,27,False,isi>0.02;n_spikes<100;fr<0.2;presence<0.8;firing_rate_qm_low;num_spikes_qm_low
VMPFC,113,VMPFC_unit113,51,22,0.0493,10.2455,,0.0493,0.1429,22,False,isi>0.02;n_spikes<100;fr<0.2;presence<0.8;firing_rate_qm_low;num_spikes_qm_low
VMPFC,114,VMPFC_unit114,63,32,0.0717,14.8738,,0.0717,0.2857,32,False,isi>0.02;n_spikes<100;fr<0.2;presence<0.8;firing_rate_qm_low;num_spikes_qm_low
VMPFC,115,VMPFC_unit115,54,50,0.112,13.7585,,0.112,0.1429,50,False,isi>0.02;n_spikes<100;fr<0.2;presence<0.8;firing_rate_qm_low;num_spikes_qm_low
VMPFC,116,VMPFC_unit116,51,39,0.0874,11.3351,,0.0874,0.1429,39,False,isi>0.02;n_spikes<100;fr<0.2;presence<0.8;firing_rate_qm_low;num_spikes_qm_low
VMPFC,117,VMPFC_unit117,63,55,0.1232,13.4064,,0.1232,0.1429,55,False,isi>0.02;n_spikes<100;fr<0.2;presence<0.8;firing_rate_qm_low;num_spikes_qm_low
VMPFC,118,VMPFC_unit118,52,40,0.0896,9.1202,,0.0896,0.2857,40,False,isi>0.02;n_spikes<100;fr<0.2;presence<0.8;firing_rate_qm_low;num_spikes_qm_low
VMPFC,119,VMPFC_unit119,56,23,0.0515,15.4051,,0.0515,0.2857,23,False,isi>0.02;n_spikes<100;fr<0.2;presence<0.8;firing_rate_qm_low;num_spikes_qm_low
VMPFC,120,VMPFC_unit120,52,17,0.0381,7.8105,,0.0381,0.1429,17,False,isi>0.02;n_spikes<100;fr<0.2;presence<0.8;firing_rate_qm_low;num_spikes_qm_low
VMPFC,121,VMPFC_unit121,51,82,0.1837,12.1744,,0.1837,0.1429,82,False,isi>0.02;n_spikes<100;fr<0.2;presence<0.8;firing_rate_qm_low;num_spikes_qm_low
VMPFC,122,VMPFC_unit122,54,105,0.2352,13.0764,,0.2352,0.2857,105,False,isi>0.02;presence<0.8
VMPFC,123,VMPFC_unit123,55,11,0.0246,13.9865,,0.0246,0.2857,11,False,isi>0.02;n_spikes<100;fr<0.2;presence<0.8;firing_rate_qm_low;num_spikes_qm_low
VMPFC,124,VMPFC_unit124,54,19,0.0426,13.4622,,0.0426,0.1429,19,False,isi>0.02;n_spikes<100;fr<0.2;presence<0.8;firing_rate_qm_low;num_spikes_qm_low
VMPFC,125,VMPFC_unit125,51,95,0.2128,7.5018,,0.2128,0.1429,95,False,isi>0.02;n_spikes<100;presence<0.8;num_spikes_qm_low
VMPFC,126,VMPFC_unit126,52,36,0.0806,7.6875,,0.0806,0.4286,36,False,isi>0.02;n_spikes<100;fr<0.2;presence<0.8;firing_rate_qm_low;num_spikes_qm_low
VMPFC,127,VMPFC_unit127,54,29,0.065,15.7634,,0.065,0.1429,29,False,isi>0.02;n_spikes<100;fr<0.2;presence<0.8;firing_rate_qm_low;num_spikes_qm_low
VMPFC,128,VMPFC_unit128,54,16,0.0358,21.0201,,0.0358,0.1429,16,False,isi>0.02;n_spikes<100;fr<0.2;presence<0.8;firing_rate_qm_low;num_spikes_qm_low
VMPFC,129,VMPFC_unit129,51,31,0.0694,12.4582,,0.0694,0.1429,31,False,isi>0.02;n_spikes<100;fr<0.2;presence<0.8;firing_rate_qm_low;num_spikes_qm_low
VMPFC,130,VMPFC_unit130,52,10,0.0224,11.6602,,0.0224,0.1429,10,False,isi>0.02;n_spikes<100;fr<0.2;presence<0.8;firing_rate_qm_low;num_spikes_qm_low
VMPFC,131,VMPFC_unit131,51,72,0.1613,10.2394,,0.1613,0.2857,72,False,isi>0.02;n_spikes<100;fr<0.2;presence<0.8;firing_rate_qm_low;num_spikes_qm_low
VMPFC,132,VMPFC_unit132,53,29,0.065,11.225,,0.065,0.1429,29,False,isi>0.02;n_spikes<100;fr<0.2;presence<0.8;firing_rate_qm_low;num_spikes_qm_low
VMPFC,133,VMPFC_unit133,54,48,0.1075,14.6679,,0.1075,0.1429,48,False,isi>0.02;n_spikes<100;fr<0.2;presence<0.8;firing_rate_qm_low;num_spikes_qm_low
VMPFC,134,VMPFC_unit134,63,13,0.0291,24.6451,,0.0291,0.2857,13,False,isi>0.02;n_spikes<100;fr<0.2;presence<0.8;firing_rate_qm_low;num_spikes_qm_low
VMPFC,135,VMPFC_unit135,55,49,0.1098,13.9473,,0.1098,0.4286,49,False,isi>0.02;n_spikes<100;fr<0.2;presence<0.8;firing_rate_qm_low;num_spikes_qm_low
VMPFC,136,VMPFC_unit136,55,39,0.0874,14.2087,,0.0874,0.1429,39,False,isi>0.02;n_spikes<100;fr<0.2;presence<0.8;firing_rate_qm_low;num_spikes_qm_low
VMPFC,137,VMPFC_unit137,55,74,0.1658,17.1956,,0.1658,0.4286,74,False,isi>0.02;n_spikes<100;fr<0.2;presence<0.8;firing_rate_qm_low;num_spikes_qm_low
VMPFC,138,VMPFC_unit138,55,19,0.0426,35.8944,,0.0426,0.1429,19,False,isi>0.02;n_spikes<100;fr<0.2;presence<0.8;firing_rate_qm_low;num_spikes_qm_low
VMPFC,139,VMPFC_unit139,55,21,0.047,17.2675,,0.047,0.1429,21,False,isi>0.02;n_spikes<100;fr<0.2;presence<0.8;firing_rate_qm_low;num_spikes_qm_low
VMPFC,140,VMPFC_unit140,55,31,0.0694,17.1498,,0.0694,0.2857,31,False,isi>0.02;n_spikes<100;fr<0.2;presence<0.8;firing_rate_qm_low;num_spikes_qm_low
VMPFC,141,VMPFC_unit141,55,17,0.0381,28.692,,0.0381,0.1429,17,False,isi>0.02;n_spikes<100;fr<0.2;presence<0.8;firing_rate_qm_low;num_spikes_qm_low
VMPFC,142,VMPFC_unit142,55,31,0.0694,31.3585,,0.0694,0.1429,31,False,isi>0.02;n_spikes<100;fr<0.2;presence<0.8;firing_rate_qm_low;num_spikes_qm_low
VMPFC,143,VMPFC_unit143,55,82,0.1837,16.64,,0.1837,0.2857,82,False,isi>0.02;n_spikes<100;fr<0.2;presence<0.8;firing_rate_qm_low;num_spikes_qm_low
VMPFC,144,VMPFC_unit144,55,21,0.047,31.5546,,0.047,0.1429,21,False,isi>0.02;n_spikes<100;fr<0.2;presence<0.8;firing_rate_qm_low;num_spikes_qm_low
VMPFC,145,VMPFC_unit145,55,24,0.0538,21.666,,0.0538,0.1429,24,False,isi>0.02;n_spikes<100;fr<0.2;presence<0.8;firing_rate_qm_low;num_spikes_qm_low
VMPFC,146,VMPFC_unit146,55,19,0.0426,26.3391,,0.0426,0.1429,19,False,isi>0.02;n_spikes<100;fr<0.2;presence<0.8;firing_rate_qm_low;num_spikes_qm_low
VMPFC,147,VMPFC_unit147,55,40,0.0896,30.8488,,0.0896,0.1429,40,False,isi>0.02;n_spikes<100;fr<0.2;presence<0.8;firing_rate_qm_low;num_spikes_qm_low
VMPFC,148,VMPFC_unit148,55,34,0.0762,15.8819,,0.0762,0.1429,34,False,isi>0.02;n_spikes<100;fr<0.2;presence<0.8;firing_rate_qm_low;num_spikes_qm_low
VMPFC,149,VMPFC_unit149,55,26,0.0582,19.0975,,0.0582,0.2857,26,False,isi>0.02;n_spikes<100;fr<0.2;presence<0.8;firing_rate_qm_low;num_spikes_qm_low
VMPFC,150,VMPFC_unit150,55,18,0.0403,14.8558,,0.0403,0.1429,18,False,isi>0.02;n_spikes<100;fr<0.2;presence<0.8;firing_rate_qm_low;num_spikes_qm_low
VMPFC,151,VMPFC_unit151,63,24,0.0538,19.8984,,0.0538,0.1429,24,False,isi>0.02;n_spikes<100;fr<0.2;presence<0.8;firing_rate_qm_low;num_spikes_qm_low
VMPFC,152,VMPFC_unit152,55,19,0.0426,19.5027,,0.0426,0.2857,19,False,isi>0.02;n_spikes<100;fr<0.2;presence<0.8;firing_rate_qm_low;num_spikes_qm_low
VMPFC,153,VMPFC_unit153,55,44,0.0986,16.8165,,0.0986,0.1429,44,False,isi>0.02;n_spikes<100;fr<0.2;presence<0.8;firing_rate_qm_low;num_spikes_qm_low
VMPFC,154,VMPFC_unit154,55,21,0.047,14.5878,,0.047,0.1429,21,False,isi>0.02;n_spikes<100;fr<0.2;presence<0.8;firing_rate_qm_low;num_spikes_qm_low
VMPFC,155,VMPFC_unit155,55,18,0.0403,16.7446,,0.0403,0.4286,18,False,isi>0.02;n_spikes<100;fr<0.2;presence<0.8;firing_rate_qm_low;num_spikes_qm_low
VMPFC,156,VMPFC_unit156,55,43,0.0963,17.5812,,0.0963,0.4286,43,False,isi>0.02;n_spikes<100;fr<0.2;presence<0.8;firing_rate_qm_low;num_spikes_qm_low
VMPFC,157,VMPFC_unit157,55,12,0.0269,15.1564,,0.0269,0.1429,12,False,isi>0.02;n_spikes<100;fr<0.2;presence<0.8;firing_rate_qm_low;num_spikes_qm_low
VMPFC,158,VMPFC_unit158,55,23,0.0515,16.9799,,0.0515,0.1429,23,False,isi>0.02;n_spikes<100;fr<0.2;presence<0.8;firing_rate_qm_low;num_spikes_qm_low
VMPFC,159,VMPFC_unit159,63,25,0.056,20.2319,,0.056,0.2857,25,False,isi>0.02;n_spikes<100;fr<0.2;presence<0.8;firing_rate_qm_low;num_spikes_qm_low
VMPFC,160,VMPFC_unit160,52,43,0.0963,13.5573,,0.0963,0.1429,43,False,isi>0.02;n_spikes<100;fr<0.2;presence<0.8;firing_rate_qm_low;num_spikes_qm_low
VMPFC,161,VMPFC_unit161,55,26,0.0582,25.4437,,0.0582,0.2857,26,False,isi>0.02;n_spikes<100;fr<0.2;presence<0.8;firing_rate_qm_low;num_spikes_qm_low
VMPFC,162,VMPFC_unit162,55,38,0.0851,19.6661,,0.0851,0.1429,38,False,isi>0.02;n_spikes<100;fr<0.2;presence<0.8;firing_rate_qm_low;num_spikes_qm_low
VMPFC,163,VMPFC_unit163,55,16,0.0358,74.9847,,0.0358,0.1429,16,False,isi>0.02;n_spikes<100;fr<0.2;presence<0.8;firing_rate_qm_low;num_spikes_qm_low
VMPFC,164,VMPFC_unit164,63,92,0.2061,19.3315,,0.2061,0.1429,92,False,isi>0.02;n_spikes<100;presence<0.8;num_spikes_qm_low
VMPFC,165,VMPFC_unit165,55,27,0.0605,20.4831,,0.0605,0.1429,27,False,isi>0.02;n_spikes<100;fr<0.2;presence<0.8;firing_rate_qm_low;num_spikes_qm_low
VMPFC,166,VMPFC_unit166,55,34,0.0762,25.5156,,0.0762,0.1429,34,False,isi>0.02;n_spikes<100;fr<0.2;presence<0.8;firing_rate_qm_low;num_spikes_qm_low
VMPFC,167,VMPFC_unit167,55,27,0.0605,18.274,,0.0605,0.1429,27,False,isi>0.02;n_spikes<100;fr<0.2;presence<0.8;firing_rate_qm_low;num_spikes_qm_low
VMPFC,168,VMPFC_unit168,55,67,0.1501,16.823,,0.1501,0.2857,67,False,isi>0.02;n_spikes<100;fr<0.2;presence<0.8;firing_rate_qm_low;num_spikes_qm_low
VMPFC,169,VMPFC_unit169,55,34,0.0762,17.6727,,0.0762,0.1429,34,False,isi>0.02;n_spikes<100;fr<0.2;presence<0.8;firing_rate_qm_low;num_spikes_qm_low
VMPFC,170,VMPFC_unit170,55,27,0.0605,23.3849,,0.0605,0.1429,27,False,isi>0.02;n_spikes<100;fr<0.2;presence<0.8;firing_rate_qm_low;num_spikes_qm_low
VMPFC,171,VMPFC_unit171,55,64,0.1434,18.7315,,0.1434,0.1429,64,False,isi>0.02;n_spikes<100;fr<0.2;presence<0.8;firing_rate_qm_low;num_spikes_qm_low
VMPFC,172,VMPFC_unit172,55,47,0.1053,22.8359,,0.1053,0.2857,47,False,isi>0.02;n_spikes<100;fr<0.2;presence<0.8;firing_rate_qm_low;num_spikes_qm_low
VMPFC,173,VMPFC_unit173,55,38,0.0851,16.993,,0.0851,0.1429,38,False,isi>0.02;n_spikes<100;fr<0.2;presence<0.8;firing_rate_qm_low;num_spikes_qm_low
VMPFC,174,VMPFC_unit174,55,61,0.1367,21.8948,,0.1367,0.1429,61,False,isi>0.02;n_spikes<100;fr<0.2;presence<0.8;firing_rate_qm_low;num_spikes_qm_low
VMPFC,175,VMPFC_unit175,55,46,0.1031,20.4438,,0.1031,0.1429,46,False,isi>0.02;n_spikes<100;fr<0.2;presence<0.8;firing_rate_qm_low;num_spikes_qm_low
VMPFC,176,VMPFC_unit176,55,59,0.1322,19.5811,,0.1322,0.1429,59,False,isi>0.02;n_spikes<100;fr<0.2;presence<0.8;firing_rate_qm_low;num_spikes_qm_low
VMPFC,177,VMPFC_unit177,56,69,0.1546,14.3174,,0.1546,0.2857,69,False,isi>0.02;n_spikes<100;fr<0.2;presence<0.8;firing_rate_qm_low;num_spikes_qm_low
VMPFC,178,VMPFC_unit178,61,14,0.0314,31.787,,0.0314,0.1429,14,False,isi>0.02;n_spikes<100;fr<0.2;presence<0.8;firing_rate_qm_low;num_spikes_qm_low
VMPFC,179,VMPFC_unit179,56,27,0.0605,14.7785,,0.0605,0.1429,27,False,isi>0.02;n_spikes<100;fr<0.2;presence<0.8;firing_rate_qm_low;num_spikes_qm_low
VMPFC,180,VMPFC_unit180,56,53,0.1187,15.8071,,0.1187,0.1429,53,False,isi>0.02;n_spikes<100;fr<0.2;presence<0.8;firing_rate_qm_low;num_spikes_qm_low
VMPFC,181,VMPFC_unit181,56,61,0.1367,18.3962,,0.1367,0.1429,61,False,isi>0.02;n_spikes<100;fr<0.2;presence<0.8;firing_rate_qm_low;num_spikes_qm_low
VMPFC,182,VMPFC_unit182,56,81,0.1815,9.6119,,0.1815,0.8571,81,False,isi>0.02;n_spikes<100;fr<0.2;firing_rate_qm_low;num_spikes_qm_low
VMPFC,183,VMPFC_unit183,63,45,0.1008,20.0318,,0.1008,0.4286,45,False,isi>0.02;n_spikes<100;fr<0.2;presence<0.8;firing_rate_qm_low;num_spikes_qm_low
VMPFC,184,VMPFC_unit184,56,66,0.1479,11.5509,,0.1479,0.2857,66,False,isi>0.02;n_spikes<100;fr<0.2;presence<0.8;firing_rate_qm_low;num_spikes_qm_low
VMPFC,185,VMPFC_unit185,56,70,0.1568,11.6809,,0.1568,0.2857,70,False,isi>0.02;n_spikes<100;fr<0.2;presence<0.8;firing_rate_qm_low;num_spikes_qm_low
VMPFC,186,VMPFC_unit186,51,24,0.0538,8.4418,,0.0538,0.4286,24,False,isi>0.02;n_spikes<100;fr<0.2;presence<0.8;firing_rate_qm_low;num_spikes_qm_low
VMPFC,187,VMPFC_unit187,56,18,0.0403,21.3165,,0.0403,0.1429,18,False,isi>0.02;n_spikes<100;fr<0.2;presence<0.8;firing_rate_qm_low;num_spikes_qm_low
VMPFC,188,VMPFC_unit188,56,30,0.0672,16.1972,,0.0672,0.1429,30,False,isi>0.02;n_spikes<100;fr<0.2;presence<0.8;firing_rate_qm_low;num_spikes_qm_low
VMPFC,189,VMPFC_unit189,63,16,0.0358,12.6227,,0.0358,0.1429,16,False,isi>0.02;n_spikes<100;fr<0.2;presence<0.8;firing_rate_qm_low;num_spikes_qm_low
VMPFC,190,VMPFC_unit190,51,33,0.0739,7.5323,,0.0739,0.1429,33,False,isi>0.02;n_spikes<100;fr<0.2;presence<0.8;firing_rate_qm_low;num_spikes_qm_low
VMPFC,191,VMPFC_unit191,56,48,0.1075,12.5144,,0.1075,0.2857,48,False,isi>0.02;n_spikes<100;fr<0.2;presence<0.8;firing_rate_qm_low;num_spikes_qm_low
VMPFC,192,VMPFC_unit192,51,33,0.0739,8.1122,,0.0739,0.2857,33,False,isi>0.02;n_spikes<100;fr<0.2;presence<0.8;firing_rate_qm_low;num_spikes_qm_low
VMPFC,193,VMPFC_unit193,56,19,0.0426,14.6011,,0.0426,0.2857,19,False,isi>0.02;n_spikes<100;fr<0.2;presence<0.8;firing_rate_qm_low;num_spikes_qm_low
VMPFC,194,VMPFC_unit194,51,42,0.0941,11.6433,,0.0941,0.1429,42,False,isi>0.02;n_spikes<100;fr<0.2;presence<0.8;firing_rate_qm_low;num_spikes_qm_low
VMPFC,195,VMPFC_unit195,56,34,0.0762,23.1667,,0.0762,0.1429,34,False,isi>0.02;n_spikes<100;fr<0.2;presence<0.8;firing_rate_qm_low;num_spikes_qm_low
VMPFC,196,VMPFC_unit196,56,46,0.1031,23.7815,,0.1031,0.1429,46,False,isi>0.02;n_spikes<100;fr<0.2;presence<0.8;firing_rate_qm_low;num_spikes_qm_low
VMPFC,197,VMPFC_unit197,56,28,0.0627,12.2839,,0.0627,0.2857,28,False,isi>0.02;n_spikes<100;fr<0.2;presence<0.8;firing_rate_qm_low;num_spikes_qm_low
VMPFC,198,VMPFC_unit198,56,55,0.1232,24.4613,,0.1232,0.1429,55,False,isi>0.02;n_spikes<100;fr<0.2;presence<0.8;firing_rate_qm_low;num_spikes_qm_low
VMPFC,199,VMPFC_unit199,55,50,0.112,12.6467,,0.112,0.2857,50,False,isi>0.02;n_spikes<100;fr<0.2;presence<0.8;firing_rate_qm_low;num_spikes_qm_low
VMPFC,200,VMPFC_unit200,56,23,0.0515,15.7125,,0.0515,0.1429,23,False,isi>0.02;n_spikes<100;fr<0.2;presence<0.8;firing_rate_qm_low;num_spikes_qm_low
VMPFC,201,VMPFC_unit201,56,26,0.0582,17.9056,,0.0582,0.1429,26,False,isi>0.02;n_spikes<100;fr<0.2;presence<0.8;firing_rate_qm_low;num_spikes_qm_low
VMPFC,202,VMPFC_unit202,56,23,0.0515,21.151,,0.0515,0.1429,23,False,isi>0.02;n_spikes<100;fr<0.2;presence<0.8;firing_rate_qm_low;num_spikes_qm_low
VMPFC,203,VMPFC_unit203,56,49,0.1098,12.0001,,0.1098,0.1429,49,False,isi>0.02;n_spikes<100;fr<0.2;presence<0.8;firing_rate_qm_low;num_spikes_qm_low
VMPFC,204,VMPFC_unit204,56,42,0.0941,16.41,,0.0941,0.1429,42,False,isi>0.02;n_spikes<100;fr<0.2;presence<0.8;firing_rate_qm_low;num_spikes_qm_low
VMPFC,205,VMPFC_unit205,56,24,0.0538,11.1666,,0.0538,0.1429,24,False,isi>0.02;n_spikes<100;fr<0.2;presence<0.8;firing_rate_qm_low;num_spikes_qm_low
VMPFC,206,VMPFC_unit206,56,44,0.0986,20.5421,,0.0986,0.1429,44,False,isi>0.02;n_spikes<100;fr<0.2;presence<0.8;firing_rate_qm_low;num_spikes_qm_low
VMPFC,207,VMPFC_unit207,56,27,0.0605,10.605,,0.0605,0.2857,27,False,isi>0.02;n_spikes<100;fr<0.2;presence<0.8;firing_rate_qm_low;num_spikes_qm_low
VMPFC,208,VMPFC_unit208,56,52,0.1165,13.9331,,0.1165,0.1429,52,False,isi>0.02;n_spikes<100;fr<0.2;presence<0.8;firing_rate_qm_low;num_spikes_qm_low
VMPFC,209,VMPFC_unit209,63,12,0.0269,16.4912,,0.0269,0.1429,12,False,isi>0.02;n_spikes<100;fr<0.2;presence<0.8;firing_rate_qm_low;num_spikes_qm_low
VMPFC,210,VMPFC_unit210,51,56,0.1255,7.2576,,0.1255,0.5714,56,False,isi>0.02;n_spikes<100;fr<0.2;presence<0.8;firing_rate_qm_low;num_spikes_qm_low
VMPFC,211,VMPFC_unit211,59,62,0.1389,9.8994,,0.1389,0.4286,62,False,isi>0.02;n_spikes<100;fr<0.2;presence<0.8;firing_rate_qm_low;num_spikes_qm_low
VMPFC,212,VMPFC_unit212,59,508,1.138,9.7503,,1.138,0.7143,508,False,isi>0.02;presence<0.8
VMPFC,213,VMPFC_unit213,59,11,0.0246,6.2516,,0.0246,0.2857,11,False,isi>0.02;n_spikes<100;fr<0.2;presence<0.8;firing_rate_qm_low;num_spikes_qm_low
VMPFC,214,VMPFC_unit214,63,48,0.1075,16.9915,,0.1075,0.2857,48,False,isi>0.02;n_spikes<100;fr<0.2;presence<0.8;firing_rate_qm_low;num_spikes_qm_low
VMPFC,215,VMPFC_unit215,55,37,0.0829,16.0387,,0.0829,0.1429,37,False,isi>0.02;n_spikes<100;fr<0.2;presence<0.8;firing_rate_qm_low;num_spikes_qm_low
VMPFC,216,VMPFC_unit216,59,63,0.1411,11.0809,,0.1411,0.2857,63,False,isi>0.02;n_spikes<100;fr<0.2;presence<0.8;firing_rate_qm_low;num_spikes_qm_low
VMPFC,217,VMPFC_unit217,63,36,0.0806,19.1258,,0.0806,0.2857,36,False,isi>0.02;n_spikes<100;fr<0.2;presence<0.8;firing_rate_qm_low;num_spikes_qm_low
VMPFC,218,VMPFC_unit218,59,63,0.1411,19.7185,,0.1411,0.4286,63,False,isi>0.02;n_spikes<100;fr<0.2;presence<0.8;firing_rate_qm_low;num_spikes_qm_low
VMPFC,219,VMPFC_unit219,51,17,0.0381,7.7826,,0.0381,0.2857,17,False,isi>0.02;n_spikes<100;fr<0.2;presence<0.8;firing_rate_qm_low;num_spikes_qm_low
VMPFC,220,VMPFC_unit220,59,64,0.1434,10.9834,,0.1434,0.4286,64,False,isi>0.02;n_spikes<100;fr<0.2;presence<0.8;firing_rate_qm_low;num_spikes_qm_low
VMPFC,221,VMPFC_unit221,59,20,0.0448,11.3791,,0.0448,0.2857,20,False,isi>0.02;n_spikes<100;fr<0.2;presence<0.8;firing_rate_qm_low;num_spikes_qm_low
VMPFC,222,VMPFC_unit222,55,37,0.0829,14.0127,,0.0829,0.5714,37,False,isi>0.02;n_spikes<100;fr<0.2;presence<0.8;firing_rate_qm_low;num_spikes_qm_low
VMPFC,223,VMPFC_unit223,59,13,0.0291,23.3892,,0.0291,0.1429,13,False,isi>0.02;n_spikes<100;fr<0.2;presence<0.8;firing_rate_qm_low;num_spikes_qm_low
VMPFC,224,VMPFC_unit224,59,51,0.1143,16.9196,,0.1143,0.4286,51,False,isi>0.02;n_spikes<100;fr<0.2;presence<0.8;firing_rate_qm_low;num_spikes_qm_low
VMPFC,225,VMPFC_unit225,59,11,0.0246,27.404,,0.0246,0.1429,11,False,isi>0.02;n_spikes<100;fr<0.2;presence<0.8;firing_rate_qm_low;num_spikes_qm_low
VMPFC,226,VMPFC_unit226,59,43,0.0963,13.7192,,0.0963,0.4286,43,False,isi>0.02;n_spikes<100;fr<0.2;presence<0.8;firing_rate_qm_low;num_spikes_qm_low
VMPFC,227,VMPFC_unit227,61,12,0.0269,14.5103,,0.0269,0.2857,12,False,isi>0.02;n_spikes<100;fr<0.2;presence<0.8;firing_rate_qm_low;num_spikes_qm_low
VMPFC,228,VMPFC_unit228,51,27,0.0605,10.0716,,0.0605,0.2857,27,False,isi>0.02;n_spikes<100;fr<0.2;presence<0.8;firing_rate_qm_low;num_spikes_qm_low
VMPFC,229,VMPFC_unit229,59,47,0.1053,10.7712,,0.1053,0.5714,47,False,isi>0.02;n_spikes<100;fr<0.2;presence<0.8;firing_rate_qm_low;num_spikes_qm_low
VMPFC,230,VMPFC_unit230,54,14,0.0314,11.7467,,0.0314,0.2857,14,False,isi>0.02;n_spikes<100;fr<0.2;presence<0.8;firing_rate_qm_low;num_spikes_qm_low
VMPFC,231,VMPFC_unit231,59,29,0.065,43.5436,,0.065,0.1429,29,False,isi>0.02;n_spikes<100;fr<0.2;presence<0.8;firing_rate_qm_low;num_spikes_qm_low
VMPFC,232,VMPFC_unit232,59,29,0.065,14.0863,,0.065,0.1429,29,False,isi>0.02;n_spikes<100;fr<0.2;presence<0.8;firing_rate_qm_low;num_spikes_qm_low
VMPFC,233,VMPFC_unit233,51,38,0.0851,8.8752,,0.0851,0.2857,38,False,isi>0.02;n_spikes<100;fr<0.2;presence<0.8;firing_rate_qm_low;num_spikes_qm_low
VMPFC,234,VMPFC_unit234,59,91,0.2039,12.813,,0.2039,0.1429,91,False,isi>0.02;n_spikes<100;presence<0.8;num_spikes_qm_low
VMPFC,235,VMPFC_unit235,63,21,0.047,27.4131,,0.047,0.1429,21,False,isi>0.02;n_spikes<100;fr<0.2;presence<0.8;firing_rate_qm_low;num_spikes_qm_low
VMPFC,236,VMPFC_unit236,63,14,0.0314,23.25,,0.0314,0.1429,14,False,isi>0.02;n_spikes<100;fr<0.2;presence<0.8;firing_rate_qm_low;num_spikes_qm_low
VMPFC,237,VMPFC_unit237,59,44,0.0986,11.4308,,0.0986,0.2857,44,False,isi>0.02;n_spikes<100;fr<0.2;presence<0.8;firing_rate_qm_low;num_spikes_qm_low
VMPFC,238,VMPFC_unit238,55,114,0.2554,11.3395,,0.2554,0.2857,114,False,isi>0.02;presence<0.8
VMPFC,239,VMPFC_unit239,60,40,0.0896,11.561,,0.0896,0.4286,40,False,isi>0.02;n_spikes<100;fr<0.2;presence<0.8;firing_rate_qm_low;num_spikes_qm_low
VMPFC,240,VMPFC_unit240,51,23,0.0515,7.868,,0.0515,0.1429,23,False,isi>0.02;n_spikes<100;fr<0.2;presence<0.8;firing_rate_qm_low;num_spikes_qm_low
VMPFC,241,VMPFC_unit241,51,36,0.0806,8.9118,,0.0806,0.1429,36,False,isi>0.02;n_spikes<100;fr<0.2;presence<0.8;firing_rate_qm_low;num_spikes_qm_low
VMPFC,242,VMPFC_unit242,60,15,0.0336,15.1513,,0.0336,0.1429,15,False,isi>0.02;n_spikes<100;fr<0.2;presence<0.8;firing_rate_qm_low;num_spikes_qm_low
VMPFC,243,VMPFC_unit243,60,41,0.0918,8.4006,,0.0918,0.2857,41,False,isi>0.02;n_spikes<100;fr<0.2;presence<0.8;firing_rate_qm_low;num_spikes_qm_low
VMPFC,244,VMPFC_unit244,56,20,0.0448,17.8938,,0.0448,0.1429,20,False,isi>0.02;n_spikes<100;fr<0.2;presence<0.8;firing_rate_qm_low;num_spikes_qm_low
VMPFC,245,VMPFC_unit245,60,37,0.0829,14.9073,,0.0829,0.1429,37,False,isi>0.02;n_spikes<100;fr<0.2;presence<0.8;firing_rate_qm_low;num_spikes_qm_low
VMPFC,246,VMPFC_unit246,56,23,0.0515,13.7499,,0.0515,0.2857,23,False,isi>0.02;n_spikes<100;fr<0.2;presence<0.8;firing_rate_qm_low;num_spikes_qm_low
VMPFC,247,VMPFC_unit247,52,77,0.1725,10.4934,,0.1725,0.1429,77,False,isi>0.02;n_spikes<100;fr<0.2;presence<0.8;firing_rate_qm_low;num_spikes_qm_low
VMPFC,248,VMPFC_unit248,56,52,0.1165,15.0681,,0.1165,0.1429,52,False,isi>0.02;n_spikes<100;fr<0.2;presence<0.8;firing_rate_qm_low;num_spikes_qm_low
VMPFC,249,VMPFC_unit249,60,77,0.1725,11.073,,0.1725,0.5714,77,False,isi>0.02;n_spikes<100;fr<0.2;presence<0.8;firing_rate_qm_low;num_spikes_qm_low
VMPFC,250,VMPFC_unit250,60,158,0.354,7.3084,,0.354,1.0,158,False,isi>0.02
VMPFC,251,VMPFC_unit251,60,119,0.2666,8.7841,,0.2666,0.4286,119,False,isi>0.02;presence<0.8
VMPFC,252,VMPFC_unit252,60,151,0.3383,9.8182,,0.3383,0.7143,151,False,isi>0.02;presence<0.8
VMPFC,253,VMPFC_unit253,60,182,0.4077,13.0308,,0.4077,0.5714,182,False,isi>0.02;presence<0.8
VMPFC,254,VMPFC_unit254,60,31,0.0694,21.2862,,0.0694,0.1429,31,False,isi>0.02;n_spikes<100;fr<0.2;presence<0.8;firing_rate_qm_low;num_spikes_qm_low
VMPFC,255,VMPFC_unit255,60,123,0.2755,7.8429,,0.2755,0.4286,123,False,isi>0.02;presence<0.8
VMPFC,256,VMPFC_unit256,60,48,0.1075,8.6853,,0.1075,0.4286,48,False,isi>0.02;n_spikes<100;fr<0.2;presence<0.8;firing_rate_qm_low;num_spikes_qm_low
VMPFC,257,VMPFC_unit257,60,172,0.3853,13.2748,,0.3853,0.4286,172,False,isi>0.02;presence<0.8
VMPFC,258,VMPFC_unit258,60,65,0.1456,19.0554,,0.1456,0.2857,65,False,isi>0.02;n_spikes<100;fr<0.2;presence<0.8;firing_rate_qm_low;num_spikes_qm_low
VMPFC,259,VMPFC_unit259,60,54,0.121,9.2198,,0.121,0.4286,54,False,isi>0.02;n_spikes<100;fr<0.2;presence<0.8;firing_rate_qm_low;num_spikes_qm_low
VMPFC,260,VMPFC_unit260,60,141,0.3159,12.7578,,0.3159,0.4286,141,False,isi>0.02;presence<0.8
VMPFC,261,VMPFC_unit261,61,52,0.1165,13.7592,,0.1165,0.1429,52,False,isi>0.02;n_spikes<100;fr<0.2;presence<0.8;firing_rate_qm_low;num_spikes_qm_low
VMPFC,262,VMPFC_unit262,54,28,0.0627,12.4701,,0.0627,0.1429,28,False,isi>0.02;n_spikes<100;fr<0.2;presence<0.8;firing_rate_qm_low;num_spikes_qm_low
VMPFC,263,VMPFC_unit263,60,44,0.0986,20.8679,,0.0986,0.1429,44,False,isi>0.02;n_spikes<100;fr<0.2;presence<0.8;firing_rate_qm_low;num_spikes_qm_low
VMPFC,264,VMPFC_unit264,60,89,0.1994,7.7848,,0.1994,0.4286,89,False,isi>0.02;n_spikes<100;fr<0.2;presence<0.8;firing_rate_qm_low;num_spikes_qm_low
VMPFC,265,VMPFC_unit265,63,18,0.0403,24.8953,,0.0403,0.1429,18,False,isi>0.02;n_spikes<100;fr<0.2;presence<0.8;firing_rate_qm_low;num_spikes_qm_low
VMPFC,266,VMPFC_unit266,60,39,0.0874,8.97,,0.0874,0.2857,39,False,isi>0.02;n_spikes<100;fr<0.2;presence<0.8;firing_rate_qm_low;num_spikes_qm_low
VMPFC,267,VMPFC_unit267,60,54,0.121,11.8457,,0.121,0.2857,54,False,isi>0.02;n_spikes<100;fr<0.2;presence<0.8;firing_rate_qm_low;num_spikes_qm_low
VMPFC,268,VMPFC_unit268,61,14,0.0314,25.0266,,0.0314,0.1429,14,False,isi>0.02;n_spikes<100;fr<0.2;presence<0.8;firing_rate_qm_low;num_spikes_qm_low
VMPFC,269,VMPFC_unit269,61,19,0.0426,23.8817,,0.0426,0.1429,19,False,isi>0.02;n_spikes<100;fr<0.2;presence<0.8;firing_rate_qm_low;num_spikes_qm_low
VMPFC,270,VMPFC_unit270,63,19,0.0426,10.1048,,0.0426,0.1429,19,False,isi>0.02;n_spikes<100;fr<0.2;presence<0.8;firing_rate_qm_low;num_spikes_qm_low
VMPFC,271,VMPFC_unit271,56,29,0.065,17.0012,,0.065,0.1429,29,False,isi>0.02;n_spikes<100;fr<0.2;presence<0.8;firing_rate_qm_low;num_spikes_qm_low
VMPFC,272,VMPFC_unit272,63,54,0.121,15.3462,,0.121,0.2857,54,False,isi>0.02;n_spikes<100;fr<0.2;presence<0.8;firing_rate_qm_low;num_spikes_qm_low
VMPFC,273,VMPFC_unit273,51,21,0.047,4.0591,,0.047,0.1429,21,False,snr<5.0;isi>0.02;n_spikes<100;fr<0.2;presence<0.8;firing_rate_qm_low;num_spikes_qm_low
VMPFC,274,VMPFC_unit274,63,33,0.0739,14.1735,,0.0739,0.1429,33,False,isi>0.02;n_spikes<100;fr<0.2;presence<0.8;firing_rate_qm_low;num_spikes_qm_low
VMPFC,275,VMPFC_unit275,60,23,0.0515,31.0695,,0.0515,0.1429,23,False,isi>0.02;n_spikes<100;fr<0.2;presence<0.8;firing_rate_qm_low;num_spikes_qm_low
VMPFC,276,VMPFC_unit276,60,90,0.2016,32.1733,,0.2016,0.1429,90,False,isi>0.02;n_spikes<100;presence<0.8;num_spikes_qm_low
VMPFC,277,VMPFC_unit277,51,11,0.0246,8.4418,,0.0246,0.1429,11,False,isi>0.02;n_spikes<100;fr<0.2;presence<0.8;firing_rate_qm_low;num_spikes_qm_low
VMPFC,278,VMPFC_unit278,63,39,0.0874,18.8424,,0.0874,0.2857,39,False,isi>0.02;n_spikes<100;fr<0.2;presence<0.8;firing_rate_qm_low;num_spikes_qm_low
VMPFC,279,VMPFC_unit279,51,20,0.0448,10.7308,,0.0448,0.1429,20,False,isi>0.02;n_spikes<100;fr<0.2;presence<0.8;firing_rate_qm_low;num_spikes_qm_low
VMPFC,280,VMPFC_unit280,63,22,0.0493,17.6418,,0.0493,0.1429,22,False,isi>0.02;n_spikes<100;fr<0.2;presence<0.8;firing_rate_qm_low;num_spikes_qm_low
VMPFC,281,VMPFC_unit281,63,22,0.0493,21.0212,,0.0493,0.1429,22,False,isi>0.02;n_spikes<100;fr<0.2;presence<0.8;firing_rate_qm_low;num_spikes_qm_low
VMPFC,282,VMPFC_unit282,63,10,0.0224,18.2865,,0.0224,0.1429,10,False,isi>0.02;n_spikes<100;fr<0.2;presence<0.8;firing_rate_qm_low;num_spikes_qm_low
VMPFC,283,VMPFC_unit283,61,20,0.0448,15.8262,,0.0448,0.1429,20,False,isi>0.02;n_spikes<100;fr<0.2;presence<0.8;firing_rate_qm_low;num_spikes_qm_low
VMPFC,284,VMPFC_unit284,51,32,0.0717,19.5663,,0.0717,0.1429,32,False,isi>0.02;n_spikes<100;fr<0.2;presence<0.8;firing_rate_qm_low;num_spikes_qm_low
VMPFC,285,VMPFC_unit285,60,47,0.1053,29.5474,,0.1053,0.1429,47,False,isi>0.02;n_spikes<100;fr<0.2;presence<0.8;firing_rate_qm_low;num_spikes_qm_low
VMPFC,286,VMPFC_unit286,60,18,0.0403,28.7515,,0.0403,0.1429,18,False,isi>0.02;n_spikes<100;fr<0.2;presence<0.8;firing_rate_qm_low;num_spikes_qm_low
VMPFC,287,VMPFC_unit287,60,26,0.0582,15.2675,,0.0582,0.2857,26,False,isi>0.02;n_spikes<100;fr<0.2;presence<0.8;firing_rate_qm_low;num_spikes_qm_low
VMPFC,288,VMPFC_unit288,60,22,0.0493,24.0051,,0.0493,0.1429,22,False,isi>0.02;n_spikes<100;fr<0.2;presence<0.8;firing_rate_qm_low;num_spikes_qm_low
VMPFC,289,VMPFC_unit289,60,30,0.0672,21.7917,,0.0672,0.1429,30,False,isi>0.02;n_spikes<100;fr<0.2;presence<0.8;firing_rate_qm_low;num_spikes_qm_low
VMPFC,290,VMPFC_unit290,60,25,0.056,24.6093,,0.056,0.1429,25,False,isi>0.02;n_spikes<100;fr<0.2;presence<0.8;firing_rate_qm_low;num_spikes_qm_low
VMPFC,291,VMPFC_unit291,60,20,0.0448,24.7661,,0.0448,0.1429,20,False,isi>0.02;n_spikes<100;fr<0.2;presence<0.8;firing_rate_qm_low;num_spikes_qm_low
VMPFC,292,VMPFC_unit292,60,34,0.0762,18.3059,,0.0762,0.2857,34,False,isi>0.02;n_spikes<100;fr<0.2;presence<0.8;firing_rate_qm_low;num_spikes_qm_low
VMPFC,293,VMPFC_unit293,60,83,0.1859,23.5287,,0.1859,0.1429,83,False,isi>0.02;n_spikes<100;fr<0.2;presence<0.8;firing_rate_qm_low;num_spikes_qm_low
VMPFC,294,VMPFC_unit294,51,12,0.0269,15.0829,,0.0269,0.1429,12,False,isi>0.02;n_spikes<100;fr<0.2;presence<0.8;firing_rate_qm_low;num_spikes_qm_low
VMPFC,295,VMPFC_unit295,56,27,0.0605,13.3361,,0.0605,0.1429,27,False,isi>0.02;n_spikes<100;fr<0.2;presence<0.8;firing_rate_qm_low;num_spikes_qm_low
VMPFC,296,VMPFC_unit296,60,16,0.0358,14.0475,,0.0358,0.1429,16,False,isi>0.02;n_spikes<100;fr<0.2;presence<0.8;firing_rate_qm_low;num_spikes_qm_low
VMPFC,297,VMPFC_unit297,60,30,0.0672,14.9131,,0.0672,0.1429,30,False,isi>0.02;n_spikes<100;fr<0.2;presence<0.8;firing_rate_qm_low;num_spikes_qm_low
VMPFC,298,VMPFC_unit298,60,41,0.0918,10.7128,,0.0918,0.1429,41,False,isi>0.02;n_spikes<100;fr<0.2;presence<0.8;firing_rate_qm_low;num_spikes_qm_low
VMPFC,299,VMPFC_unit299,60,19,0.0426,9.9111,,0.0426,0.4286,19,False,isi>0.02;n_spikes<100;fr<0.2;presence<0.8;firing_rate_qm_low;num_spikes_qm_low
VMPFC,300,VMPFC_unit300,55,24,0.0538,23.1235,,0.0538,0.1429,24,False,isi>0.02;n_spikes<100;fr<0.2;presence<0.8;firing_rate_qm_low;num_spikes_qm_low
VMPFC,301,VMPFC_unit301,55,20,0.0448,14.163,,0.0448,0.1429,20,False,isi>0.02;n_spikes<100;fr<0.2;presence<0.8;firing_rate_qm_low;num_spikes_qm_low
VMPFC,302,VMPFC_unit302,60,24,0.0538,14.9829,,0.0538,0.2857,24,False,isi>0.02;n_spikes<100;fr<0.2;presence<0.8;firing_rate_qm_low;num_spikes_qm_low
VMPFC,303,VMPFC_unit303,60,32,0.0717,13.6699,,0.0717,0.1429,32,False,isi>0.02;n_spikes<100;fr<0.2;presence<0.8;firing_rate_qm_low;num_spikes_qm_low
VMPFC,304,VMPFC_unit304,60,62,0.1389,32.6962,,0.1389,0.1429,62,False,isi>0.02;n_spikes<100;fr<0.2;presence<0.8;firing_rate_qm_low;num_spikes_qm_low
VMPFC,305,VMPFC_unit305,60,24,0.0538,30.1981,,0.0538,0.1429,24,False,isi>0.02;n_spikes<100;fr<0.2;presence<0.8;firing_rate_qm_low;num_spikes_qm_low
VMPFC,306,VMPFC_unit306,60,22,0.0493,13.9139,,0.0493,0.2857,22,False,isi>0.02;n_spikes<100;fr<0.2;presence<0.8;firing_rate_qm_low;num_spikes_qm_low
VMPFC,307,VMPFC_unit307,60,84,0.1882,20.6065,,0.1882,0.1429,84,False,isi>0.02;n_spikes<100;fr<0.2;presence<0.8;firing_rate_qm_low;num_spikes_qm_low
VMPFC,308,VMPFC_unit308,51,19,0.0426,6.4092,,0.0426,0.1429,19,False,isi>0.02;n_spikes<100;fr<0.2;presence<0.8;firing_rate_qm_low;num_spikes_qm_low
VMPFC,309,VMPFC_unit309,51,25,0.056,6.342,,0.056,0.1429,25,False,isi>0.02;n_spikes<100;fr<0.2;presence<0.8;firing_rate_qm_low;num_spikes_qm_low
VMPFC,310,VMPFC_unit310,61,40,0.0896,32.6832,,0.0896,0.1429,40,False,isi>0.02;n_spikes<100;fr<0.2;presence<0.8;firing_rate_qm_low;num_spikes_qm_low
VMPFC,311,VMPFC_unit311,55,29,0.065,32.6134,,0.065,0.1429,29,False,isi>0.02;n_spikes<100;fr<0.2;presence<0.8;firing_rate_qm_low;num_spikes_qm_low
VMPFC,312,VMPFC_unit312,61,84,0.1882,25.7415,,0.1882,0.2857,84,False,isi>0.02;n_spikes<100;fr<0.2;presence<0.8;firing_rate_qm_low;num_spikes_qm_low
VMPFC,313,VMPFC_unit313,61,21,0.047,34.2529,,0.047,0.1429,21,False,isi>0.02;n_spikes<100;fr<0.2;presence<0.8;firing_rate_qm_low;num_spikes_qm_low
VMPFC,314,VMPFC_unit314,61,25,0.056,36.8845,,0.056,0.1429,25,False,isi>0.02;n_spikes<100;fr<0.2;presence<0.8;firing_rate_qm_low;num_spikes_qm_low
VMPFC,315,VMPFC_unit315,61,117,0.2621,13.4587,,0.2621,0.5714,117,False,isi>0.02;presence<0.8
VMPFC,316,VMPFC_unit316,61,15,0.0336,14.5052,,0.0336,0.4286,15,False,isi>0.02;n_spikes<100;fr<0.2;presence<0.8;firing_rate_qm_low;num_spikes_qm_low
VMPFC,317,VMPFC_unit317,61,32,0.0717,39.2934,,0.0717,0.1429,32,False,isi>0.02;n_spikes<100;fr<0.2;presence<0.8;firing_rate_qm_low;num_spikes_qm_low
VMPFC,318,VMPFC_unit318,61,32,0.0717,12.49,,0.0717,0.2857,32,False,isi>0.02;n_spikes<100;fr<0.2;presence<0.8;firing_rate_qm_low;num_spikes_qm_low
VMPFC,319,VMPFC_unit319,61,44,0.0986,14.1011,,0.0986,0.1429,44,False,isi>0.02;n_spikes<100;fr<0.2;presence<0.8;firing_rate_qm_low;num_spikes_qm_low
VMPFC,320,VMPFC_unit320,51,66,0.1479,9.7633,,0.1479,0.4286,66,False,isi>0.02;n_spikes<100;fr<0.2;presence<0.8;firing_rate_qm_low;num_spikes_qm_low
VMPFC,321,VMPFC_unit321,52,10,0.0224,13.847,,0.0224,0.1429,10,False,isi>0.02;n_spikes<100;fr<0.2;presence<0.8;firing_rate_qm_low;num_spikes_qm_low
VMPFC,322,VMPFC_unit322,61,23,0.0515,16.5566,,0.0515,0.1429,23,False,isi>0.02;n_spikes<100;fr<0.2;presence<0.8;firing_rate_qm_low;num_spikes_qm_low
VMPFC,323,VMPFC_unit323,61,40,0.0896,9.9516,,0.0896,0.4286,40,False,isi>0.02;n_spikes<100;fr<0.2;presence<0.8;firing_rate_qm_low;num_spikes_qm_low
VMPFC,324,VMPFC_unit324,61,250,0.5601,10.5525,,0.5601,0.8571,250,False,isi>0.02
VMPFC,325,VMPFC_unit325,61,60,0.1344,15.0077,,0.1344,0.1429,60,False,isi>0.02;n_spikes<100;fr<0.2;presence<0.8;firing_rate_qm_low;num_spikes_qm_low
VMPFC,326,VMPFC_unit326,61,61,0.1367,13.6141,,0.1367,0.5714,61,False,isi>0.02;n_spikes<100;fr<0.2;presence<0.8;firing_rate_qm_low;num_spikes_qm_low
VMPFC,327,VMPFC_unit327,61,27,0.0605,25.8606,,0.0605,0.1429,27,False,isi>0.02;n_spikes<100;fr<0.2;presence<0.8;firing_rate_qm_low;num_spikes_qm_low
VMPFC,328,VMPFC_unit328,61,39,0.0874,15.2408,,0.0874,0.2857,39,False,isi>0.02;n_spikes<100;fr<0.2;presence<0.8;firing_rate_qm_low;num_spikes_qm_low
VMPFC,329,VMPFC_unit329,61,39,0.0874,16.3079,,0.0874,0.1429,39,False,isi>0.02;n_spikes<100;fr<0.2;presence<0.8;firing_rate_qm_low;num_spikes_qm_low
VMPFC,330,VMPFC_unit330,52,12,0.0269,10.8466,,0.0269,0.1429,12,False,isi>0.02;n_spikes<100;fr<0.2;presence<0.8;firing_rate_qm_low;num_spikes_qm_low
VMPFC,331,VMPFC_unit331,61,34,0.0762,41.8888,,0.0762,0.1429,34,False,isi>0.02;n_spikes<100;fr<0.2;presence<0.8;firing_rate_qm_low;num_spikes_qm_low
VMPFC,332,VMPFC_unit332,61,43,0.0963,9.7185,,0.0963,0.4286,43,False,isi>0.02;n_spikes<100;fr<0.2;presence<0.8;firing_rate_qm_low;num_spikes_qm_low
VMPFC,333,VMPFC_unit333,61,28,0.0627,10.2054,,0.0627,0.2857,28,False,isi>0.02;n_spikes<100;fr<0.2;presence<0.8;firing_rate_qm_low;num_spikes_qm_low
VMPFC,334,VMPFC_unit334,61,56,0.1255,15.6656,,0.1255,0.2857,56,False,isi>0.02;n_spikes<100;fr<0.2;presence<0.8;firing_rate_qm_low;num_spikes_qm_low
VMPFC,335,VMPFC_unit335,61,45,0.1008,24.8349,,0.1008,0.1429,45,False,isi>0.02;n_spikes<100;fr<0.2;presence<0.8;firing_rate_qm_low;num_spikes_qm_low
VMPFC,336,VMPFC_unit336,52,26,0.0582,8.6519,,0.0582,0.4286,26,False,isi>0.02;n_spikes<100;fr<0.2;presence<0.8;firing_rate_qm_low;num_spikes_qm_low
VMPFC,337,VMPFC_unit337,51,37,0.0829,22.6702,,0.0829,0.1429,37,False,isi>0.02;n_spikes<100;fr<0.2;presence<0.8;firing_rate_qm_low;num_spikes_qm_low
VMPFC,338,VMPFC_unit338,56,21,0.047,9.4109,,0.047,0.1429,21,False,isi>0.02;n_spikes<100;fr<0.2;presence<0.8;firing_rate_qm_low;num_spikes_qm_low
VMPFC,339,VMPFC_unit339,62,79,0.177,14.6851,,0.177,0.7143,79,False,isi>0.02;n_spikes<100;fr<0.2;presence<0.8;firing_rate_qm_low;num_spikes_qm_low
VMPFC,340,VMPFC_unit340,56,12,0.0269,14.6248,,0.0269,0.1429,12,False,isi>0.02;n_spikes<100;fr<0.2;presence<0.8;firing_rate_qm_low;num_spikes_qm_low
VMPFC,341,VMPFC_unit341,62,53,0.1187,31.609,,0.1187,0.1429,53,False,isi>0.02;n_spikes<100;fr<0.2;presence<0.8;firing_rate_qm_low;num_spikes_qm_low
VMPFC,342,VMPFC_unit342,62,54,0.121,16.5634,,0.121,0.2857,54,False,isi>0.02;n_spikes<100;fr<0.2;presence<0.8;firing_rate_qm_low;num_spikes_qm_low
VMPFC,343,VMPFC_unit343,63,26,0.0582,22.4997,,0.0582,0.1429,26,False,isi>0.02;n_spikes<100;fr<0.2;presence<0.8;firing_rate_qm_low;num_spikes_qm_low
VMPFC,344,VMPFC_unit344,51,24,0.0538,9.745,,0.0538,0.1429,24,False,isi>0.02;n_spikes<100;fr<0.2;presence<0.8;firing_rate_qm_low;num_spikes_qm_low
VMPFC,345,VMPFC_unit345,56,21,0.047,11.5745,,0.047,0.1429,21,False,isi>0.02;n_spikes<100;fr<0.2;presence<0.8;firing_rate_qm_low;num_spikes_qm_low
VMPFC,346,VMPFC_unit346,62,23,0.0515,15.8045,,0.0515,0.1429,23,False,isi>0.02;n_spikes<100;fr<0.2;presence<0.8;firing_rate_qm_low;num_spikes_qm_low
VMPFC,347,VMPFC_unit347,51,24,0.0538,11.5823,,0.0538,0.1429,24,False,isi>0.02;n_spikes<100;fr<0.2;presence<0.8;firing_rate_qm_low;num_spikes_qm_low
VMPFC,348,VMPFC_unit348,63,20,0.0448,14.0012,,0.0448,0.2857,20,False,isi>0.02;n_spikes<100;fr<0.2;presence<0.8;firing_rate_qm_low;num_spikes_qm_low
VMPFC,349,VMPFC_unit349,63,18,0.0403,17.6751,,0.0403,0.1429,18,False,isi>0.02;n_spikes<100;fr<0.2;presence<0.8;firing_rate_qm_low;num_spikes_qm_low
VMPFC,350,VMPFC_unit350,63,111,0.2487,19.4871,,0.2487,0.7143,111,False,isi>0.02;presence<0.8
VMPFC,351,VMPFC_unit351,63,37,0.0829,18.5089,,0.0829,0.2857,37,False,isi>0.02;n_spikes<100;fr<0.2;presence<0.8;firing_rate_qm_low;num_spikes_qm_low
VMPFC,352,VMPFC_unit352,63,45,0.1008,23.0888,,0.1008,0.4286,45,False,isi>0.02;n_spikes<100;fr<0.2;presence<0.8;firing_rate_qm_low;num_spikes_qm_low
VMPFC,353,VMPFC_unit353,63,37,0.0829,25.7345,,0.0829,0.1429,37,False,isi>0.02;n_spikes<100;fr<0.2;presence<0.8;firing_rate_qm_low;num_spikes_qm_low
VMPFC,354,VMPFC_unit354,63,121,0.2711,19.6761,,0.2711,0.2857,121,False,isi>0.02;presence<0.8
VMPFC,355,VMPFC_unit355,51,15,0.0336,8.5151,,0.0336,0.1429,15,False,isi>0.02;n_spikes<100;fr<0.2;presence<0.8;firing_rate_qm_low;num_spikes_qm_low
VMPFC,356,VMPFC_unit356,63,68,0.1523,17.4083,,0.1523,0.4286,68,False,isi>0.02;n_spikes<100;fr<0.2;presence<0.8;firing_rate_qm_low;num_spikes_qm_low
VMPFC,357,VMPFC_unit357,63,48,0.1075,26.9351,,0.1075,0.1429,48,False,isi>0.02;n_spikes<100;fr<0.2;presence<0.8;firing_rate_qm_low;num_spikes_qm_low
VMPFC,358,VMPFC_unit358,63,22,0.0493,20.2986,,0.0493,0.1429,22,False,isi>0.02;n_spikes<100;fr<0.2;presence<0.8;firing_rate_qm_low;num_spikes_qm_low
VMPFC,359,VMPFC_unit359,63,17,0.0381,26.9129,,0.0381,0.2857,17,False,isi>0.02;n_spikes<100;fr<0.2;presence<0.8;firing_rate_qm_low;num_spikes_qm_low
VMPFC,360,VMPFC_unit360,63,17,0.0381,30.0033,,0.0381,0.1429,17,False,isi>0.02;n_spikes<100;fr<0.2;presence<0.8;firing_rate_qm_low;num_spikes_qm_low
VMPFC,361,VMPFC_unit361,63,20,0.0448,27.7188,,0.0448,0.1429,20,False,isi>0.02;n_spikes<100;fr<0.2;presence<0.8;firing_rate_qm_low;num_spikes_qm_low
VMPFC,362,VMPFC_unit362,63,22,0.0493,24.5673,,0.0493,0.1429,22,False,isi>0.02;n_spikes<100;fr<0.2;presence<0.8;firing_rate_qm_low;num_spikes_qm_low
VMPFC,363,VMPFC_unit363,63,16,0.0358,23.1166,,0.0358,0.1429,16,False,isi>0.02;n_spikes<100;fr<0.2;presence<0.8;firing_rate_qm_low;num_spikes_qm_low
VMPFC,364,VMPFC_unit364,63,53,0.1187,20.432,,0.1187,0.2857,53,False,isi>0.02;n_spikes<100;fr<0.2;presence<0.8;firing_rate_qm_low;num_spikes_qm_low
VMPFC,365,VMPFC_unit365,63,42,0.0941,18.0698,,0.0941,0.1429,42,False,isi>0.02;n_spikes<100;fr<0.2;presence<0.8;firing_rate_qm_low;num_spikes_qm_low
VMPFC,366,VMPFC_unit366,63,53,0.1187,16.0299,,0.1187,0.5714,53,False,isi>0.02;n_spikes<100;fr<0.2;presence<0.8;firing_rate_qm_low;num_spikes_qm_low
VMPFC,367,VMPFC_unit367,63,19,0.0426,29.2585,,0.0426,0.1429,19,False,isi>0.02;n_spikes<100;fr<0.2;presence<0.8;firing_rate_qm_low;num_spikes_qm_low
VMPFC,368,VMPFC_unit368,63,17,0.0381,29.7031,,0.0381,0.1429,17,False,isi>0.02;n_spikes<100;fr<0.2;presence<0.8;firing_rate_qm_low;num_spikes_qm_low
VMPFC,369,VMPFC_unit369,63,19,0.0426,29.6698,,0.0426,0.1429,19,False,isi>0.02;n_spikes<100;fr<0.2;presence<0.8;firing_rate_qm_low;num_spikes_qm_low
VMPFC,370,VMPFC_unit370,63,24,0.0538,23.4668,,0.0538,0.1429,24,False,isi>0.02;n_spikes<100;fr<0.2;presence<0.8;firing_rate_qm_low;num_spikes_qm_low
VMPFC,371,VMPFC_unit371,63,26,0.0582,20.1708,,0.0582,0.1429,26,False,isi>0.02;n_spikes<100;fr<0.2;presence<0.8;firing_rate_qm_low;num_spikes_qm_low
VMPFC,372,VMPFC_unit372,63,76,0.1703,17.0804,,0.1703,0.2857,76,False,isi>0.02;n_spikes<100;fr<0.2;presence<0.8;firing_rate_qm_low;num_spikes_qm_low
VMPFC,373,VMPFC_unit373,63,16,0.0358,21.1879,,0.0358,0.1429,16,False,isi>0.02;n_spikes<100;fr<0.2;presence<0.8;firing_rate_qm_low;num_spikes_qm_low
VMPFC,374,VMPFC_unit374,63,75,0.168,16.8525,,0.168,0.1429,75,False,isi>0.02;n_spikes<100;fr<0.2;presence<0.8;firing_rate_qm_low;num_spikes_qm_low
VMPFC,375,VMPFC_unit375,63,50,0.112,21.8994,,0.112,0.2857,50,False,isi>0.02;n_spikes<100;fr<0.2;presence<0.8;firing_rate_qm_low;num_spikes_qm_low
VMPFC,376,VMPFC_unit376,63,43,0.0963,21.8549,,0.0963,0.1429,43,False,isi>0.02;n_spikes<100;fr<0.2;presence<0.8;firing_rate_qm_low;num_spikes_qm_low
VMPFC,377,VMPFC_unit377,63,42,0.0941,26.5738,,0.0941,0.2857,42,False,isi>0.02;n_spikes<100;fr<0.2;presence<0.8;firing_rate_qm_low;num_spikes_qm_low
VMPFC,378,VMPFC_unit378,63,23,0.0515,22.2773,,0.0515,0.1429,23,False,isi>0.02;n_spikes<100;fr<0.2;presence<0.8;firing_rate_qm_low;num_spikes_qm_low
VMPFC,379,VMPFC_unit379,63,39,0.0874,18.2198,,0.0874,0.1429,39,False,isi>0.02;n_spikes<100;fr<0.2;presence<0.8;firing_rate_qm_low;num_spikes_qm_low
VMPFC,380,VMPFC_unit380,63,17,0.0381,26.2681,,0.0381,0.1429,17,False,isi>0.02;n_spikes<100;fr<0.2;presence<0.8;firing_rate_qm_low;num_spikes_qm_low
VMPFC,381,VMPFC_unit381,63,24,0.0538,26.0847,,0.0538,0.1429,24,False,isi>0.02;n_spikes<100;fr<0.2;presence<0.8;firing_rate_qm_low;num_spikes_qm_low
VMPFC,382,VMPFC_unit382,63,24,0.0538,31.9153,,0.0538,0.1429,24,False,isi>0.02;n_spikes<100;fr<0.2;presence<0.8;firing_rate_qm_low;num_spikes_qm_low
VMPFC,383,VMPFC_unit383,63,11,0.0246,25.5345,,0.0246,0.1429,11,False,isi>0.02;n_spikes<100;fr<0.2;presence<0.8;firing_rate_qm_low;num_spikes_qm_low
VMPFC,384,VMPFC_unit384,63,56,0.1255,33.7106,,0.1255,0.2857,56,False,isi>0.02;n_spikes<100;fr<0.2;presence<0.8;firing_rate_qm_low;num_spikes_qm_low
VMPFC,385,VMPFC_unit385,63,25,0.056,28.8694,,0.056,0.1429,25,False,isi>0.02;n_spikes<100;fr<0.2;presence<0.8;firing_rate_qm_low;num_spikes_qm_low
VMPFC,386,VMPFC_unit386,63,29,0.065,31.4595,,0.065,0.1429,29,False,isi>0.02;n_spikes<100;fr<0.2;presence<0.8;firing_rate_qm_low;num_spikes_qm_low
VMPFC,387,VMPFC_unit387,63,17,0.0381,27.1908,,0.0381,0.2857,17,False,isi>0.02;n_spikes<100;fr<0.2;presence<0.8;firing_rate_qm_low;num_spikes_qm_low
VMPFC,388,VMPFC_unit388,63,34,0.0762,23.8003,,0.0762,0.1429,34,False,isi>0.02;n_spikes<100;fr<0.2;presence<0.8;firing_rate_qm_low;num_spikes_qm_low
VMPFC,389,VMPFC_unit389,63,47,0.1053,16.2633,,0.1053,0.2857,47,False,isi>0.02;n_spikes<100;fr<0.2;presence<0.8;firing_rate_qm_low;num_spikes_qm_low
VMPFC,390,VMPFC_unit390,63,29,0.065,16.3634,,0.065,0.1429,29,False,isi>0.02;n_spikes<100;fr<0.2;presence<0.8;firing_rate_qm_low;num_spikes_qm_low
VMPFC,391,VMPFC_unit391,63,21,0.047,14.4291,,0.047,0.1429,21,False,isi>0.02;n_spikes<100;fr<0.2;presence<0.8;firing_rate_qm_low;num_spikes_qm_low
VMPFC,392,VMPFC_unit392,51,35,0.0784,17.4757,,0.0784,0.1429,35,False,isi>0.02;n_spikes<100;fr<0.2;presence<0.8;firing_rate_qm_low;num_spikes_qm_low
VMPFC,393,VMPFC_unit393,63,33,0.0739,22.0884,,0.0739,0.1429,33,False,isi>0.02;n_spikes<100;fr<0.2;presence<0.8;firing_rate_qm_low;num_spikes_qm_low
VMPFC,394,VMPFC_unit394,63,26,0.0582,17.9308,,0.0582,0.1429,26,False,isi>0.02;n_spikes<100;fr<0.2;presence<0.8;firing_rate_qm_low;num_spikes_qm_low
VMPFC,395,VMPFC_unit395,63,55,0.1232,21.0656,,0.1232,0.4286,55,False,isi>0.02;n_spikes<100;fr<0.2;presence<0.8;firing_rate_qm_low;num_spikes_qm_low
VMPFC,396,VMPFC_unit396,63,24,0.0538,29.9644,,0.0538,0.1429,24,False,isi>0.02;n_spikes<100;fr<0.2;presence<0.8;firing_rate_qm_low;num_spikes_qm_low
VMPFC,397,VMPFC_unit397,63,40,0.0896,21.2824,,0.0896,0.4286,40,False,isi>0.02;n_spikes<100;fr<0.2;presence<0.8;firing_rate_qm_low;num_spikes_qm_low
VMPFC,398,VMPFC_unit398,51,29,0.065,9.5832,,0.065,0.1429,29,False,isi>0.02;n_spikes<100;fr<0.2;presence<0.8;firing_rate_qm_low;num_spikes_qm_low
VMPFC,399,VMPFC_unit399,54,70,0.1568,24.9541,,0.1568,0.1429,70,False,isi>0.02;n_spikes<100;fr<0.2;presence<0.8;firing_rate_qm_low;num_spikes_qm_low
VMPFC,400,VMPFC_unit400,64,18,0.0403,9.8513,,0.0403,0.5714,18,False,isi>0.02;n_spikes<100;fr<0.2;presence<0.8;firing_rate_qm_low;num_spikes_qm_low
VMPFC,401,VMPFC_unit401,63,21,0.047,16.8525,,0.047,0.1429,21,False,isi>0.02;n_spikes<100;fr<0.2;presence<0.8;firing_rate_qm_low;num_spikes_qm_low
VMPFC,402,VMPFC_unit402,51,42,0.0941,8.921,,0.0941,0.1429,42,False,isi>0.02;n_spikes<100;fr<0.2;presence<0.8;firing_rate_qm_low;num_spikes_qm_low
VMPFC,403,VMPFC_unit403,59,20,0.0448,7.7773,,0.0448,0.1429,20,False,isi>0.02;n_spikes<100;fr<0.2;presence<0.8;firing_rate_qm_low;num_spikes_qm_low
VMPFC,404,VMPFC_unit404,51,57,0.1277,12.7817,,0.1277,0.1429,57,False,isi>0.02;n_spikes<100;fr<0.2;presence<0.8;firing_rate_qm_low;num_spikes_qm_low
Amygdala,1,Amygdala_unit1,2,14,0.0314,22.6842,,0.0314,0.4286,14,False,isi>0.02;n_spikes<100;fr<0.2;presence<0.8;firing_rate_qm_low;num_spikes_qm_low
Amygdala,2,Amygdala_unit2,2,12,0.0269,18.0638,,0.0269,0.2857,12,False,isi>0.02;n_spikes<100;fr<0.2;presence<0.8;firing_rate_qm_low;num_spikes_qm_low
Amygdala,3,Amygdala_unit3,3,42,0.0941,11.2313,,0.0941,0.2857,42,False,isi>0.02;n_spikes<100;fr<0.2;presence<0.8;firing_rate_qm_low;num_spikes_qm_low
Amygdala,4,Amygdala_unit4,3,14,0.0314,9.6027,,0.0314,0.1429,14,False,isi>0.02;n_spikes<100;fr<0.2;presence<0.8;firing_rate_qm_low;num_spikes_qm_low
Amygdala,5,Amygdala_unit5,3,21,0.047,13.1347,,0.047,0.1429,21,False,isi>0.02;n_spikes<100;fr<0.2;presence<0.8;firing_rate_qm_low;num_spikes_qm_low
Amygdala,6,Amygdala_unit6,3,64,0.1434,14.3222,,0.1434,0.5714,64,False,isi>0.02;n_spikes<100;fr<0.2;presence<0.8;firing_rate_qm_low;num_spikes_qm_low
Amygdala,7,Amygdala_unit7,4,748,1.6757,12.7142,,1.6757,0.8571,748,False,isi>0.02
Amygdala,8,Amygdala_unit8,3,28,0.0627,11.1814,,0.0627,0.1429,28,False,isi>0.02;n_spikes<100;fr<0.2;presence<0.8;firing_rate_qm_low;num_spikes_qm_low
Amygdala,9,Amygdala_unit9,3,34,0.0762,7.3054,,0.0762,0.1429,34,False,isi>0.02;n_spikes<100;fr<0.2;presence<0.8;firing_rate_qm_low;num_spikes_qm_low
Amygdala,10,Amygdala_unit10,3,19,0.0426,7.3969,,0.0426,0.1429,19,False,isi>0.02;n_spikes<100;fr<0.2;presence<0.8;firing_rate_qm_low;num_spikes_qm_low
Amygdala,11,Amygdala_unit11,3,16,0.0358,10.0827,,0.0358,0.2857,16,False,isi>0.02;n_spikes<100;fr<0.2;presence<0.8;firing_rate_qm_low;num_spikes_qm_low
Amygdala,12,Amygdala_unit12,3,43,0.0963,11.8861,,0.0963,0.1429,43,False,isi>0.02;n_spikes<100;fr<0.2;presence<0.8;firing_rate_qm_low;num_spikes_qm_low
Amygdala,13,Amygdala_unit13,3,35,0.0784,5.8321,,0.0784,0.1429,35,False,isi>0.02;n_spikes<100;fr<0.2;presence<0.8;firing_rate_qm_low;num_spikes_qm_low
Amygdala,14,Amygdala_unit14,3,31,0.0694,7.2138,,0.0694,0.1429,31,False,isi>0.02;n_spikes<100;fr<0.2;presence<0.8;firing_rate_qm_low;num_spikes_qm_low
Amygdala,15,Amygdala_unit15,3,12,0.0269,7.5911,,0.0269,0.1429,12,False,isi>0.02;n_spikes<100;fr<0.2;presence<0.8;firing_rate_qm_low;num_spikes_qm_low
Amygdala,16,Amygdala_unit16,3,77,0.1725,11.8806,,0.1725,0.2857,77,False,isi>0.02;n_spikes<100;fr<0.2;presence<0.8;firing_rate_qm_low;num_spikes_qm_low
Amygdala,17,Amygdala_unit17,3,71,0.1591,8.7564,,0.1591,0.1429,71,False,isi>0.02;n_spikes<100;fr<0.2;presence<0.8;firing_rate_qm_low;num_spikes_qm_low
Amygdala,18,Amygdala_unit18,3,37,0.0829,12.1247,,0.0829,0.2857,37,False,isi>0.02;n_spikes<100;fr<0.2;presence<0.8;firing_rate_qm_low;num_spikes_qm_low
Amygdala,19,Amygdala_unit19,3,62,0.1389,16.2532,,0.1389,0.1429,62,False,isi>0.02;n_spikes<100;fr<0.2;presence<0.8;firing_rate_qm_low;num_spikes_qm_low
Amygdala,20,Amygdala_unit20,3,30,0.0672,16.908,,0.0672,0.1429,30,False,isi>0.02;n_spikes<100;fr<0.2;presence<0.8;firing_rate_qm_low;num_spikes_qm_low
Amygdala,21,Amygdala_unit21,3,36,0.0806,11.0288,,0.0806,0.1429,36,False,isi>0.02;n_spikes<100;fr<0.2;presence<0.8;firing_rate_qm_low;num_spikes_qm_low
Amygdala,22,Amygdala_unit22,3,104,0.233,10.4184,,0.233,0.1429,104,False,isi>0.02;presence<0.8
Amygdala,23,Amygdala_unit23,3,39,0.0874,9.389,,0.0874,0.1429,39,False,isi>0.02;n_spikes<100;fr<0.2;presence<0.8;firing_rate_qm_low;num_spikes_qm_low
Amygdala,24,Amygdala_unit24,3,26,0.0582,18.3785,,0.0582,0.1429,26,False,isi>0.02;n_spikes<100;fr<0.2;presence<0.8;firing_rate_qm_low;num_spikes_qm_low
Amygdala,25,Amygdala_unit25,4,58,0.1299,13.3885,,0.1299,0.1429,58,False,isi>0.02;n_spikes<100;fr<0.2;presence<0.8;firing_rate_qm_low;num_spikes_qm_low
Amygdala,26,Amygdala_unit26,3,50,0.112,13.7728,,0.112,0.2857,50,False,isi>0.02;n_spikes<100;fr<0.2;presence<0.8;firing_rate_qm_low;num_spikes_qm_low
Amygdala,27,Amygdala_unit27,3,95,0.2128,11.6364,,0.2128,0.2857,95,False,isi>0.02;n_spikes<100;presence<0.8;num_spikes_qm_low
Amygdala,28,Amygdala_unit28,3,20,0.0448,18.3813,,0.0448,0.1429,20,False,isi>0.02;n_spikes<100;fr<0.2;presence<0.8;firing_rate_qm_low;num_spikes_qm_low
Amygdala,29,Amygdala_unit29,3,14,0.0314,13.5203,,0.0314,0.1429,14,False,isi>0.02;n_spikes<100;fr<0.2;presence<0.8;firing_rate_qm_low;num_spikes_qm_low
Amygdala,30,Amygdala_unit30,3,36,0.0806,18.6754,,0.0806,0.2857,36,False,isi>0.02;n_spikes<100;fr<0.2;presence<0.8;firing_rate_qm_low;num_spikes_qm_low
Amygdala,31,Amygdala_unit31,3,42,0.0941,17.5295,,0.0941,0.2857,42,False,isi>0.02;n_spikes<100;fr<0.2;presence<0.8;firing_rate_qm_low;num_spikes_qm_low
Amygdala,32,Amygdala_unit32,3,78,0.1747,19.0305,,0.1747,0.2857,78,False,isi>0.02;n_spikes<100;fr<0.2;presence<0.8;firing_rate_qm_low;num_spikes_qm_low
Amygdala,33,Amygdala_unit33,3,33,0.0739,17.2021,,0.0739,0.2857,33,False,isi>0.02;n_spikes<100;fr<0.2;presence<0.8;firing_rate_qm_low;num_spikes_qm_low
Amygdala,34,Amygdala_unit34,3,21,0.047,19.2775,,0.047,0.1429,21,False,isi>0.02;n_spikes<100;fr<0.2;presence<0.8;firing_rate_qm_low;num_spikes_qm_low
Amygdala,35,Amygdala_unit35,3,102,0.2285,16.1644,,0.2285,0.2857,102,False,isi>0.02;presence<0.8
Amygdala,36,Amygdala_unit36,3,66,0.1479,8.59,,0.1479,0.1429,66,False,isi>0.02;n_spikes<100;fr<0.2;presence<0.8;firing_rate_qm_low;num_spikes_qm_low
Amygdala,37,Amygdala_unit37,3,24,0.0538,17.7598,,0.0538,0.1429,24,False,isi>0.02;n_spikes<100;fr<0.2;presence<0.8;firing_rate_qm_low;num_spikes_qm_low
Amygdala,38,Amygdala_unit38,3,55,0.1232,15.5485,,0.1232,0.1429,55,False,isi>0.02;n_spikes<100;fr<0.2;presence<0.8;firing_rate_qm_low;num_spikes_qm_low
Amygdala,39,Amygdala_unit39,3,58,0.1299,10.1243,,0.1299,0.2857,58,False,isi>0.02;n_spikes<100;fr<0.2;presence<0.8;firing_rate_qm_low;num_spikes_qm_low
Amygdala,40,Amygdala_unit40,3,58,0.1299,12.208,,0.1299,0.2857,58,False,isi>0.02;n_spikes<100;fr<0.2;presence<0.8;firing_rate_qm_low;num_spikes_qm_low
Amygdala,41,Amygdala_unit41,3,12,0.0269,13.4371,,0.0269,0.1429,12,False,isi>0.02;n_spikes<100;fr<0.2;presence<0.8;firing_rate_qm_low;num_spikes_qm_low
Amygdala,42,Amygdala_unit42,3,22,0.0493,15.8981,,0.0493,0.1429,22,False,isi>0.02;n_spikes<100;fr<0.2;presence<0.8;firing_rate_qm_low;num_spikes_qm_low
Amygdala,43,Amygdala_unit43,3,43,0.0963,12.9626,,0.0963,0.1429,43,False,isi>0.02;n_spikes<100;fr<0.2;presence<0.8;firing_rate_qm_low;num_spikes_qm_low
Amygdala,44,Amygdala_unit44,3,47,0.1053,10.2269,,0.1053,0.1429,47,False,isi>0.02;n_spikes<100;fr<0.2;presence<0.8;firing_rate_qm_low;num_spikes_qm_low
Amygdala,45,Amygdala_unit45,3,12,0.0269,12.6519,,0.0269,0.1429,12,False,isi>0.02;n_spikes<100;fr<0.2;presence<0.8;firing_rate_qm_low;num_spikes_qm_low
Amygdala,46,Amygdala_unit46,3,57,0.1277,10.6265,,0.1277,0.2857,57,False,isi>0.02;n_spikes<100;fr<0.2;presence<0.8;firing_rate_qm_low;num_spikes_qm_low
Amygdala,47,Amygdala_unit47,3,19,0.0426,7.5079,,0.0426,0.1429,19,False,isi>0.02;n_spikes<100;fr<0.2;presence<0.8;firing_rate_qm_low;num_spikes_qm_low
Amygdala,48,Amygdala_unit48,3,31,0.0694,10.6709,,0.0694,0.1429,31,False,isi>0.02;n_spikes<100;fr<0.2;presence<0.8;firing_rate_qm_low;num_spikes_qm_low
Amygdala,49,Amygdala_unit49,3,21,0.047,11.3479,,0.047,0.1429,21,False,isi>0.02;n_spikes<100;fr<0.2;presence<0.8;firing_rate_qm_low;num_spikes_qm_low
Amygdala,50,Amygdala_unit50,3,20,0.0448,9.4695,,0.0448,0.1429,20,False,isi>0.02;n_spikes<100;fr<0.2;presence<0.8;firing_rate_qm_low;num_spikes_qm_low
Amygdala,51,Amygdala_unit51,4,157,0.3517,4.8774,,0.3517,0.2857,157,False,snr<5.0;isi>0.02;presence<0.8
Amygdala,52,Amygdala_unit52,15,63,0.1411,18.9863,,0.1411,0.2857,63,False,isi>0.02;n_spikes<100;fr<0.2;presence<0.8;firing_rate_qm_low;num_spikes_qm_low
Amygdala,53,Amygdala_unit53,4,33,0.0739,5.5413,,0.0739,0.1429,33,False,isi>0.02;n_spikes<100;fr<0.2;presence<0.8;firing_rate_qm_low;num_spikes_qm_low
Amygdala,54,Amygdala_unit54,4,46,0.1031,9.0631,,0.1031,0.1429,46,False,isi>0.02;n_spikes<100;fr<0.2;presence<0.8;firing_rate_qm_low;num_spikes_qm_low
Amygdala,55,Amygdala_unit55,15,21,0.047,11.0571,,0.047,0.1429,21,False,isi>0.02;n_spikes<100;fr<0.2;presence<0.8;firing_rate_qm_low;num_spikes_qm_low
Amygdala,56,Amygdala_unit56,3,45,0.1008,18.8003,,0.1008,0.2857,45,False,isi>0.02;n_spikes<100;fr<0.2;presence<0.8;firing_rate_qm_low;num_spikes_qm_low
Amygdala,57,Amygdala_unit57,3,50,0.112,18.5339,,0.112,0.1429,50,False,isi>0.02;n_spikes<100;fr<0.2;presence<0.8;firing_rate_qm_low;num_spikes_qm_low
Amygdala,58,Amygdala_unit58,3,677,1.5166,10.2852,,1.5166,0.8571,677,False,isi>0.02
Amygdala,59,Amygdala_unit59,3,94,0.2106,12.5603,,0.2106,0.4286,94,False,isi>0.02;n_spikes<100;presence<0.8;num_spikes_qm_low
Amygdala,60,Amygdala_unit60,3,58,0.1299,10.5044,,0.1299,0.2857,58,False,isi>0.02;n_spikes<100;fr<0.2;presence<0.8;firing_rate_qm_low;num_spikes_qm_low
Amygdala,61,Amygdala_unit61,3,42,0.0941,9.1421,,0.0941,0.1429,42,False,isi>0.02;n_spikes<100;fr<0.2;presence<0.8;firing_rate_qm_low;num_spikes_qm_low
Amygdala,62,Amygdala_unit62,3,51,0.1143,10.9539,,0.1143,0.1429,51,False,isi>0.02;n_spikes<100;fr<0.2;presence<0.8;firing_rate_qm_low;num_spikes_qm_low
Amygdala,63,Amygdala_unit63,3,46,0.1031,14.9326,,0.1031,0.1429,46,False,isi>0.02;n_spikes<100;fr<0.2;presence<0.8;firing_rate_qm_low;num_spikes_qm_low
Amygdala,64,Amygdala_unit64,4,19,0.0426,6.813,,0.0426,0.1429,19,False,isi>0.02;n_spikes<100;fr<0.2;presence<0.8;firing_rate_qm_low;num_spikes_qm_low
Amygdala,65,Amygdala_unit65,8,41,0.0918,20.6451,,0.0918,0.1429,41,False,isi>0.02;n_spikes<100;fr<0.2;presence<0.8;firing_rate_qm_low;num_spikes_qm_low
Amygdala,66,Amygdala_unit66,6,52,0.1165,16.1035,,0.1165,0.2857,52,False,isi>0.02;n_spikes<100;fr<0.2;presence<0.8;firing_rate_qm_low;num_spikes_qm_low
Amygdala,67,Amygdala_unit67,3,26,0.0582,10.5072,,0.0582,0.1429,26,False,isi>0.02;n_spikes<100;fr<0.2;presence<0.8;firing_rate_qm_low;num_spikes_qm_low
Amygdala,68,Amygdala_unit68,13,29,0.065,7.8965,,0.065,0.2857,29,False,isi>0.02;n_spikes<100;fr<0.2;presence<0.8;firing_rate_qm_low;num_spikes_qm_low
Amygdala,69,Amygdala_unit69,6,33,0.0739,9.3369,,0.0739,0.1429,33,False,isi>0.02;n_spikes<100;fr<0.2;presence<0.8;firing_rate_qm_low;num_spikes_qm_low
Amygdala,70,Amygdala_unit70,6,50,0.112,14.0706,,0.112,0.1429,50,False,isi>0.02;n_spikes<100;fr<0.2;presence<0.8;firing_rate_qm_low;num_spikes_qm_low
Amygdala,71,Amygdala_unit71,13,24,0.0538,15.7132,,0.0538,0.1429,24,False,isi>0.02;n_spikes<100;fr<0.2;presence<0.8;firing_rate_qm_low;num_spikes_qm_low
Amygdala,72,Amygdala_unit72,6,100,0.224,11.9651,,0.224,0.1429,100,False,isi>0.02;presence<0.8
Amygdala,73,Amygdala_unit73,15,38,0.0851,11.7247,,0.0851,0.1429,38,False,isi>0.02;n_spikes<100;fr<0.2;presence<0.8;firing_rate_qm_low;num_spikes_qm_low
Amygdala,74,Amygdala_unit74,4,41,0.0918,4.4791,,0.0918,0.1429,41,False,snr<5.0;isi>0.02;n_spikes<100;fr<0.2;presence<0.8;firing_rate_qm_low;num_spikes_qm_low
Amygdala,75,Amygdala_unit75,5,25,0.056,7.736,,0.056,0.1429,25,False,isi>0.02;n_spikes<100;fr<0.2;presence<0.8;firing_rate_qm_low;num_spikes_qm_low
Amygdala,76,Amygdala_unit76,15,47,0.1053,7.408,,0.1053,0.2857,47,False,isi>0.02;n_spikes<100;fr<0.2;presence<0.8;firing_rate_qm_low;num_spikes_qm_low
Amygdala,77,Amygdala_unit77,4,84,0.1882,5.2513,,0.1882,0.1429,84,False,isi>0.02;n_spikes<100;fr<0.2;presence<0.8;firing_rate_qm_low;num_spikes_qm_low
Amygdala,78,Amygdala_unit78,7,17,0.0381,6.9302,,0.0381,0.1429,17,False,isi>0.02;n_spikes<100;fr<0.2;presence<0.8;firing_rate_qm_low;num_spikes_qm_low
Amygdala,79,Amygdala_unit79,3,65,0.1456,6.9086,,0.1456,0.5714,65,False,isi>0.02;n_spikes<100;fr<0.2;presence<0.8;firing_rate_qm_low;num_spikes_qm_low
Amygdala,80,Amygdala_unit80,4,31,0.0694,19.6355,,0.0694,0.1429,31,False,isi>0.02;n_spikes<100;fr<0.2;presence<0.8;firing_rate_qm_low;num_spikes_qm_low
Amygdala,81,Amygdala_unit81,4,34,0.0762,11.68,,0.0762,0.1429,34,False,isi>0.02;n_spikes<100;fr<0.2;presence<0.8;firing_rate_qm_low;num_spikes_qm_low
Amygdala,82,Amygdala_unit82,4,42,0.0941,19.8556,,0.0941,0.1429,42,False,isi>0.02;n_spikes<100;fr<0.2;presence<0.8;firing_rate_qm_low;num_spikes_qm_low
Amygdala,83,Amygdala_unit83,13,20,0.0448,7.4927,,0.0448,0.1429,20,False,isi>0.02;n_spikes<100;fr<0.2;presence<0.8;firing_rate_qm_low;num_spikes_qm_low
Amygdala,84,Amygdala_unit84,8,30,0.0672,20.148,,0.0672,0.1429,30,False,isi>0.02;n_spikes<100;fr<0.2;presence<0.8;firing_rate_qm_low;num_spikes_qm_low
Amygdala,85,Amygdala_unit85,3,63,0.1411,14.7439,,0.1411,0.1429,63,False,isi>0.02;n_spikes<100;fr<0.2;presence<0.8;firing_rate_qm_low;num_spikes_qm_low
Amygdala,86,Amygdala_unit86,13,18,0.0403,29.2279,,0.0403,0.1429,18,False,isi>0.02;n_spikes<100;fr<0.2;presence<0.8;firing_rate_qm_low;num_spikes_qm_low
Amygdala,87,Amygdala_unit87,15,17,0.0381,24.1993,,0.0381,0.1429,17,False,isi>0.02;n_spikes<100;fr<0.2;presence<0.8;firing_rate_qm_low;num_spikes_qm_low
Amygdala,88,Amygdala_unit88,3,141,0.3159,11.7918,,0.3159,0.2857,141,False,isi>0.02;presence<0.8
Amygdala,89,Amygdala_unit89,4,70,0.1568,4.4826,,0.1568,0.4286,70,False,snr<5.0;isi>0.02;n_spikes<100;fr<0.2;presence<0.8;firing_rate_qm_low;num_spikes_qm_low
Amygdala,90,Amygdala_unit90,15,10,0.0224,13.7184,,0.0224,0.1429,10,False,isi>0.02;n_spikes<100;fr<0.2;presence<0.8;firing_rate_qm_low;num_spikes_qm_low
Amygdala,91,Amygdala_unit91,4,48,0.1075,6.6174,,0.1075,0.1429,48,False,isi>0.02;n_spikes<100;fr<0.2;presence<0.8;firing_rate_qm_low;num_spikes_qm_low
Amygdala,92,Amygdala_unit92,4,36,0.0806,5.5657,,0.0806,0.1429,36,False,isi>0.02;n_spikes<100;fr<0.2;presence<0.8;firing_rate_qm_low;num_spikes_qm_low
Amygdala,93,Amygdala_unit93,8,26,0.0582,10.6,,0.0582,0.1429,26,False,isi>0.02;n_spikes<100;fr<0.2;presence<0.8;firing_rate_qm_low;num_spikes_qm_low
Amygdala,94,Amygdala_unit94,6,28,0.0627,19.908,,0.0627,0.1429,28,False,isi>0.02;n_spikes<100;fr<0.2;presence<0.8;firing_rate_qm_low;num_spikes_qm_low
Amygdala,95,Amygdala_unit95,4,59,0.1322,7.8402,,0.1322,0.1429,59,False,isi>0.02;n_spikes<100;fr<0.2;presence<0.8;firing_rate_qm_low;num_spikes_qm_low
Amygdala,96,Amygdala_unit96,4,29,0.065,8.6159,,0.065,0.4286,29,False,isi>0.02;n_spikes<100;fr<0.2;presence<0.8;firing_rate_qm_low;num_spikes_qm_low
Amygdala,97,Amygdala_unit97,13,30,0.0672,35.2599,,0.0672,0.1429,30,False,isi>0.02;n_spikes<100;fr<0.2;presence<0.8;firing_rate_qm_low;num_spikes_qm_low
Amygdala,98,Amygdala_unit98,4,36,0.0806,7.0925,,0.0806,0.2857,36,False,isi>0.02;n_spikes<100;fr<0.2;presence<0.8;firing_rate_qm_low;num_spikes_qm_low
Amygdala,99,Amygdala_unit99,3,53,0.1187,13.8116,,0.1187,0.1429,53,False,isi>0.02;n_spikes<100;fr<0.2;presence<0.8;firing_rate_qm_low;num_spikes_qm_low
Amygdala,100,Amygdala_unit100,4,142,0.3181,5.5098,,0.3181,0.2857,142,False,isi>0.02;presence<0.8
Amygdala,101,Amygdala_unit101,3,31,0.0694,8.1682,,0.0694,0.1429,31,False,isi>0.02;n_spikes<100;fr<0.2;presence<0.8;firing_rate_qm_low;num_spikes_qm_low
Amygdala,102,Amygdala_unit102,8,31,0.0694,21.8357,,0.0694,0.1429,31,False,isi>0.02;n_spikes<100;fr<0.2;presence<0.8;firing_rate_qm_low;num_spikes_qm_low
Amygdala,103,Amygdala_unit103,3,22,0.0493,5.8043,,0.0493,0.2857,22,False,isi>0.02;n_spikes<100;fr<0.2;presence<0.8;firing_rate_qm_low;num_spikes_qm_low
Amygdala,104,Amygdala_unit104,5,23,0.0515,6.5599,,0.0515,0.1429,23,False,isi>0.02;n_spikes<100;fr<0.2;presence<0.8;firing_rate_qm_low;num_spikes_qm_low
Amygdala,105,Amygdala_unit105,3,43,0.0963,8.3458,,0.0963,0.1429,43,False,isi>0.02;n_spikes<100;fr<0.2;presence<0.8;firing_rate_qm_low;num_spikes_qm_low
Amygdala,106,Amygdala_unit106,4,28,0.0627,9.5767,,0.0627,0.2857,28,False,isi>0.02;n_spikes<100;fr<0.2;presence<0.8;firing_rate_qm_low;num_spikes_qm_low
Amygdala,107,Amygdala_unit107,4,44,0.0986,17.6789,,0.0986,0.1429,44,False,isi>0.02;n_spikes<100;fr<0.2;presence<0.8;firing_rate_qm_low;num_spikes_qm_low
Amygdala,108,Amygdala_unit108,3,20,0.0448,12.3078,,0.0448,0.2857,20,False,isi>0.02;n_spikes<100;fr<0.2;presence<0.8;firing_rate_qm_low;num_spikes_qm_low
Amygdala,109,Amygdala_unit109,4,50,0.112,10.1951,,0.112,0.1429,50,False,isi>0.02;n_spikes<100;fr<0.2;presence<0.8;firing_rate_qm_low;num_spikes_qm_low
Amygdala,110,Amygdala_unit110,3,21,0.047,10.2769,,0.047,0.1429,21,False,isi>0.02;n_spikes<100;fr<0.2;presence<0.8;firing_rate_qm_low;num_spikes_qm_low
Amygdala,111,Amygdala_unit111,4,70,0.1568,18.1261,,0.1568,0.2857,70,False,isi>0.02;n_spikes<100;fr<0.2;presence<0.8;firing_rate_qm_low;num_spikes_qm_low
Amygdala,112,Amygdala_unit112,3,42,0.0941,15.1767,,0.0941,0.1429,42,False,isi>0.02;n_spikes<100;fr<0.2;presence<0.8;firing_rate_qm_low;num_spikes_qm_low
Amygdala,113,Amygdala_unit113,4,43,0.0963,12.2565,,0.0963,0.1429,43,False,isi>0.02;n_spikes<100;fr<0.2;presence<0.8;firing_rate_qm_low;num_spikes_qm_low
Amygdala,114,Amygdala_unit114,3,26,0.0582,14.3804,,0.0582,0.1429,26,False,isi>0.02;n_spikes<100;fr<0.2;presence<0.8;firing_rate_qm_low;num_spikes_qm_low
Amygdala,115,Amygdala_unit115,3,37,0.0829,12.2024,,0.0829,0.1429,37,False,isi>0.02;n_spikes<100;fr<0.2;presence<0.8;firing_rate_qm_low;num_spikes_qm_low
Amygdala,116,Amygdala_unit116,15,22,0.0493,13.9059,,0.0493,0.1429,22,False,isi>0.02;n_spikes<100;fr<0.2;presence<0.8;firing_rate_qm_low;num_spikes_qm_low
Amygdala,117,Amygdala_unit117,8,54,0.121,12.7847,,0.121,0.4286,54,False,isi>0.02;n_spikes<100;fr<0.2;presence<0.8;firing_rate_qm_low;num_spikes_qm_low
Amygdala,118,Amygdala_unit118,3,86,0.1927,10.2686,,0.1927,0.1429,86,False,isi>0.02;n_spikes<100;fr<0.2;presence<0.8;firing_rate_qm_low;num_spikes_qm_low
Amygdala,119,Amygdala_unit119,8,44,0.0986,20.7202,,0.0986,0.1429,44,False,isi>0.02;n_spikes<100;fr<0.2;presence<0.8;firing_rate_qm_low;num_spikes_qm_low
Amygdala,120,Amygdala_unit120,3,63,0.1411,5.2827,,0.1411,0.2857,63,False,isi>0.02;n_spikes<100;fr<0.2;presence<0.8;firing_rate_qm_low;num_spikes_qm_low
Amygdala,121,Amygdala_unit121,3,109,0.2442,6.2039,,0.2442,0.1429,109,False,isi>0.02;presence<0.8
Amygdala,122,Amygdala_unit122,3,27,0.0605,20.1653,,0.0605,0.2857,27,False,isi>0.02;n_spikes<100;fr<0.2;presence<0.8;firing_rate_qm_low;num_spikes_qm_low
Amygdala,123,Amygdala_unit123,3,149,0.3338,11.925,,0.3338,0.1429,149,False,isi>0.02;presence<0.8
Amygdala,124,Amygdala_unit124,8,79,0.177,16.3218,,0.177,0.1429,79,False,isi>0.02;n_spikes<100;fr<0.2;presence<0.8;firing_rate_qm_low;num_spikes_qm_low
Amygdala,125,Amygdala_unit125,3,27,0.0605,14.5552,,0.0605,0.2857,27,False,isi>0.02;n_spikes<100;fr<0.2;presence<0.8;firing_rate_qm_low;num_spikes_qm_low
Amygdala,126,Amygdala_unit126,3,63,0.1411,4.2339,,0.1411,0.7143,63,False,snr<5.0;isi>0.02;n_spikes<100;fr<0.2;presence<0.8;firing_rate_qm_low;num_spikes_qm_low
Amygdala,127,Amygdala_unit127,3,21,0.047,5.3327,,0.047,0.1429,21,False,isi>0.02;n_spikes<100;fr<0.2;presence<0.8;firing_rate_qm_low;num_spikes_qm_low
Amygdala,128,Amygdala_unit128,3,50,0.112,4.7223,,0.112,0.1429,50,False,snr<5.0;isi>0.02;n_spikes<100;fr<0.2;presence<0.8;firing_rate_qm_low;num_spikes_qm_low
Amygdala,129,Amygdala_unit129,3,19,0.0426,8.7398,,0.0426,0.1429,19,False,isi>0.02;n_spikes<100;fr<0.2;presence<0.8;firing_rate_qm_low;num_spikes_qm_low
Amygdala,130,Amygdala_unit130,5,25,0.056,12.9271,,0.056,0.1429,25,False,isi>0.02;n_spikes<100;fr<0.2;presence<0.8;firing_rate_qm_low;num_spikes_qm_low
Amygdala,131,Amygdala_unit131,3,10,0.0224,4.2339,,0.0224,0.1429,10,False,snr<5.0;isi>0.02;n_spikes<100;fr<0.2;presence<0.8;firing_rate_qm_low;num_spikes_qm_low
Amygdala,132,Amygdala_unit132,3,20,0.0448,6.8975,,0.0448,0.1429,20,False,isi>0.02;n_spikes<100;fr<0.2;presence<0.8;firing_rate_qm_low;num_spikes_qm_low
Amygdala,133,Amygdala_unit133,5,19,0.0426,11.2643,,0.0426,0.1429,19,False,isi>0.02;n_spikes<100;fr<0.2;presence<0.8;firing_rate_qm_low;num_spikes_qm_low
Amygdala,134,Amygdala_unit134,3,30,0.0672,5.6046,,0.0672,0.1429,30,False,isi>0.02;n_spikes<100;fr<0.2;presence<0.8;firing_rate_qm_low;num_spikes_qm_low
Amygdala,135,Amygdala_unit135,6,27,0.0605,14.7095,,0.0605,0.1429,27,False,isi>0.02;n_spikes<100;fr<0.2;presence<0.8;firing_rate_qm_low;num_spikes_qm_low
Amygdala,136,Amygdala_unit136,3,115,0.2576,13.1901,,0.2576,0.2857,115,False,isi>0.02;presence<0.8
Amygdala,137,Amygdala_unit137,3,47,0.1053,7.3359,,0.1053,0.1429,47,False,isi>0.02;n_spikes<100;fr<0.2;presence<0.8;firing_rate_qm_low;num_spikes_qm_low
Amygdala,138,Amygdala_unit138,3,25,0.056,23.4171,,0.056,0.1429,25,False,isi>0.02;n_spikes<100;fr<0.2;presence<0.8;firing_rate_qm_low;num_spikes_qm_low
Amygdala,139,Amygdala_unit139,3,41,0.0918,9.6887,,0.0918,0.1429,41,False,isi>0.02;n_spikes<100;fr<0.2;presence<0.8;firing_rate_qm_low;num_spikes_qm_low
Amygdala,140,Amygdala_unit140,3,47,0.1053,9.106,,0.1053,0.1429,47,False,isi>0.02;n_spikes<100;fr<0.2;presence<0.8;firing_rate_qm_low;num_spikes_qm_low
Amygdala,141,Amygdala_unit141,3,107,0.2397,5.7155,,0.2397,0.1429,107,False,isi>0.02;presence<0.8
Amygdala,142,Amygdala_unit142,3,792,1.7743,5.6823,,1.7743,1.0,792,False,isi>0.02
Amygdala,143,Amygdala_unit143,4,34,0.0762,12.4521,,0.0762,0.2857,34,False,isi>0.02;n_spikes<100;fr<0.2;presence<0.8;firing_rate_qm_low;num_spikes_qm_low
Amygdala,144,Amygdala_unit144,3,55,0.1232,8.257,,0.1232,0.2857,55,False,isi>0.02;n_spikes<100;fr<0.2;presence<0.8;firing_rate_qm_low;num_spikes_qm_low
Amygdala,145,Amygdala_unit145,3,116,0.2599,5.1468,,0.2599,0.5714,116,False,isi>0.02;presence<0.8
Amygdala,146,Amygdala_unit146,5,88,0.1971,12.8916,,0.1971,0.4286,88,False,isi>0.02;n_spikes<100;fr<0.2;presence<0.8;firing_rate_qm_low;num_spikes_qm_low
Amygdala,147,Amygdala_unit147,3,38,0.0851,8.6954,,0.0851,0.1429,38,False,isi>0.02;n_spikes<100;fr<0.2;presence<0.8;firing_rate_qm_low;num_spikes_qm_low
Amygdala,148,Amygdala_unit148,3,68,0.1523,6.387,,0.1523,0.1429,68,False,isi>0.02;n_spikes<100;fr<0.2;presence<0.8;firing_rate_qm_low;num_spikes_qm_low
Amygdala,149,Amygdala_unit149,5,39,0.0874,11.4468,,0.0874,0.1429,39,False,isi>0.02;n_spikes<100;fr<0.2;presence<0.8;firing_rate_qm_low;num_spikes_qm_low
Amygdala,150,Amygdala_unit150,5,31,0.0694,10.4938,,0.0694,0.1429,31,False,isi>0.02;n_spikes<100;fr<0.2;presence<0.8;firing_rate_qm_low;num_spikes_qm_low
Amygdala,151,Amygdala_unit151,3,55,0.1232,5.1662,,0.1232,0.2857,55,False,isi>0.02;n_spikes<100;fr<0.2;presence<0.8;firing_rate_qm_low;num_spikes_qm_low
Amygdala,152,Amygdala_unit152,3,18,0.0403,6.7421,,0.0403,0.1429,18,False,isi>0.02;n_spikes<100;fr<0.2;presence<0.8;firing_rate_qm_low;num_spikes_qm_low
Amygdala,153,Amygdala_unit153,8,50,0.112,9.8486,,0.112,0.1429,50,False,isi>0.02;n_spikes<100;fr<0.2;presence<0.8;firing_rate_qm_low;num_spikes_qm_low
Amygdala,154,Amygdala_unit154,3,52,0.1165,10.965,,0.1165,0.4286,52,False,isi>0.02;n_spikes<100;fr<0.2;presence<0.8;firing_rate_qm_low;num_spikes_qm_low
Amygdala,155,Amygdala_unit155,13,15,0.0336,32.5929,,0.0336,0.1429,15,False,isi>0.02;n_spikes<100;fr<0.2;presence<0.8;firing_rate_qm_low;num_spikes_qm_low
Amygdala,156,Amygdala_unit156,5,43,0.0963,20.7543,,0.0963,0.1429,43,False,isi>0.02;n_spikes<100;fr<0.2;presence<0.8;firing_rate_qm_low;num_spikes_qm_low
Amygdala,157,Amygdala_unit157,4,42,0.0941,19.1009,,0.0941,0.2857,42,False,isi>0.02;n_spikes<100;fr<0.2;presence<0.8;firing_rate_qm_low;num_spikes_qm_low
Amygdala,158,Amygdala_unit158,3,70,0.1568,10.1409,,0.1568,0.2857,70,False,isi>0.02;n_spikes<100;fr<0.2;presence<0.8;firing_rate_qm_low;num_spikes_qm_low
Amygdala,159,Amygdala_unit159,4,134,0.3002,16.9033,,0.3002,0.4286,134,False,isi>0.02;presence<0.8
Amygdala,160,Amygdala_unit160,15,20,0.0448,26.3028,,0.0448,0.1429,20,False,isi>0.02;n_spikes<100;fr<0.2;presence<0.8;firing_rate_qm_low;num_spikes_qm_low
Amygdala,161,Amygdala_unit161,15,22,0.0493,18.5107,,0.0493,0.1429,22,False,isi>0.02;n_spikes<100;fr<0.2;presence<0.8;firing_rate_qm_low;num_spikes_qm_low
Amygdala,162,Amygdala_unit162,6,76,0.1703,20.8446,,0.1703,0.1429,76,False,isi>0.02;n_spikes<100;fr<0.2;presence<0.8;firing_rate_qm_low;num_spikes_qm_low
Amygdala,163,Amygdala_unit163,3,208,0.466,5.6767,,0.466,0.4286,208,False,isi>0.02;presence<0.8
Amygdala,164,Amygdala_unit164,3,51,0.1143,10.3601,,0.1143,0.2857,51,False,isi>0.02;n_spikes<100;fr<0.2;presence<0.8;firing_rate_qm_low;num_spikes_qm_low
Amygdala,165,Amygdala_unit165,3,10,0.0224,6.1706,,0.0224,0.1429,10,False,isi>0.02;n_spikes<100;fr<0.2;presence<0.8;firing_rate_qm_low;num_spikes_qm_low
Amygdala,166,Amygdala_unit166,5,21,0.047,37.3415,,0.047,0.1429,21,False,isi>0.02;n_spikes<100;fr<0.2;presence<0.8;firing_rate_qm_low;num_spikes_qm_low
Amygdala,167,Amygdala_unit167,3,19,0.0426,16.675,,0.0426,0.1429,19,False,isi>0.02;n_spikes<100;fr<0.2;presence<0.8;firing_rate_qm_low;num_spikes_qm_low
Amygdala,168,Amygdala_unit168,3,25,0.056,12.4965,,0.056,0.1429,25,False,isi>0.02;n_spikes<100;fr<0.2;presence<0.8;firing_rate_qm_low;num_spikes_qm_low
Amygdala,169,Amygdala_unit169,3,13,0.0291,12.5964,,0.0291,0.1429,13,False,isi>0.02;n_spikes<100;fr<0.2;presence<0.8;firing_rate_qm_low;num_spikes_qm_low
Amygdala,170,Amygdala_unit170,4,64,0.1434,7.7075,,0.1434,0.5714,64,False,isi>0.02;n_spikes<100;fr<0.2;presence<0.8;firing_rate_qm_low;num_spikes_qm_low
Amygdala,171,Amygdala_unit171,3,31,0.0694,4.9997,,0.0694,0.1429,31,False,snr<5.0;isi>0.02;n_spikes<100;fr<0.2;presence<0.8;firing_rate_qm_low;num_spikes_qm_low
Amygdala,172,Amygdala_unit172,6,38,0.0851,14.3247,,0.0851,0.1429,38,False,isi>0.02;n_spikes<100;fr<0.2;presence<0.8;firing_rate_qm_low;num_spikes_qm_low
Amygdala,173,Amygdala_unit173,5,40,0.0896,7.0567,,0.0896,0.2857,40,False,isi>0.02;n_spikes<100;fr<0.2;presence<0.8;firing_rate_qm_low;num_spikes_qm_low
Amygdala,174,Amygdala_unit174,13,30,0.0672,6.4408,,0.0672,0.1429,30,False,isi>0.02;n_spikes<100;fr<0.2;presence<0.8;firing_rate_qm_low;num_spikes_qm_low
Amygdala,175,Amygdala_unit175,5,35,0.0784,23.9379,,0.0784,0.4286,35,False,isi>0.02;n_spikes<100;fr<0.2;presence<0.8;firing_rate_qm_low;num_spikes_qm_low
Amygdala,176,Amygdala_unit176,5,22,0.0493,24.5767,,0.0493,0.1429,22,False,isi>0.02;n_spikes<100;fr<0.2;presence<0.8;firing_rate_qm_low;num_spikes_qm_low
Amygdala,177,Amygdala_unit177,3,63,0.1411,6.4591,,0.1411,0.4286,63,False,isi>0.02;n_spikes<100;fr<0.2;presence<0.8;firing_rate_qm_low;num_spikes_qm_low
Amygdala,178,Amygdala_unit178,5,19,0.0426,17.7633,,0.0426,0.1429,19,False,isi>0.02;n_spikes<100;fr<0.2;presence<0.8;firing_rate_qm_low;num_spikes_qm_low
Amygdala,179,Amygdala_unit179,5,25,0.056,12.9778,,0.056,0.1429,25,False,isi>0.02;n_spikes<100;fr<0.2;presence<0.8;firing_rate_qm_low;num_spikes_qm_low
Amygdala,180,Amygdala_unit180,15,27,0.0605,21.9404,,0.0605,0.1429,27,False,isi>0.02;n_spikes<100;fr<0.2;presence<0.8;firing_rate_qm_low;num_spikes_qm_low
Amygdala,181,Amygdala_unit181,3,15,0.0336,5.0719,,0.0336,0.1429,15,False,isi>0.02;n_spikes<100;fr<0.2;presence<0.8;firing_rate_qm_low;num_spikes_qm_low
Amygdala,182,Amygdala_unit182,3,24,0.0538,4.5086,,0.0538,0.1429,24,False,snr<5.0;isi>0.02;n_spikes<100;fr<0.2;presence<0.8;firing_rate_qm_low;num_spikes_qm_low
Amygdala,183,Amygdala_unit183,3,32,0.0717,16.4114,,0.0717,0.1429,32,False,isi>0.02;n_spikes<100;fr<0.2;presence<0.8;firing_rate_qm_low;num_spikes_qm_low
Amygdala,184,Amygdala_unit184,3,33,0.0739,15.382,,0.0739,0.1429,33,False,isi>0.02;n_spikes<100;fr<0.2;presence<0.8;firing_rate_qm_low;num_spikes_qm_low
Amygdala,185,Amygdala_unit185,3,23,0.0515,12.0748,,0.0515,0.1429,23,False,isi>0.02;n_spikes<100;fr<0.2;presence<0.8;firing_rate_qm_low;num_spikes_qm_low
Amygdala,186,Amygdala_unit186,3,41,0.0918,13.4731,,0.0918,0.1429,41,False,isi>0.02;n_spikes<100;fr<0.2;presence<0.8;firing_rate_qm_low;num_spikes_qm_low
Amygdala,187,Amygdala_unit187,3,25,0.056,16.3864,,0.056,0.1429,25,False,isi>0.02;n_spikes<100;fr<0.2;presence<0.8;firing_rate_qm_low;num_spikes_qm_low
Amygdala,188,Amygdala_unit188,15,45,0.1008,10.8284,,0.1008,0.1429,45,False,isi>0.02;n_spikes<100;fr<0.2;presence<0.8;firing_rate_qm_low;num_spikes_qm_low
Amygdala,189,Amygdala_unit189,15,53,0.1187,12.1728,,0.1187,0.1429,53,False,isi>0.02;n_spikes<100;fr<0.2;presence<0.8;firing_rate_qm_low;num_spikes_qm_low
Amygdala,190,Amygdala_unit190,15,46,0.1031,12.0814,,0.1031,0.1429,46,False,isi>0.02;n_spikes<100;fr<0.2;presence<0.8;firing_rate_qm_low;num_spikes_qm_low
Amygdala,191,Amygdala_unit191,6,65,0.1456,11.9216,,0.1456,0.7143,65,False,isi>0.02;n_spikes<100;fr<0.2;presence<0.8;firing_rate_qm_low;num_spikes_qm_low
Amygdala,192,Amygdala_unit192,6,17,0.0381,15.1161,,0.0381,0.2857,17,False,isi>0.02;n_spikes<100;fr<0.2;presence<0.8;firing_rate_qm_low;num_spikes_qm_low
Amygdala,193,Amygdala_unit193,7,19,0.0426,28.6033,,0.0426,0.1429,19,False,isi>0.02;n_spikes<100;fr<0.2;presence<0.8;firing_rate_qm_low;num_spikes_qm_low
Amygdala,194,Amygdala_unit194,3,31,0.0694,9.8108,,0.0694,0.1429,31,False,isi>0.02;n_spikes<100;fr<0.2;presence<0.8;firing_rate_qm_low;num_spikes_qm_low
Amygdala,195,Amygdala_unit195,3,31,0.0694,10.3102,,0.0694,0.1429,31,False,isi>0.02;n_spikes<100;fr<0.2;presence<0.8;firing_rate_qm_low;num_spikes_qm_low
Amygdala,196,Amygdala_unit196,7,25,0.056,17.908,,0.056,0.1429,25,False,isi>0.02;n_spikes<100;fr<0.2;presence<0.8;firing_rate_qm_low;num_spikes_qm_low
Amygdala,197,Amygdala_unit197,7,24,0.0538,18.5904,,0.0538,0.1429,24,False,isi>0.02;n_spikes<100;fr<0.2;presence<0.8;firing_rate_qm_low;num_spikes_qm_low
Amygdala,198,Amygdala_unit198,6,14,0.0314,21.7884,,0.0314,0.1429,14,False,isi>0.02;n_spikes<100;fr<0.2;presence<0.8;firing_rate_qm_low;num_spikes_qm_low
Amygdala,199,Amygdala_unit199,8,14,0.0314,15.2295,,0.0314,0.2857,14,False,isi>0.02;n_spikes<100;fr<0.2;presence<0.8;firing_rate_qm_low;num_spikes_qm_low
Amygdala,200,Amygdala_unit200,6,12,0.0269,15.1234,,0.0269,0.1429,12,False,isi>0.02;n_spikes<100;fr<0.2;presence<0.8;firing_rate_qm_low;num_spikes_qm_low
Amygdala,201,Amygdala_unit201,6,20,0.0448,16.4593,,0.0448,0.1429,20,False,isi>0.02;n_spikes<100;fr<0.2;presence<0.8;firing_rate_qm_low;num_spikes_qm_low
Amygdala,202,Amygdala_unit202,7,41,0.0918,27.7797,,0.0918,0.5714,41,False,isi>0.02;n_spikes<100;fr<0.2;presence<0.8;firing_rate_qm_low;num_spikes_qm_low
Amygdala,203,Amygdala_unit203,7,54,0.121,29.6858,,0.121,0.2857,54,False,isi>0.02;n_spikes<100;fr<0.2;presence<0.8;firing_rate_qm_low;num_spikes_qm_low
Amygdala,204,Amygdala_unit204,7,15,0.0336,33.0626,,0.0336,0.1429,15,False,isi>0.02;n_spikes<100;fr<0.2;presence<0.8;firing_rate_qm_low;num_spikes_qm_low
Amygdala,205,Amygdala_unit205,7,9,0.0202,41.2283,,0.0202,0.1429,9,False,isi>0.02;n_spikes<100;fr<0.2;presence<0.8;firing_rate_qm_low;num_spikes_qm_low
Amygdala,206,Amygdala_unit206,7,11,0.0246,19.7199,,0.0246,0.1429,11,False,isi>0.02;n_spikes<100;fr<0.2;presence<0.8;firing_rate_qm_low;num_spikes_qm_low
Amygdala,207,Amygdala_unit207,7,47,0.1053,22.4967,,0.1053,0.2857,47,False,isi>0.02;n_spikes<100;fr<0.2;presence<0.8;firing_rate_qm_low;num_spikes_qm_low
Amygdala,208,Amygdala_unit208,7,24,0.0538,18.8139,,0.0538,0.1429,24,False,isi>0.02;n_spikes<100;fr<0.2;presence<0.8;firing_rate_qm_low;num_spikes_qm_low
Amygdala,209,Amygdala_unit209,7,22,0.0493,20.02,,0.0493,0.1429,22,False,isi>0.02;n_spikes<100;fr<0.2;presence<0.8;firing_rate_qm_low;num_spikes_qm_low
Amygdala,210,Amygdala_unit210,7,31,0.0694,23.9204,,0.0694,0.1429,31,False,isi>0.02;n_spikes<100;fr<0.2;presence<0.8;firing_rate_qm_low;num_spikes_qm_low
Amygdala,211,Amygdala_unit211,7,41,0.0918,20.5083,,0.0918,0.1429,41,False,isi>0.02;n_spikes<100;fr<0.2;presence<0.8;firing_rate_qm_low;num_spikes_qm_low
Amygdala,212,Amygdala_unit212,7,34,0.0762,20.1376,,0.0762,0.1429,34,False,isi>0.02;n_spikes<100;fr<0.2;presence<0.8;firing_rate_qm_low;num_spikes_qm_low
Amygdala,213,Amygdala_unit213,8,48,0.1075,13.3742,,0.1075,0.7143,48,False,isi>0.02;n_spikes<100;fr<0.2;presence<0.8;firing_rate_qm_low;num_spikes_qm_low
Amygdala,214,Amygdala_unit214,8,34,0.0762,24.8931,,0.0762,0.1429,34,False,isi>0.02;n_spikes<100;fr<0.2;presence<0.8;firing_rate_qm_low;num_spikes_qm_low
Amygdala,215,Amygdala_unit215,13,35,0.0784,23.4302,,0.0784,0.4286,35,False,isi>0.02;n_spikes<100;fr<0.2;presence<0.8;firing_rate_qm_low;num_spikes_qm_low
Amygdala,216,Amygdala_unit216,8,14,0.0314,14.218,,0.0314,0.1429,14,False,isi>0.02;n_spikes<100;fr<0.2;presence<0.8;firing_rate_qm_low;num_spikes_qm_low
Amygdala,217,Amygdala_unit217,8,23,0.0515,22.9222,,0.0515,0.1429,23,False,isi>0.02;n_spikes<100;fr<0.2;presence<0.8;firing_rate_qm_low;num_spikes_qm_low
Amygdala,218,Amygdala_unit218,8,25,0.056,12.0911,,0.056,0.4286,25,False,isi>0.02;n_spikes<100;fr<0.2;presence<0.8;firing_rate_qm_low;num_spikes_qm_low
Amygdala,219,Amygdala_unit219,8,25,0.056,16.056,,0.056,0.2857,25,False,isi>0.02;n_spikes<100;fr<0.2;presence<0.8;firing_rate_qm_low;num_spikes_qm_low
Amygdala,220,Amygdala_unit220,13,67,0.1501,25.1052,,0.1501,0.1429,67,False,isi>0.02;n_spikes<100;fr<0.2;presence<0.8;firing_rate_qm_low;num_spikes_qm_low
Amygdala,221,Amygdala_unit221,13,20,0.0448,13.2954,,0.0448,0.1429,20,False,isi>0.02;n_spikes<100;fr<0.2;presence<0.8;firing_rate_qm_low;num_spikes_qm_low
Amygdala,222,Amygdala_unit222,8,37,0.0829,20.1942,,0.0829,0.1429,37,False,isi>0.02;n_spikes<100;fr<0.2;presence<0.8;firing_rate_qm_low;num_spikes_qm_low
Amygdala,223,Amygdala_unit223,8,49,0.1098,13.6979,,0.1098,0.1429,49,False,isi>0.02;n_spikes<100;fr<0.2;presence<0.8;firing_rate_qm_low;num_spikes_qm_low
Amygdala,224,Amygdala_unit224,8,21,0.047,15.9404,,0.047,0.1429,21,False,isi>0.02;n_spikes<100;fr<0.2;presence<0.8;firing_rate_qm_low;num_spikes_qm_low
Amygdala,225,Amygdala_unit225,4,28,0.0627,12.0014,,0.0627,0.1429,28,False,isi>0.02;n_spikes<100;fr<0.2;presence<0.8;firing_rate_qm_low;num_spikes_qm_low
Amygdala,226,Amygdala_unit226,8,21,0.047,14.3914,,0.047,0.1429,21,False,isi>0.02;n_spikes<100;fr<0.2;presence<0.8;firing_rate_qm_low;num_spikes_qm_low
Amygdala,227,Amygdala_unit227,3,51,0.1143,6.4647,,0.1143,0.4286,51,False,isi>0.02;n_spikes<100;fr<0.2;presence<0.8;firing_rate_qm_low;num_spikes_qm_low
Amygdala,228,Amygdala_unit228,11,44,0.0986,19.3099,,0.0986,0.4286,44,False,isi>0.02;n_spikes<100;fr<0.2;presence<0.8;firing_rate_qm_low;num_spikes_qm_low
Amygdala,229,Amygdala_unit229,3,47,0.1053,7.1139,,0.1053,0.5714,47,False,isi>0.02;n_spikes<100;fr<0.2;presence<0.8;firing_rate_qm_low;num_spikes_qm_low
Amygdala,230,Amygdala_unit230,3,35,0.0784,8.0573,,0.0784,0.1429,35,False,isi>0.02;n_spikes<100;fr<0.2;presence<0.8;firing_rate_qm_low;num_spikes_qm_low
Amygdala,231,Amygdala_unit231,11,25,0.056,22.1597,,0.056,0.2857,25,False,isi>0.02;n_spikes<100;fr<0.2;presence<0.8;firing_rate_qm_low;num_spikes_qm_low
Amygdala,232,Amygdala_unit232,11,56,0.1255,16.4842,,0.1255,0.5714,56,False,isi>0.02;n_spikes<100;fr<0.2;presence<0.8;firing_rate_qm_low;num_spikes_qm_low
Amygdala,233,Amygdala_unit233,11,400,0.8961,12.1342,,0.8961,0.7143,400,False,isi>0.02;presence<0.8
Amygdala,234,Amygdala_unit234,11,10,0.0224,19.3942,,0.0224,0.1429,10,False,isi>0.02;n_spikes<100;fr<0.2;presence<0.8;firing_rate_qm_low;num_spikes_qm_low
Amygdala,235,Amygdala_unit235,11,55,0.1232,12.6403,,0.1232,0.5714,55,False,isi>0.02;n_spikes<100;fr<0.2;presence<0.8;firing_rate_qm_low;num_spikes_qm_low
Amygdala,236,Amygdala_unit236,11,41,0.0918,14.2188,,0.0918,0.1429,41,False,isi>0.02;n_spikes<100;fr<0.2;presence<0.8;firing_rate_qm_low;num_spikes_qm_low
Amygdala,237,Amygdala_unit237,11,34,0.0762,21.3764,,0.0762,0.2857,34,False,isi>0.02;n_spikes<100;fr<0.2;presence<0.8;firing_rate_qm_low;num_spikes_qm_low
Amygdala,238,Amygdala_unit238,3,20,0.0448,9.5111,,0.0448,0.1429,20,False,isi>0.02;n_spikes<100;fr<0.2;presence<0.8;firing_rate_qm_low;num_spikes_qm_low
Amygdala,239,Amygdala_unit239,6,31,0.0694,17.7299,,0.0694,0.1429,31,False,isi>0.02;n_spikes<100;fr<0.2;presence<0.8;firing_rate_qm_low;num_spikes_qm_low
Amygdala,240,Amygdala_unit240,11,94,0.2106,12.0739,,0.2106,0.1429,94,False,isi>0.02;n_spikes<100;presence<0.8;num_spikes_qm_low
Amygdala,241,Amygdala_unit241,11,26,0.0582,17.9482,,0.0582,0.1429,26,False,isi>0.02;n_spikes<100;fr<0.2;presence<0.8;firing_rate_qm_low;num_spikes_qm_low
Amygdala,242,Amygdala_unit242,15,79,0.177,12.5478,,0.177,0.5714,79,False,isi>0.02;n_spikes<100;fr<0.2;presence<0.8;firing_rate_qm_low;num_spikes_qm_low
Amygdala,243,Amygdala_unit243,12,62,0.1389,13.1971,,0.1389,0.2857,62,False,isi>0.02;n_spikes<100;fr<0.2;presence<0.8;firing_rate_qm_low;num_spikes_qm_low
Amygdala,244,Amygdala_unit244,12,64,0.1434,17.1428,,0.1434,0.1429,64,False,isi>0.02;n_spikes<100;fr<0.2;presence<0.8;firing_rate_qm_low;num_spikes_qm_low
Amygdala,245,Amygdala_unit245,12,12,0.0269,16.8074,,0.0269,0.2857,12,False,isi>0.02;n_spikes<100;fr<0.2;presence<0.8;firing_rate_qm_low;num_spikes_qm_low
Amygdala,246,Amygdala_unit246,12,45,0.1008,15.3803,,0.1008,0.1429,45,False,isi>0.02;n_spikes<100;fr<0.2;presence<0.8;firing_rate_qm_low;num_spikes_qm_low
Amygdala,247,Amygdala_unit247,12,20,0.0448,24.0035,,0.0448,0.1429,20,False,isi>0.02;n_spikes<100;fr<0.2;presence<0.8;firing_rate_qm_low;num_spikes_qm_low
Amygdala,248,Amygdala_unit248,12,50,0.112,9.4709,,0.112,0.2857,50,False,isi>0.02;n_spikes<100;fr<0.2;presence<0.8;firing_rate_qm_low;num_spikes_qm_low
Amygdala,249,Amygdala_unit249,7,38,0.0851,20.7083,,0.0851,0.1429,38,False,isi>0.02;n_spikes<100;fr<0.2;presence<0.8;firing_rate_qm_low;num_spikes_qm_low
Amygdala,250,Amygdala_unit250,12,18,0.0403,10.2515,,0.0403,0.1429,18,False,isi>0.02;n_spikes<100;fr<0.2;presence<0.8;firing_rate_qm_low;num_spikes_qm_low
Amygdala,251,Amygdala_unit251,12,88,0.1971,16.8988,,0.1971,0.2857,88,False,isi>0.02;n_spikes<100;fr<0.2;presence<0.8;firing_rate_qm_low;num_spikes_qm_low
Amygdala,252,Amygdala_unit252,3,25,0.056,8.4179,,0.056,0.1429,25,False,isi>0.02;n_spikes<100;fr<0.2;presence<0.8;firing_rate_qm_low;num_spikes_qm_low
Amygdala,253,Amygdala_unit253,8,24,0.0538,12.565,,0.0538,0.1429,24,False,isi>0.02;n_spikes<100;fr<0.2;presence<0.8;firing_rate_qm_low;num_spikes_qm_low
Amygdala,254,Amygdala_unit254,12,24,0.0538,16.0268,,0.0538,0.1429,24,False,isi>0.02;n_spikes<100;fr<0.2;presence<0.8;firing_rate_qm_low;num_spikes_qm_low
Amygdala,255,Amygdala_unit255,8,22,0.0493,17.6165,,0.0493,0.1429,22,False,isi>0.02;n_spikes<100;fr<0.2;presence<0.8;firing_rate_qm_low;num_spikes_qm_low
Amygdala,256,Amygdala_unit256,12,200,0.448,9.5319,,0.448,1.0,200,False,isi>0.02
Amygdala,257,Amygdala_unit257,12,59,0.1322,22.1008,,0.1322,0.1429,59,False,isi>0.02;n_spikes<100;fr<0.2;presence<0.8;firing_rate_qm_low;num_spikes_qm_low
Amygdala,258,Amygdala_unit258,12,53,0.1187,19.1126,,0.1187,0.1429,53,False,isi>0.02;n_spikes<100;fr<0.2;presence<0.8;firing_rate_qm_low;num_spikes_qm_low
Amygdala,259,Amygdala_unit259,12,99,0.2218,23.3327,,0.2218,0.1429,99,False,isi>0.02;n_spikes<100;presence<0.8;num_spikes_qm_low
Amygdala,260,Amygdala_unit260,12,25,0.056,32.1999,,0.056,0.1429,25,False,isi>0.02;n_spikes<100;fr<0.2;presence<0.8;firing_rate_qm_low;num_spikes_qm_low
Amygdala,261,Amygdala_unit261,4,16,0.0358,19.5796,,0.0358,0.1429,16,False,isi>0.02;n_spikes<100;fr<0.2;presence<0.8;firing_rate_qm_low;num_spikes_qm_low
Amygdala,262,Amygdala_unit262,12,46,0.1031,21.1434,,0.1031,0.1429,46,False,isi>0.02;n_spikes<100;fr<0.2;presence<0.8;firing_rate_qm_low;num_spikes_qm_low
Amygdala,263,Amygdala_unit263,12,61,0.1367,14.5387,,0.1367,0.1429,61,False,isi>0.02;n_spikes<100;fr<0.2;presence<0.8;firing_rate_qm_low;num_spikes_qm_low
Amygdala,264,Amygdala_unit264,12,14,0.0314,33.5415,,0.0314,0.1429,14,False,isi>0.02;n_spikes<100;fr<0.2;presence<0.8;firing_rate_qm_low;num_spikes_qm_low
Amygdala,265,Amygdala_unit265,12,14,0.0314,32.7853,,0.0314,0.1429,14,False,isi>0.02;n_spikes<100;fr<0.2;presence<0.8;firing_rate_qm_low;num_spikes_qm_low
Amygdala,266,Amygdala_unit266,12,49,0.1098,12.1725,,0.1098,0.5714,49,False,isi>0.02;n_spikes<100;fr<0.2;presence<0.8;firing_rate_qm_low;num_spikes_qm_low
Amygdala,267,Amygdala_unit267,7,12,0.0269,37.5867,,0.0269,0.1429,12,False,isi>0.02;n_spikes<100;fr<0.2;presence<0.8;firing_rate_qm_low;num_spikes_qm_low
Amygdala,268,Amygdala_unit268,12,62,0.1389,11.2273,,0.1389,0.1429,62,False,isi>0.02;n_spikes<100;fr<0.2;presence<0.8;firing_rate_qm_low;num_spikes_qm_low
Amygdala,269,Amygdala_unit269,12,31,0.0694,16.6976,,0.0694,0.1429,31,False,isi>0.02;n_spikes<100;fr<0.2;presence<0.8;firing_rate_qm_low;num_spikes_qm_low
Amygdala,270,Amygdala_unit270,12,19,0.0426,11.4895,,0.0426,0.1429,19,False,isi>0.02;n_spikes<100;fr<0.2;presence<0.8;firing_rate_qm_low;num_spikes_qm_low
Amygdala,271,Amygdala_unit271,12,29,0.065,10.16,,0.065,0.1429,29,False,isi>0.02;n_spikes<100;fr<0.2;presence<0.8;firing_rate_qm_low;num_spikes_qm_low
Amygdala,272,Amygdala_unit272,12,20,0.0448,10.2271,,0.0448,0.1429,20,False,isi>0.02;n_spikes<100;fr<0.2;presence<0.8;firing_rate_qm_low;num_spikes_qm_low
Amygdala,273,Amygdala_unit273,13,40,0.0896,23.2258,,0.0896,0.1429,40,False,isi>0.02;n_spikes<100;fr<0.2;presence<0.8;firing_rate_qm_low;num_spikes_qm_low
Amygdala,274,Amygdala_unit274,13,33,0.0739,9.6313,,0.0739,0.1429,33,False,isi>0.02;n_spikes<100;fr<0.2;presence<0.8;firing_rate_qm_low;num_spikes_qm_low
Amygdala,275,Amygdala_unit275,13,20,0.0448,13.0162,,0.0448,0.1429,20,False,isi>0.02;n_spikes<100;fr<0.2;presence<0.8;firing_rate_qm_low;num_spikes_qm_low
Amygdala,276,Amygdala_unit276,8,16,0.0358,14.3394,,0.0358,0.1429,16,False,isi>0.02;n_spikes<100;fr<0.2;presence<0.8;firing_rate_qm_low;num_spikes_qm_low
Amygdala,277,Amygdala_unit277,12,48,0.1075,26.632,,0.1075,0.1429,48,False,isi>0.02;n_spikes<100;fr<0.2;presence<0.8;firing_rate_qm_low;num_spikes_qm_low
Amygdala,278,Amygdala_unit278,12,110,0.2464,27.4431,,0.2464,0.1429,110,False,isi>0.02;presence<0.8
Amygdala,279,Amygdala_unit279,12,56,0.1255,12.3433,,0.1255,0.4286,56,False,isi>0.02;n_spikes<100;fr<0.2;presence<0.8;firing_rate_qm_low;num_spikes_qm_low
Amygdala,280,Amygdala_unit280,12,19,0.0426,13.4898,,0.0426,0.1429,19,False,isi>0.02;n_spikes<100;fr<0.2;presence<0.8;firing_rate_qm_low;num_spikes_qm_low
Amygdala,281,Amygdala_unit281,12,51,0.1143,35.1393,,0.1143,0.1429,51,False,isi>0.02;n_spikes<100;fr<0.2;presence<0.8;firing_rate_qm_low;num_spikes_qm_low
Amygdala,282,Amygdala_unit282,8,22,0.0493,16.8305,,0.0493,0.1429,22,False,isi>0.02;n_spikes<100;fr<0.2;presence<0.8;firing_rate_qm_low;num_spikes_qm_low
Amygdala,283,Amygdala_unit283,12,81,0.1815,13.2703,,0.1815,0.4286,81,False,isi>0.02;n_spikes<100;fr<0.2;presence<0.8;firing_rate_qm_low;num_spikes_qm_low
Amygdala,284,Amygdala_unit284,15,23,0.0515,10.5083,,0.0515,0.1429,23,False,isi>0.02;n_spikes<100;fr<0.2;presence<0.8;firing_rate_qm_low;num_spikes_qm_low
Amygdala,285,Amygdala_unit285,3,21,0.047,7.1971,,0.047,0.1429,21,False,isi>0.02;n_spikes<100;fr<0.2;presence<0.8;firing_rate_qm_low;num_spikes_qm_low
Amygdala,286,Amygdala_unit286,12,46,0.1031,32.206,,0.1031,0.1429,46,False,isi>0.02;n_spikes<100;fr<0.2;presence<0.8;firing_rate_qm_low;num_spikes_qm_low
Amygdala,287,Amygdala_unit287,12,52,0.1165,35.0661,,0.1165,0.1429,52,False,isi>0.02;n_spikes<100;fr<0.2;presence<0.8;firing_rate_qm_low;num_spikes_qm_low
Amygdala,288,Amygdala_unit288,12,23,0.0515,24.0767,,0.0515,0.1429,23,False,isi>0.02;n_spikes<100;fr<0.2;presence<0.8;firing_rate_qm_low;num_spikes_qm_low
Amygdala,289,Amygdala_unit289,12,27,0.0605,16.2097,,0.0605,0.1429,27,False,isi>0.02;n_spikes<100;fr<0.2;presence<0.8;firing_rate_qm_low;num_spikes_qm_low
Amygdala,290,Amygdala_unit290,12,101,0.2263,18.5759,,0.2263,0.1429,101,False,isi>0.02;presence<0.8
Amygdala,291,Amygdala_unit291,13,12,0.0269,16.1618,,0.0269,0.1429,12,False,isi>0.02;n_spikes<100;fr<0.2;presence<0.8;firing_rate_qm_low;num_spikes_qm_low
Amygdala,292,Amygdala_unit292,12,24,0.0538,11.9347,,0.0538,0.2857,24,False,isi>0.02;n_spikes<100;fr<0.2;presence<0.8;firing_rate_qm_low;num_spikes_qm_low
Amygdala,293,Amygdala_unit293,8,23,0.0515,15.5127,,0.0515,0.1429,23,False,isi>0.02;n_spikes<100;fr<0.2;presence<0.8;firing_rate_qm_low;num_spikes_qm_low
Amygdala,294,Amygdala_unit294,12,38,0.0851,15.6182,,0.0851,0.1429,38,False,isi>0.02;n_spikes<100;fr<0.2;presence<0.8;firing_rate_qm_low;num_spikes_qm_low
Amygdala,295,Amygdala_unit295,12,10,0.0224,19.8017,,0.0224,0.1429,10,False,isi>0.02;n_spikes<100;fr<0.2;presence<0.8;firing_rate_qm_low;num_spikes_qm_low
Amygdala,296,Amygdala_unit296,7,19,0.0426,12.6485,,0.0426,0.1429,19,False,isi>0.02;n_spikes<100;fr<0.2;presence<0.8;firing_rate_qm_low;num_spikes_qm_low
Amygdala,297,Amygdala_unit297,13,19,0.0426,19.2327,,0.0426,0.1429,19,False,isi>0.02;n_spikes<100;fr<0.2;presence<0.8;firing_rate_qm_low;num_spikes_qm_low
Amygdala,298,Amygdala_unit298,12,25,0.056,14.8559,,0.056,0.1429,25,False,isi>0.02;n_spikes<100;fr<0.2;presence<0.8;firing_rate_qm_low;num_spikes_qm_low
Amygdala,299,Amygdala_unit299,12,49,0.1098,14.6973,,0.1098,0.1429,49,False,isi>0.02;n_spikes<100;fr<0.2;presence<0.8;firing_rate_qm_low;num_spikes_qm_low
Amygdala,300,Amygdala_unit300,7,29,0.065,31.1801,,0.065,0.1429,29,False,isi>0.02;n_spikes<100;fr<0.2;presence<0.8;firing_rate_qm_low;num_spikes_qm_low
Amygdala,301,Amygdala_unit301,8,59,0.1322,15.0619,,0.1322,0.2857,59,False,isi>0.02;n_spikes<100;fr<0.2;presence<0.8;firing_rate_qm_low;num_spikes_qm_low
Amygdala,302,Amygdala_unit302,13,37,0.0829,29.7414,,0.0829,0.1429,37,False,isi>0.02;n_spikes<100;fr<0.2;presence<0.8;firing_rate_qm_low;num_spikes_qm_low
Amygdala,303,Amygdala_unit303,13,125,0.28,13.0411,,0.28,0.7143,125,False,isi>0.02;presence<0.8
Amygdala,304,Amygdala_unit304,13,22,0.0493,41.0377,,0.0493,0.2857,22,False,isi>0.02;n_spikes<100;fr<0.2;presence<0.8;firing_rate_qm_low;num_spikes_qm_low
Amygdala,305,Amygdala_unit305,13,14,0.0314,28.2358,,0.0314,0.1429,14,False,isi>0.02;n_spikes<100;fr<0.2;presence<0.8;firing_rate_qm_low;num_spikes_qm_low
Amygdala,306,Amygdala_unit306,13,28,0.0627,23.0762,,0.0627,0.4286,28,False,isi>0.02;n_spikes<100;fr<0.2;presence<0.8;firing_rate_qm_low;num_spikes_qm_low
Amygdala,307,Amygdala_unit307,13,34,0.0762,39.3627,,0.0762,0.1429,34,False,isi>0.02;n_spikes<100;fr<0.2;presence<0.8;firing_rate_qm_low;num_spikes_qm_low
Amygdala,308,Amygdala_unit308,14,40,0.0896,10.6929,,0.0896,0.7143,40,False,isi>0.02;n_spikes<100;fr<0.2;presence<0.8;firing_rate_qm_low;num_spikes_qm_low
Amygdala,309,Amygdala_unit309,14,37,0.0829,15.144,,0.0829,0.1429,37,False,isi>0.02;n_spikes<100;fr<0.2;presence<0.8;firing_rate_qm_low;num_spikes_qm_low
Amygdala,310,Amygdala_unit310,14,49,0.1098,27.3889,,0.1098,0.1429,49,False,isi>0.02;n_spikes<100;fr<0.2;presence<0.8;firing_rate_qm_low;num_spikes_qm_low
Amygdala,311,Amygdala_unit311,8,21,0.047,11.8252,,0.047,0.1429,21,False,isi>0.02;n_spikes<100;fr<0.2;presence<0.8;firing_rate_qm_low;num_spikes_qm_low
Amygdala,312,Amygdala_unit312,7,21,0.047,19.9552,,0.047,0.1429,21,False,isi>0.02;n_spikes<100;fr<0.2;presence<0.8;firing_rate_qm_low;num_spikes_qm_low
Amygdala,313,Amygdala_unit313,15,35,0.0784,19.9192,,0.0784,0.4286,35,False,isi>0.02;n_spikes<100;fr<0.2;presence<0.8;firing_rate_qm_low;num_spikes_qm_low
Amygdala,314,Amygdala_unit314,15,88,0.1971,18.5656,,0.1971,0.5714,88,False,isi>0.02;n_spikes<100;fr<0.2;presence<0.8;firing_rate_qm_low;num_spikes_qm_low
Amygdala,315,Amygdala_unit315,15,26,0.0582,14.6239,,0.0582,0.1429,26,False,isi>0.02;n_spikes<100;fr<0.2;presence<0.8;firing_rate_qm_low;num_spikes_qm_low
Amygdala,316,Amygdala_unit316,7,24,0.0538,23.0144,,0.0538,0.1429,24,False,isi>0.02;n_spikes<100;fr<0.2;presence<0.8;firing_rate_qm_low;num_spikes_qm_low
Amygdala,317,Amygdala_unit317,15,21,0.047,18.4193,,0.047,0.2857,21,False,isi>0.02;n_spikes<100;fr<0.2;presence<0.8;firing_rate_qm_low;num_spikes_qm_low
Amygdala,318,Amygdala_unit318,15,19,0.0426,19.91,,0.0426,0.2857,19,False,isi>0.02;n_spikes<100;fr<0.2;presence<0.8;firing_rate_qm_low;num_spikes_qm_low
Amygdala,319,Amygdala_unit319,15,27,0.0605,21.2727,,0.0605,0.1429,27,False,isi>0.02;n_spikes<100;fr<0.2;presence<0.8;firing_rate_qm_low;num_spikes_qm_low
Amygdala,320,Amygdala_unit320,15,173,0.3876,14.2672,,0.3876,0.7143,173,False,isi>0.02;presence<0.8
Amygdala,321,Amygdala_unit321,15,127,0.2845,15.9957,,0.2845,0.2857,127,False,isi>0.02;presence<0.8
Amygdala,322,Amygdala_unit322,15,178,0.3988,18.3964,,0.3988,0.5714,178,False,isi>0.02;presence<0.8
Amygdala,323,Amygdala_unit323,15,144,0.3226,18.1724,,0.3226,0.2857,144,False,isi>0.02;presence<0.8
Amygdala,324,Amygdala_unit324,15,26,0.0582,14.8296,,0.0582,0.2857,26,False,isi>0.02;n_spikes<100;fr<0.2;presence<0.8;firing_rate_qm_low;num_spikes_qm_low
Amygdala,325,Amygdala_unit325,15,55,0.1232,15.4652,,0.1232,0.2857,55,False,isi>0.02;n_spikes<100;fr<0.2;presence<0.8;firing_rate_qm_low;num_spikes_qm_low
Amygdala,326,Amygdala_unit326,15,866,1.94,15.8082,,1.94,0.7143,866,False,isi>0.02;presence<0.8
Amygdala,327,Amygdala_unit327,15,115,0.2576,14.194,,0.2576,0.4286,115,False,isi>0.02;presence<0.8
Amygdala,328,Amygdala_unit328,15,37,0.0829,14.066,,0.0829,0.2857,37,False,isi>0.02;n_spikes<100;fr<0.2;presence<0.8;firing_rate_qm_low;num_spikes_qm_low
Amygdala,329,Amygdala_unit329,15,96,0.2151,19.0366,,0.2151,0.4286,96,False,isi>0.02;n_spikes<100;presence<0.8;num_spikes_qm_low
Amygdala,330,Amygdala_unit330,15,47,0.1053,17.2395,,0.1053,0.2857,47,False,isi>0.02;n_spikes<100;fr<0.2;presence<0.8;firing_rate_qm_low;num_spikes_qm_low
Amygdala,331,Amygdala_unit331,15,57,0.1277,25.7998,,0.1277,0.1429,57,False,isi>0.02;n_spikes<100;fr<0.2;presence<0.8;firing_rate_qm_low;num_spikes_qm_low
Amygdala,332,Amygdala_unit332,15,20,0.0448,20.8703,,0.0448,0.1429,20,False,isi>0.02;n_spikes<100;fr<0.2;presence<0.8;firing_rate_qm_low;num_spikes_qm_low
Amygdala,333,Amygdala_unit333,15,36,0.0806,23.6277,,0.0806,0.1429,36,False,isi>0.02;n_spikes<100;fr<0.2;presence<0.8;firing_rate_qm_low;num_spikes_qm_low
Amygdala,334,Amygdala_unit334,15,48,0.1075,28.2234,,0.1075,0.1429,48,False,isi>0.02;n_spikes<100;fr<0.2;presence<0.8;firing_rate_qm_low;num_spikes_qm_low
Amygdala,335,Amygdala_unit335,3,31,0.0694,8.6954,,0.0694,0.1429,31,False,isi>0.02;n_spikes<100;fr<0.2;presence<0.8;firing_rate_qm_low;num_spikes_qm_low
Amygdala,336,Amygdala_unit336,16,18,0.0403,7.379,,0.0403,0.5714,18,False,isi>0.02;n_spikes<100;fr<0.2;presence<0.8;firing_rate_qm_low;num_spikes_qm_low
Amygdala,337,Amygdala_unit337,8,20,0.0448,10.2243,,0.0448,0.1429,20,False,isi>0.02;n_spikes<100;fr<0.2;presence<0.8;firing_rate_qm_low;num_spikes_qm_low
Amygdala,338,Amygdala_unit338,6,46,0.1031,28.5188,,0.1031,0.1429,46,False,isi>0.02;n_spikes<100;fr<0.2;presence<0.8;firing_rate_qm_low;num_spikes_qm_low
Amygdala,339,Amygdala_unit339,3,32,0.0717,8.5761,,0.0717,0.1429,32,False,isi>0.02;n_spikes<100;fr<0.2;presence<0.8;firing_rate_qm_low;num_spikes_qm_low
Amygdala,340,Amygdala_unit340,3,26,0.0582,8.0961,,0.0582,0.1429,26,False,isi>0.02;n_spikes<100;fr<0.2;presence<0.8;firing_rate_qm_low;num_spikes_qm_low
Amygdala,341,Amygdala_unit341,3,25,0.056,10.9039,,0.056,0.1429,25,False,isi>0.02;n_spikes<100;fr<0.2;presence<0.8;firing_rate_qm_low;num_spikes_qm_low
Amygdala,342,Amygdala_unit342,6,27,0.0605,8.5818,,0.0605,0.1429,27,False,isi>0.02;n_spikes<100;fr<0.2;presence<0.8;firing_rate_qm_low;num_spikes_qm_low
